index,plan_name,graph2plan_id,source
0,plan_00000,0,train
1,plan_00001,1,train
2,plan_00002,4,train
3,plan_00003,5,train
4,plan_00004,6,train
5,plan_00005,7,train
6,plan_00006,8,train
7,plan_00007,9,train
8,plan_00008,10,train
9,plan_00009,11,train
10,plan_00010,12,train
11,plan_00011,13,train
12,plan_00012,14,train
13,plan_00013,15,train
14,plan_00014,16,train
15,plan_00015,17,train
16,plan_00016,18,train
17,plan_00017,19,train
18,plan_00018,21,train
19,plan_00019,22,train
20,plan_00020,23,train
21,plan_00021,24,train
22,plan_00022,25,train
23,plan_00023,26,train
24,plan_00024,27,train
25,plan_00025,28,train
26,plan_00026,30,train
27,plan_00027,31,train
28,plan_00028,32,train
29,plan_00029,33,train
30,plan_00030,34,train
31,plan_00031,35,train
32,plan_00032,36,train
33,plan_00033,37,train
34,plan_00034,40,train
35,plan_00035,41,train
36,plan_00036,42,train
37,plan_00037,43,train
38,plan_00038,44,train
39,plan_00039,45,train
40,plan_00040,47,train
41,plan_00041,48,train
42,plan_00042,50,train
43,plan_00043,53,train
44,plan_00044,55,train
45,plan_00045,56,train
46,plan_00046,57,train
47,plan_00047,58,train
48,plan_00048,59,train
49,plan_00049,60,train
50,plan_00050,61,train
51,plan_00051,62,train
52,plan_00052,63,train
53,plan_00053,64,train
54,plan_00054,65,train
55,plan_00055,66,train
56,plan_00056,67,train
57,plan_00057,68,train
58,plan_00058,70,train
59,plan_00059,71,train
60,plan_00060,73,train
61,plan_00061,74,train
62,plan_00062,75,train
63,plan_00063,76,train
64,plan_00064,77,train
65,plan_00065,78,train
66,plan_00066,79,train
67,plan_00067,80,train
68,plan_00068,81,train
69,plan_00069,82,train
70,plan_00070,83,train
71,plan_00071,84,train
72,plan_00072,85,train
73,plan_00073,89,train
74,plan_00074,90,train
75,plan_00075,91,train
76,plan_00076,92,train
77,plan_00077,93,train
78,plan_00078,94,train
79,plan_00079,97,train
80,plan_00080,98,train
81,plan_00081,100,train
82,plan_00082,101,train
83,plan_00083,102,train
84,plan_00084,103,train
85,plan_00085,104,train
86,plan_00086,105,train
87,plan_00087,106,train
88,plan_00088,107,train
89,plan_00089,108,train
90,plan_00090,110,train
91,plan_00091,111,train
92,plan_00092,112,train
93,plan_00093,113,train
94,plan_00094,115,train
95,plan_00095,116,train
96,plan_00096,117,train
97,plan_00097,118,train
98,plan_00098,119,train
99,plan_00099,120,train
100,plan_00100,121,train
101,plan_00101,122,train
102,plan_00102,124,train
103,plan_00103,127,train
104,plan_00104,128,train
105,plan_00105,129,train
106,plan_00106,130,train
107,plan_00107,131,train
108,plan_00108,133,train
109,plan_00109,135,train
110,plan_00110,136,train
111,plan_00111,137,train
112,plan_00112,138,train
113,plan_00113,140,train
114,plan_00114,141,train
115,plan_00115,142,train
116,plan_00116,143,train
117,plan_00117,144,train
118,plan_00118,146,train
119,plan_00119,148,train
120,plan_00120,149,train
121,plan_00121,150,train
122,plan_00122,151,train
123,plan_00123,152,train
124,plan_00124,153,train
125,plan_00125,154,train
126,plan_00126,155,train
127,plan_00127,156,train
128,plan_00128,157,train
129,plan_00129,158,train
130,plan_00130,159,train
131,plan_00131,160,train
132,plan_00132,161,train
133,plan_00133,162,train
134,plan_00134,164,train
135,plan_00135,165,train
136,plan_00136,166,train
137,plan_00137,167,train
138,plan_00138,168,train
139,plan_00139,170,train
140,plan_00140,171,train
141,plan_00141,172,train
142,plan_00142,173,train
143,plan_00143,174,train
144,plan_00144,175,train
145,plan_00145,177,train
146,plan_00146,178,train
147,plan_00147,179,train
148,plan_00148,180,train
149,plan_00149,181,train
150,plan_00150,182,train
151,plan_00151,183,train
152,plan_00152,184,train
153,plan_00153,186,train
154,plan_00154,187,train
155,plan_00155,188,train
156,plan_00156,189,train
157,plan_00157,190,train
158,plan_00158,191,train
159,plan_00159,192,train
160,plan_00160,193,train
161,plan_00161,194,train
162,plan_00162,195,train
163,plan_00163,196,train
164,plan_00164,197,train
165,plan_00165,198,train
166,plan_00166,200,train
167,plan_00167,201,train
168,plan_00168,202,train
169,plan_00169,203,train
170,plan_00170,204,train
171,plan_00171,206,train
172,plan_00172,207,train
173,plan_00173,209,train
174,plan_00174,210,train
175,plan_00175,211,train
176,plan_00176,214,train
177,plan_00177,216,train
178,plan_00178,217,train
179,plan_00179,218,train
180,plan_00180,220,train
181,plan_00181,221,train
182,plan_00182,223,train
183,plan_00183,225,train
184,plan_00184,226,train
185,plan_00185,227,train
186,plan_00186,228,train
187,plan_00187,230,train
188,plan_00188,231,train
189,plan_00189,232,train
190,plan_00190,233,train
191,plan_00191,234,train
192,plan_00192,235,train
193,plan_00193,236,train
194,plan_00194,238,train
195,plan_00195,239,train
196,plan_00196,240,train
197,plan_00197,241,train
198,plan_00198,242,train
199,plan_00199,243,train
200,plan_00200,244,train
201,plan_00201,245,train
202,plan_00202,246,train
203,plan_00203,247,train
204,plan_00204,248,train
205,plan_00205,249,train
206,plan_00206,250,train
207,plan_00207,252,train
208,plan_00208,253,train
209,plan_00209,254,train
210,plan_00210,255,train
211,plan_00211,256,train
212,plan_00212,257,train
213,plan_00213,258,train
214,plan_00214,259,train
215,plan_00215,260,train
216,plan_00216,261,train
217,plan_00217,262,train
218,plan_00218,263,train
219,plan_00219,265,train
220,plan_00220,267,train
221,plan_00221,268,train
222,plan_00222,269,train
223,plan_00223,270,train
224,plan_00224,271,train
225,plan_00225,274,train
226,plan_00226,275,train
227,plan_00227,276,train
228,plan_00228,277,train
229,plan_00229,278,train
230,plan_00230,279,train
231,plan_00231,280,train
232,plan_00232,281,train
233,plan_00233,282,train
234,plan_00234,283,train
235,plan_00235,285,train
236,plan_00236,286,train
237,plan_00237,288,train
238,plan_00238,289,train
239,plan_00239,291,train
240,plan_00240,293,train
241,plan_00241,294,train
242,plan_00242,295,train
243,plan_00243,296,train
244,plan_00244,298,train
245,plan_00245,299,train
246,plan_00246,301,train
247,plan_00247,303,train
248,plan_00248,304,train
249,plan_00249,305,train
250,plan_00250,306,train
251,plan_00251,307,train
252,plan_00252,308,train
253,plan_00253,309,train
254,plan_00254,310,train
255,plan_00255,311,train
256,plan_00256,312,train
257,plan_00257,314,train
258,plan_00258,315,train
259,plan_00259,316,train
260,plan_00260,317,train
261,plan_00261,318,train
262,plan_00262,319,train
263,plan_00263,324,train
264,plan_00264,325,train
265,plan_00265,326,train
266,plan_00266,327,train
267,plan_00267,328,train
268,plan_00268,329,train
269,plan_00269,330,train
270,plan_00270,331,train
271,plan_00271,332,train
272,plan_00272,333,train
273,plan_00273,334,train
274,plan_00274,335,train
275,plan_00275,336,train
276,plan_00276,337,train
277,plan_00277,338,train
278,plan_00278,339,train
279,plan_00279,340,train
280,plan_00280,342,train
281,plan_00281,343,train
282,plan_00282,344,train
283,plan_00283,346,train
284,plan_00284,347,train
285,plan_00285,348,train
286,plan_00286,349,train
287,plan_00287,350,train
288,plan_00288,351,train
289,plan_00289,352,train
290,plan_00290,353,train
291,plan_00291,355,train
292,plan_00292,356,train
293,plan_00293,357,train
294,plan_00294,358,train
295,plan_00295,359,train
296,plan_00296,360,train
297,plan_00297,361,train
298,plan_00298,362,train
299,plan_00299,364,train
300,plan_00300,366,train
301,plan_00301,367,train
302,plan_00302,368,train
303,plan_00303,369,train
304,plan_00304,370,train
305,plan_00305,371,train
306,plan_00306,372,train
307,plan_00307,373,train
308,plan_00308,374,train
309,plan_00309,375,train
310,plan_00310,376,train
311,plan_00311,377,train
312,plan_00312,378,train
313,plan_00313,379,train
314,plan_00314,380,train
315,plan_00315,382,train
316,plan_00316,383,train
317,plan_00317,385,train
318,plan_00318,386,train
319,plan_00319,387,train
320,plan_00320,388,train
321,plan_00321,389,train
322,plan_00322,390,train
323,plan_00323,392,train
324,plan_00324,393,train
325,plan_00325,394,train
326,plan_00326,395,train
327,plan_00327,396,train
328,plan_00328,399,train
329,plan_00329,400,train
330,plan_00330,402,train
331,plan_00331,403,train
332,plan_00332,404,train
333,plan_00333,405,train
334,plan_00334,407,train
335,plan_00335,408,train
336,plan_00336,409,train
337,plan_00337,410,train
338,plan_00338,411,train
339,plan_00339,412,train
340,plan_00340,413,train
341,plan_00341,414,train
342,plan_00342,416,train
343,plan_00343,417,train
344,plan_00344,419,train
345,plan_00345,420,train
346,plan_00346,421,train
347,plan_00347,422,train
348,plan_00348,423,train
349,plan_00349,424,train
350,plan_00350,425,train
351,plan_00351,426,train
352,plan_00352,427,train
353,plan_00353,428,train
354,plan_00354,431,train
355,plan_00355,432,train
356,plan_00356,433,train
357,plan_00357,435,train
358,plan_00358,437,train
359,plan_00359,438,train
360,plan_00360,439,train
361,plan_00361,440,train
362,plan_00362,441,train
363,plan_00363,442,train
364,plan_00364,443,train
365,plan_00365,444,train
366,plan_00366,445,train
367,plan_00367,446,train
368,plan_00368,448,train
369,plan_00369,449,train
370,plan_00370,450,train
371,plan_00371,451,train
372,plan_00372,452,train
373,plan_00373,454,train
374,plan_00374,457,train
375,plan_00375,458,train
376,plan_00376,459,train
377,plan_00377,460,train
378,plan_00378,461,train
379,plan_00379,462,train
380,plan_00380,463,train
381,plan_00381,464,train
382,plan_00382,465,train
383,plan_00383,466,train
384,plan_00384,467,train
385,plan_00385,468,train
386,plan_00386,469,train
387,plan_00387,473,train
388,plan_00388,474,train
389,plan_00389,475,train
390,plan_00390,476,train
391,plan_00391,477,train
392,plan_00392,480,train
393,plan_00393,481,train
394,plan_00394,483,train
395,plan_00395,484,train
396,plan_00396,485,train
397,plan_00397,486,train
398,plan_00398,487,train
399,plan_00399,488,train
400,plan_00400,490,train
401,plan_00401,491,train
402,plan_00402,492,train
403,plan_00403,493,train
404,plan_00404,495,train
405,plan_00405,497,train
406,plan_00406,498,train
407,plan_00407,501,train
408,plan_00408,502,train
409,plan_00409,503,train
410,plan_00410,504,train
411,plan_00411,505,train
412,plan_00412,506,train
413,plan_00413,508,train
414,plan_00414,509,train
415,plan_00415,510,train
416,plan_00416,511,train
417,plan_00417,512,train
418,plan_00418,514,train
419,plan_00419,516,train
420,plan_00420,517,train
421,plan_00421,519,train
422,plan_00422,520,train
423,plan_00423,521,train
424,plan_00424,523,train
425,plan_00425,524,train
426,plan_00426,525,train
427,plan_00427,526,train
428,plan_00428,527,train
429,plan_00429,528,train
430,plan_00430,529,train
431,plan_00431,530,train
432,plan_00432,531,train
433,plan_00433,532,train
434,plan_00434,533,train
435,plan_00435,534,train
436,plan_00436,535,train
437,plan_00437,536,train
438,plan_00438,537,train
439,plan_00439,539,train
440,plan_00440,540,train
441,plan_00441,541,train
442,plan_00442,542,train
443,plan_00443,543,train
444,plan_00444,544,train
445,plan_00445,545,train
446,plan_00446,546,train
447,plan_00447,547,train
448,plan_00448,548,train
449,plan_00449,549,train
450,plan_00450,552,train
451,plan_00451,553,train
452,plan_00452,554,train
453,plan_00453,555,train
454,plan_00454,556,train
455,plan_00455,557,train
456,plan_00456,558,train
457,plan_00457,560,train
458,plan_00458,561,train
459,plan_00459,562,train
460,plan_00460,563,train
461,plan_00461,564,train
462,plan_00462,565,train
463,plan_00463,566,train
464,plan_00464,567,train
465,plan_00465,568,train
466,plan_00466,571,train
467,plan_00467,572,train
468,plan_00468,573,train
469,plan_00469,574,train
470,plan_00470,575,train
471,plan_00471,577,train
472,plan_00472,578,train
473,plan_00473,579,train
474,plan_00474,580,train
475,plan_00475,581,train
476,plan_00476,582,train
477,plan_00477,583,train
478,plan_00478,584,train
479,plan_00479,585,train
480,plan_00480,587,train
481,plan_00481,591,train
482,plan_00482,592,train
483,plan_00483,593,train
484,plan_00484,594,train
485,plan_00485,595,train
486,plan_00486,596,train
487,plan_00487,597,train
488,plan_00488,598,train
489,plan_00489,599,train
490,plan_00490,600,train
491,plan_00491,601,train
492,plan_00492,602,train
493,plan_00493,603,train
494,plan_00494,604,train
495,plan_00495,605,train
496,plan_00496,606,train
497,plan_00497,607,train
498,plan_00498,608,train
499,plan_00499,609,train
500,plan_00500,610,train
501,plan_00501,611,train
502,plan_00502,613,train
503,plan_00503,614,train
504,plan_00504,615,train
505,plan_00505,616,train
506,plan_00506,617,train
507,plan_00507,618,train
508,plan_00508,619,train
509,plan_00509,621,train
510,plan_00510,622,train
511,plan_00511,626,train
512,plan_00512,627,train
513,plan_00513,629,train
514,plan_00514,631,train
515,plan_00515,632,train
516,plan_00516,633,train
517,plan_00517,634,train
518,plan_00518,635,train
519,plan_00519,636,train
520,plan_00520,637,train
521,plan_00521,638,train
522,plan_00522,639,train
523,plan_00523,642,train
524,plan_00524,643,train
525,plan_00525,644,train
526,plan_00526,645,train
527,plan_00527,646,train
528,plan_00528,647,train
529,plan_00529,648,train
530,plan_00530,649,train
531,plan_00531,650,train
532,plan_00532,651,train
533,plan_00533,653,train
534,plan_00534,654,train
535,plan_00535,655,train
536,plan_00536,656,train
537,plan_00537,658,train
538,plan_00538,659,train
539,plan_00539,660,train
540,plan_00540,662,train
541,plan_00541,663,train
542,plan_00542,664,train
543,plan_00543,665,train
544,plan_00544,666,train
545,plan_00545,667,train
546,plan_00546,668,train
547,plan_00547,669,train
548,plan_00548,670,train
549,plan_00549,671,train
550,plan_00550,673,train
551,plan_00551,676,train
552,plan_00552,677,train
553,plan_00553,678,train
554,plan_00554,679,train
555,plan_00555,680,train
556,plan_00556,681,train
557,plan_00557,682,train
558,plan_00558,683,train
559,plan_00559,684,train
560,plan_00560,685,train
561,plan_00561,686,train
562,plan_00562,687,train
563,plan_00563,689,train
564,plan_00564,691,train
565,plan_00565,692,train
566,plan_00566,693,train
567,plan_00567,694,train
568,plan_00568,696,train
569,plan_00569,697,train
570,plan_00570,698,train
571,plan_00571,699,train
572,plan_00572,700,train
573,plan_00573,701,train
574,plan_00574,702,train
575,plan_00575,704,train
576,plan_00576,706,train
577,plan_00577,707,train
578,plan_00578,708,train
579,plan_00579,710,train
580,plan_00580,711,train
581,plan_00581,712,train
582,plan_00582,713,train
583,plan_00583,714,train
584,plan_00584,715,train
585,plan_00585,716,train
586,plan_00586,717,train
587,plan_00587,718,train
588,plan_00588,719,train
589,plan_00589,720,train
590,plan_00590,722,train
591,plan_00591,723,train
592,plan_00592,724,train
593,plan_00593,725,train
594,plan_00594,727,train
595,plan_00595,728,train
596,plan_00596,729,train
597,plan_00597,731,train
598,plan_00598,734,train
599,plan_00599,735,train
600,plan_00600,736,train
601,plan_00601,737,train
602,plan_00602,738,train
603,plan_00603,739,train
604,plan_00604,740,train
605,plan_00605,741,train
606,plan_00606,742,train
607,plan_00607,743,train
608,plan_00608,744,train
609,plan_00609,745,train
610,plan_00610,746,train
611,plan_00611,747,train
612,plan_00612,748,train
613,plan_00613,749,train
614,plan_00614,753,train
615,plan_00615,754,train
616,plan_00616,755,train
617,plan_00617,756,train
618,plan_00618,757,train
619,plan_00619,758,train
620,plan_00620,759,train
621,plan_00621,760,train
622,plan_00622,761,train
623,plan_00623,762,train
624,plan_00624,763,train
625,plan_00625,764,train
626,plan_00626,766,train
627,plan_00627,767,train
628,plan_00628,769,train
629,plan_00629,770,train
630,plan_00630,771,train
631,plan_00631,772,train
632,plan_00632,773,train
633,plan_00633,775,train
634,plan_00634,776,train
635,plan_00635,777,train
636,plan_00636,778,train
637,plan_00637,780,train
638,plan_00638,781,train
639,plan_00639,782,train
640,plan_00640,783,train
641,plan_00641,785,train
642,plan_00642,786,train
643,plan_00643,787,train
644,plan_00644,789,train
645,plan_00645,790,train
646,plan_00646,791,train
647,plan_00647,792,train
648,plan_00648,793,train
649,plan_00649,794,train
650,plan_00650,795,train
651,plan_00651,796,train
652,plan_00652,797,train
653,plan_00653,798,train
654,plan_00654,799,train
655,plan_00655,800,train
656,plan_00656,801,train
657,plan_00657,802,train
658,plan_00658,803,train
659,plan_00659,804,train
660,plan_00660,806,train
661,plan_00661,807,train
662,plan_00662,808,train
663,plan_00663,809,train
664,plan_00664,810,train
665,plan_00665,811,train
666,plan_00666,812,train
667,plan_00667,813,train
668,plan_00668,814,train
669,plan_00669,815,train
670,plan_00670,816,train
671,plan_00671,819,train
672,plan_00672,820,train
673,plan_00673,821,train
674,plan_00674,822,train
675,plan_00675,824,train
676,plan_00676,825,train
677,plan_00677,826,train
678,plan_00678,827,train
679,plan_00679,828,train
680,plan_00680,829,train
681,plan_00681,830,train
682,plan_00682,831,train
683,plan_00683,832,train
684,plan_00684,833,train
685,plan_00685,834,train
686,plan_00686,835,train
687,plan_00687,836,train
688,plan_00688,838,train
689,plan_00689,839,train
690,plan_00690,840,train
691,plan_00691,841,train
692,plan_00692,842,train
693,plan_00693,843,train
694,plan_00694,844,train
695,plan_00695,845,train
696,plan_00696,846,train
697,plan_00697,847,train
698,plan_00698,848,train
699,plan_00699,849,train
700,plan_00700,851,train
701,plan_00701,852,train
702,plan_00702,853,train
703,plan_00703,854,train
704,plan_00704,855,train
705,plan_00705,856,train
706,plan_00706,858,train
707,plan_00707,859,train
708,plan_00708,860,train
709,plan_00709,861,train
710,plan_00710,862,train
711,plan_00711,863,train
712,plan_00712,864,train
713,plan_00713,865,train
714,plan_00714,866,train
715,plan_00715,867,train
716,plan_00716,868,train
717,plan_00717,870,train
718,plan_00718,873,train
719,plan_00719,874,train
720,plan_00720,875,train
721,plan_00721,876,train
722,plan_00722,877,train
723,plan_00723,879,train
724,plan_00724,881,train
725,plan_00725,882,train
726,plan_00726,883,train
727,plan_00727,884,train
728,plan_00728,885,train
729,plan_00729,886,train
730,plan_00730,888,train
731,plan_00731,889,train
732,plan_00732,890,train
733,plan_00733,891,train
734,plan_00734,892,train
735,plan_00735,893,train
736,plan_00736,895,train
737,plan_00737,896,train
738,plan_00738,897,train
739,plan_00739,898,train
740,plan_00740,899,train
741,plan_00741,901,train
742,plan_00742,902,train
743,plan_00743,903,train
744,plan_00744,904,train
745,plan_00745,906,train
746,plan_00746,907,train
747,plan_00747,909,train
748,plan_00748,911,train
749,plan_00749,912,train
750,plan_00750,913,train
751,plan_00751,914,train
752,plan_00752,915,train
753,plan_00753,916,train
754,plan_00754,917,train
755,plan_00755,918,train
756,plan_00756,919,train
757,plan_00757,920,train
758,plan_00758,921,train
759,plan_00759,922,train
760,plan_00760,923,train
761,plan_00761,924,train
762,plan_00762,925,train
763,plan_00763,926,train
764,plan_00764,927,train
765,plan_00765,928,train
766,plan_00766,929,train
767,plan_00767,930,train
768,plan_00768,931,train
769,plan_00769,933,train
770,plan_00770,934,train
771,plan_00771,936,train
772,plan_00772,937,train
773,plan_00773,938,train
774,plan_00774,940,train
775,plan_00775,941,train
776,plan_00776,942,train
777,plan_00777,943,train
778,plan_00778,944,train
779,plan_00779,945,train
780,plan_00780,946,train
781,plan_00781,947,train
782,plan_00782,948,train
783,plan_00783,950,train
784,plan_00784,951,train
785,plan_00785,952,train
786,plan_00786,953,train
787,plan_00787,954,train
788,plan_00788,955,train
789,plan_00789,956,train
790,plan_00790,958,train
791,plan_00791,959,train
792,plan_00792,960,train
793,plan_00793,961,train
794,plan_00794,962,train
795,plan_00795,963,train
796,plan_00796,964,train
797,plan_00797,965,train
798,plan_00798,966,train
799,plan_00799,967,train
800,plan_00800,968,train
801,plan_00801,969,train
802,plan_00802,970,train
803,plan_00803,971,train
804,plan_00804,972,train
805,plan_00805,973,train
806,plan_00806,974,train
807,plan_00807,975,train
808,plan_00808,976,train
809,plan_00809,979,train
810,plan_00810,980,train
811,plan_00811,981,train
812,plan_00812,982,train
813,plan_00813,984,train
814,plan_00814,985,train
815,plan_00815,986,train
816,plan_00816,987,train
817,plan_00817,989,train
818,plan_00818,990,train
819,plan_00819,991,train
820,plan_00820,992,train
821,plan_00821,993,train
822,plan_00822,994,train
823,plan_00823,995,train
824,plan_00824,996,train
825,plan_00825,997,train
826,plan_00826,998,train
827,plan_00827,999,train
828,plan_00828,1001,train
829,plan_00829,1002,train
830,plan_00830,1003,train
831,plan_00831,1007,train
832,plan_00832,1008,train
833,plan_00833,1009,train
834,plan_00834,1011,train
835,plan_00835,1012,train
836,plan_00836,1013,train
837,plan_00837,1014,train
838,plan_00838,1015,train
839,plan_00839,1016,train
840,plan_00840,1017,train
841,plan_00841,1018,train
842,plan_00842,1019,train
843,plan_00843,1020,train
844,plan_00844,1021,train
845,plan_00845,1023,train
846,plan_00846,1024,train
847,plan_00847,1025,train
848,plan_00848,1026,train
849,plan_00849,1027,train
850,plan_00850,1028,train
851,plan_00851,1029,train
852,plan_00852,1030,train
853,plan_00853,1031,train
854,plan_00854,1032,train
855,plan_00855,1034,train
856,plan_00856,1035,train
857,plan_00857,1036,train
858,plan_00858,1038,train
859,plan_00859,1039,train
860,plan_00860,1040,train
861,plan_00861,1041,train
862,plan_00862,1043,train
863,plan_00863,1044,train
864,plan_00864,1045,train
865,plan_00865,1046,train
866,plan_00866,1047,train
867,plan_00867,1049,train
868,plan_00868,1050,train
869,plan_00869,1051,train
870,plan_00870,1052,train
871,plan_00871,1053,train
872,plan_00872,1054,train
873,plan_00873,1056,train
874,plan_00874,1057,train
875,plan_00875,1058,train
876,plan_00876,1059,train
877,plan_00877,1060,train
878,plan_00878,1061,train
879,plan_00879,1062,train
880,plan_00880,1063,train
881,plan_00881,1064,train
882,plan_00882,1065,train
883,plan_00883,1066,train
884,plan_00884,1068,train
885,plan_00885,1069,train
886,plan_00886,1070,train
887,plan_00887,1071,train
888,plan_00888,1072,train
889,plan_00889,1073,train
890,plan_00890,1074,train
891,plan_00891,1075,train
892,plan_00892,1076,train
893,plan_00893,1077,train
894,plan_00894,1078,train
895,plan_00895,1079,train
896,plan_00896,1080,train
897,plan_00897,1081,train
898,plan_00898,1082,train
899,plan_00899,1083,train
900,plan_00900,1084,train
901,plan_00901,1085,train
902,plan_00902,1086,train
903,plan_00903,1087,train
904,plan_00904,1088,train
905,plan_00905,1089,train
906,plan_00906,1090,train
907,plan_00907,1091,train
908,plan_00908,1092,train
909,plan_00909,1093,train
910,plan_00910,1094,train
911,plan_00911,1095,train
912,plan_00912,1096,train
913,plan_00913,1097,train
914,plan_00914,1098,train
915,plan_00915,1099,train
916,plan_00916,1100,train
917,plan_00917,1101,train
918,plan_00918,1102,train
919,plan_00919,1103,train
920,plan_00920,1104,train
921,plan_00921,1106,train
922,plan_00922,1107,train
923,plan_00923,1109,train
924,plan_00924,1110,train
925,plan_00925,1111,train
926,plan_00926,1112,train
927,plan_00927,1114,train
928,plan_00928,1118,train
929,plan_00929,1120,train
930,plan_00930,1121,train
931,plan_00931,1122,train
932,plan_00932,1123,train
933,plan_00933,1124,train
934,plan_00934,1125,train
935,plan_00935,1126,train
936,plan_00936,1127,train
937,plan_00937,1128,train
938,plan_00938,1129,train
939,plan_00939,1130,train
940,plan_00940,1131,train
941,plan_00941,1132,train
942,plan_00942,1133,train
943,plan_00943,1135,train
944,plan_00944,1136,train
945,plan_00945,1137,train
946,plan_00946,1138,train
947,plan_00947,1139,train
948,plan_00948,1140,train
949,plan_00949,1143,train
950,plan_00950,1144,train
951,plan_00951,1145,train
952,plan_00952,1146,train
953,plan_00953,1147,train
954,plan_00954,1148,train
955,plan_00955,1149,train
956,plan_00956,1150,train
957,plan_00957,1151,train
958,plan_00958,1154,train
959,plan_00959,1155,train
960,plan_00960,1156,train
961,plan_00961,1157,train
962,plan_00962,1158,train
963,plan_00963,1160,train
964,plan_00964,1161,train
965,plan_00965,1162,train
966,plan_00966,1163,train
967,plan_00967,1164,train
968,plan_00968,1165,train
969,plan_00969,1166,train
970,plan_00970,1167,train
971,plan_00971,1168,train
972,plan_00972,1169,train
973,plan_00973,1170,train
974,plan_00974,1171,train
975,plan_00975,1172,train
976,plan_00976,1176,train
977,plan_00977,1177,train
978,plan_00978,1179,train
979,plan_00979,1180,train
980,plan_00980,1181,train
981,plan_00981,1182,train
982,plan_00982,1183,train
983,plan_00983,1184,train
984,plan_00984,1185,train
985,plan_00985,1186,train
986,plan_00986,1187,train
987,plan_00987,1188,train
988,plan_00988,1189,train
989,plan_00989,1190,train
990,plan_00990,1191,train
991,plan_00991,1192,train
992,plan_00992,1193,train
993,plan_00993,1195,train
994,plan_00994,1196,train
995,plan_00995,1197,train
996,plan_00996,1198,train
997,plan_00997,1199,train
998,plan_00998,1200,train
999,plan_00999,1201,train
1000,plan_01000,1202,train
1001,plan_01001,1203,train
1002,plan_01002,1204,train
1003,plan_01003,1205,train
1004,plan_01004,1206,train
1005,plan_01005,1207,train
1006,plan_01006,1209,train
1007,plan_01007,1210,train
1008,plan_01008,1212,train
1009,plan_01009,1213,train
1010,plan_01010,1214,train
1011,plan_01011,1215,train
1012,plan_01012,1217,train
1013,plan_01013,1218,train
1014,plan_01014,1219,train
1015,plan_01015,1220,train
1016,plan_01016,1221,train
1017,plan_01017,1222,train
1018,plan_01018,1223,train
1019,plan_01019,1224,train
1020,plan_01020,1225,train
1021,plan_01021,1226,train
1022,plan_01022,1227,train
1023,plan_01023,1228,train
1024,plan_01024,1229,train
1025,plan_01025,1230,train
1026,plan_01026,1232,train
1027,plan_01027,1233,train
1028,plan_01028,1234,train
1029,plan_01029,1235,train
1030,plan_01030,1236,train
1031,plan_01031,1237,train
1032,plan_01032,1238,train
1033,plan_01033,1239,train
1034,plan_01034,1240,train
1035,plan_01035,1241,train
1036,plan_01036,1242,train
1037,plan_01037,1243,train
1038,plan_01038,1244,train
1039,plan_01039,1246,train
1040,plan_01040,1248,train
1041,plan_01041,1249,train
1042,plan_01042,1251,train
1043,plan_01043,1252,train
1044,plan_01044,1253,train
1045,plan_01045,1254,train
1046,plan_01046,1255,train
1047,plan_01047,1256,train
1048,plan_01048,1257,train
1049,plan_01049,1259,train
1050,plan_01050,1260,train
1051,plan_01051,1261,train
1052,plan_01052,1262,train
1053,plan_01053,1263,train
1054,plan_01054,1264,train
1055,plan_01055,1265,train
1056,plan_01056,1267,train
1057,plan_01057,1268,train
1058,plan_01058,1269,train
1059,plan_01059,1270,train
1060,plan_01060,1272,train
1061,plan_01061,1273,train
1062,plan_01062,1274,train
1063,plan_01063,1275,train
1064,plan_01064,1276,train
1065,plan_01065,1278,train
1066,plan_01066,1279,train
1067,plan_01067,1280,train
1068,plan_01068,1281,train
1069,plan_01069,1282,train
1070,plan_01070,1283,train
1071,plan_01071,1284,train
1072,plan_01072,1285,train
1073,plan_01073,1286,train
1074,plan_01074,1289,train
1075,plan_01075,1290,train
1076,plan_01076,1291,train
1077,plan_01077,1292,train
1078,plan_01078,1295,train
1079,plan_01079,1296,train
1080,plan_01080,1297,train
1081,plan_01081,1298,train
1082,plan_01082,1299,train
1083,plan_01083,1300,train
1084,plan_01084,1301,train
1085,plan_01085,1302,train
1086,plan_01086,1303,train
1087,plan_01087,1304,train
1088,plan_01088,1305,train
1089,plan_01089,1306,train
1090,plan_01090,1307,train
1091,plan_01091,1308,train
1092,plan_01092,1309,train
1093,plan_01093,1310,train
1094,plan_01094,1311,train
1095,plan_01095,1312,train
1096,plan_01096,1313,train
1097,plan_01097,1315,train
1098,plan_01098,1316,train
1099,plan_01099,1317,train
1100,plan_01100,1318,train
1101,plan_01101,1319,train
1102,plan_01102,1320,train
1103,plan_01103,1321,train
1104,plan_01104,1322,train
1105,plan_01105,1326,train
1106,plan_01106,1327,train
1107,plan_01107,1328,train
1108,plan_01108,1329,train
1109,plan_01109,1330,train
1110,plan_01110,1331,train
1111,plan_01111,1332,train
1112,plan_01112,1333,train
1113,plan_01113,1334,train
1114,plan_01114,1335,train
1115,plan_01115,1336,train
1116,plan_01116,1337,train
1117,plan_01117,1338,train
1118,plan_01118,1340,train
1119,plan_01119,1342,train
1120,plan_01120,1343,train
1121,plan_01121,1344,train
1122,plan_01122,1345,train
1123,plan_01123,1346,train
1124,plan_01124,1347,train
1125,plan_01125,1348,train
1126,plan_01126,1349,train
1127,plan_01127,1350,train
1128,plan_01128,1351,train
1129,plan_01129,1352,train
1130,plan_01130,1353,train
1131,plan_01131,1354,train
1132,plan_01132,1355,train
1133,plan_01133,1356,train
1134,plan_01134,1357,train
1135,plan_01135,1358,train
1136,plan_01136,1360,train
1137,plan_01137,1361,train
1138,plan_01138,1362,train
1139,plan_01139,1363,train
1140,plan_01140,1365,train
1141,plan_01141,1366,train
1142,plan_01142,1367,train
1143,plan_01143,1368,train
1144,plan_01144,1369,train
1145,plan_01145,1370,train
1146,plan_01146,1371,train
1147,plan_01147,1372,train
1148,plan_01148,1373,train
1149,plan_01149,1375,train
1150,plan_01150,1376,train
1151,plan_01151,1378,train
1152,plan_01152,1379,train
1153,plan_01153,1380,train
1154,plan_01154,1381,train
1155,plan_01155,1383,train
1156,plan_01156,1384,train
1157,plan_01157,1385,train
1158,plan_01158,1386,train
1159,plan_01159,1387,train
1160,plan_01160,1388,train
1161,plan_01161,1389,train
1162,plan_01162,1391,train
1163,plan_01163,1392,train
1164,plan_01164,1393,train
1165,plan_01165,1394,train
1166,plan_01166,1395,train
1167,plan_01167,1396,train
1168,plan_01168,1398,train
1169,plan_01169,1399,train
1170,plan_01170,1400,train
1171,plan_01171,1401,train
1172,plan_01172,1402,train
1173,plan_01173,1408,train
1174,plan_01174,1410,train
1175,plan_01175,1411,train
1176,plan_01176,1412,train
1177,plan_01177,1413,train
1178,plan_01178,1414,train
1179,plan_01179,1415,train
1180,plan_01180,1416,train
1181,plan_01181,1417,train
1182,plan_01182,1418,train
1183,plan_01183,1419,train
1184,plan_01184,1420,train
1185,plan_01185,1421,train
1186,plan_01186,1423,train
1187,plan_01187,1425,train
1188,plan_01188,1426,train
1189,plan_01189,1427,train
1190,plan_01190,1428,train
1191,plan_01191,1429,train
1192,plan_01192,1430,train
1193,plan_01193,1431,train
1194,plan_01194,1432,train
1195,plan_01195,1434,train
1196,plan_01196,1435,train
1197,plan_01197,1436,train
1198,plan_01198,1437,train
1199,plan_01199,1438,train
1200,plan_01200,1442,train
1201,plan_01201,1443,train
1202,plan_01202,1444,train
1203,plan_01203,1445,train
1204,plan_01204,1446,train
1205,plan_01205,1447,train
1206,plan_01206,1449,train
1207,plan_01207,1452,train
1208,plan_01208,1453,train
1209,plan_01209,1454,train
1210,plan_01210,1456,train
1211,plan_01211,1457,train
1212,plan_01212,1458,train
1213,plan_01213,1459,train
1214,plan_01214,1460,train
1215,plan_01215,1461,train
1216,plan_01216,1462,train
1217,plan_01217,1463,train
1218,plan_01218,1464,train
1219,plan_01219,1465,train
1220,plan_01220,1466,train
1221,plan_01221,1467,train
1222,plan_01222,1468,train
1223,plan_01223,1469,train
1224,plan_01224,1470,train
1225,plan_01225,1471,train
1226,plan_01226,1472,train
1227,plan_01227,1473,train
1228,plan_01228,1474,train
1229,plan_01229,1475,train
1230,plan_01230,1476,train
1231,plan_01231,1478,train
1232,plan_01232,1479,train
1233,plan_01233,1480,train
1234,plan_01234,1482,train
1235,plan_01235,1483,train
1236,plan_01236,1485,train
1237,plan_01237,1486,train
1238,plan_01238,1487,train
1239,plan_01239,1489,train
1240,plan_01240,1490,train
1241,plan_01241,1491,train
1242,plan_01242,1492,train
1243,plan_01243,1493,train
1244,plan_01244,1494,train
1245,plan_01245,1495,train
1246,plan_01246,1496,train
1247,plan_01247,1497,train
1248,plan_01248,1498,train
1249,plan_01249,1500,train
1250,plan_01250,1502,train
1251,plan_01251,1508,train
1252,plan_01252,1509,train
1253,plan_01253,1510,train
1254,plan_01254,1511,train
1255,plan_01255,1514,train
1256,plan_01256,1515,train
1257,plan_01257,1516,train
1258,plan_01258,1517,train
1259,plan_01259,1518,train
1260,plan_01260,1520,train
1261,plan_01261,1521,train
1262,plan_01262,1525,train
1263,plan_01263,1526,train
1264,plan_01264,1527,train
1265,plan_01265,1528,train
1266,plan_01266,1529,train
1267,plan_01267,1530,train
1268,plan_01268,1531,train
1269,plan_01269,1532,train
1270,plan_01270,1534,train
1271,plan_01271,1535,train
1272,plan_01272,1536,train
1273,plan_01273,1537,train
1274,plan_01274,1538,train
1275,plan_01275,1539,train
1276,plan_01276,1540,train
1277,plan_01277,1541,train
1278,plan_01278,1542,train
1279,plan_01279,1543,train
1280,plan_01280,1545,train
1281,plan_01281,1546,train
1282,plan_01282,1547,train
1283,plan_01283,1548,train
1284,plan_01284,1549,train
1285,plan_01285,1552,train
1286,plan_01286,1553,train
1287,plan_01287,1554,train
1288,plan_01288,1555,train
1289,plan_01289,1556,train
1290,plan_01290,1557,train
1291,plan_01291,1558,train
1292,plan_01292,1559,train
1293,plan_01293,1560,train
1294,plan_01294,1561,train
1295,plan_01295,1563,train
1296,plan_01296,1564,train
1297,plan_01297,1565,train
1298,plan_01298,1566,train
1299,plan_01299,1567,train
1300,plan_01300,1568,train
1301,plan_01301,1569,train
1302,plan_01302,1570,train
1303,plan_01303,1571,train
1304,plan_01304,1572,train
1305,plan_01305,1573,train
1306,plan_01306,1574,train
1307,plan_01307,1577,train
1308,plan_01308,1580,train
1309,plan_01309,1581,train
1310,plan_01310,1582,train
1311,plan_01311,1584,train
1312,plan_01312,1585,train
1313,plan_01313,1586,train
1314,plan_01314,1587,train
1315,plan_01315,1589,train
1316,plan_01316,1590,train
1317,plan_01317,1592,train
1318,plan_01318,1594,train
1319,plan_01319,1595,train
1320,plan_01320,1596,train
1321,plan_01321,1597,train
1322,plan_01322,1598,train
1323,plan_01323,1599,train
1324,plan_01324,1601,train
1325,plan_01325,1602,train
1326,plan_01326,1603,train
1327,plan_01327,1604,train
1328,plan_01328,1605,train
1329,plan_01329,1606,train
1330,plan_01330,1607,train
1331,plan_01331,1609,train
1332,plan_01332,1610,train
1333,plan_01333,1611,train
1334,plan_01334,1612,train
1335,plan_01335,1613,train
1336,plan_01336,1614,train
1337,plan_01337,1615,train
1338,plan_01338,1617,train
1339,plan_01339,1618,train
1340,plan_01340,1619,train
1341,plan_01341,1621,train
1342,plan_01342,1622,train
1343,plan_01343,1623,train
1344,plan_01344,1624,train
1345,plan_01345,1625,train
1346,plan_01346,1626,train
1347,plan_01347,1627,train
1348,plan_01348,1628,train
1349,plan_01349,1629,train
1350,plan_01350,1630,train
1351,plan_01351,1631,train
1352,plan_01352,1632,train
1353,plan_01353,1634,train
1354,plan_01354,1635,train
1355,plan_01355,1636,train
1356,plan_01356,1637,train
1357,plan_01357,1638,train
1358,plan_01358,1639,train
1359,plan_01359,1640,train
1360,plan_01360,1641,train
1361,plan_01361,1642,train
1362,plan_01362,1644,train
1363,plan_01363,1646,train
1364,plan_01364,1647,train
1365,plan_01365,1648,train
1366,plan_01366,1649,train
1367,plan_01367,1650,train
1368,plan_01368,1651,train
1369,plan_01369,1652,train
1370,plan_01370,1654,train
1371,plan_01371,1655,train
1372,plan_01372,1656,train
1373,plan_01373,1658,train
1374,plan_01374,1659,train
1375,plan_01375,1661,train
1376,plan_01376,1662,train
1377,plan_01377,1663,train
1378,plan_01378,1664,train
1379,plan_01379,1665,train
1380,plan_01380,1666,train
1381,plan_01381,1667,train
1382,plan_01382,1668,train
1383,plan_01383,1669,train
1384,plan_01384,1670,train
1385,plan_01385,1672,train
1386,plan_01386,1673,train
1387,plan_01387,1675,train
1388,plan_01388,1676,train
1389,plan_01389,1677,train
1390,plan_01390,1678,train
1391,plan_01391,1679,train
1392,plan_01392,1680,train
1393,plan_01393,1681,train
1394,plan_01394,1682,train
1395,plan_01395,1683,train
1396,plan_01396,1684,train
1397,plan_01397,1693,train
1398,plan_01398,1694,train
1399,plan_01399,1695,train
1400,plan_01400,1696,train
1401,plan_01401,1697,train
1402,plan_01402,1698,train
1403,plan_01403,1699,train
1404,plan_01404,1700,train
1405,plan_01405,1701,train
1406,plan_01406,1702,train
1407,plan_01407,1704,train
1408,plan_01408,1705,train
1409,plan_01409,1706,train
1410,plan_01410,1707,train
1411,plan_01411,1712,train
1412,plan_01412,1713,train
1413,plan_01413,1714,train
1414,plan_01414,1715,train
1415,plan_01415,1716,train
1416,plan_01416,1717,train
1417,plan_01417,1719,train
1418,plan_01418,1720,train
1419,plan_01419,1721,train
1420,plan_01420,1723,train
1421,plan_01421,1724,train
1422,plan_01422,1725,train
1423,plan_01423,1726,train
1424,plan_01424,1727,train
1425,plan_01425,1728,train
1426,plan_01426,1729,train
1427,plan_01427,1734,train
1428,plan_01428,1735,train
1429,plan_01429,1736,train
1430,plan_01430,1737,train
1431,plan_01431,1739,train
1432,plan_01432,1740,train
1433,plan_01433,1741,train
1434,plan_01434,1742,train
1435,plan_01435,1743,train
1436,plan_01436,1744,train
1437,plan_01437,1745,train
1438,plan_01438,1746,train
1439,plan_01439,1747,train
1440,plan_01440,1749,train
1441,plan_01441,1750,train
1442,plan_01442,1751,train
1443,plan_01443,1753,train
1444,plan_01444,1754,train
1445,plan_01445,1756,train
1446,plan_01446,1757,train
1447,plan_01447,1759,train
1448,plan_01448,1760,train
1449,plan_01449,1761,train
1450,plan_01450,1762,train
1451,plan_01451,1763,train
1452,plan_01452,1764,train
1453,plan_01453,1765,train
1454,plan_01454,1766,train
1455,plan_01455,1767,train
1456,plan_01456,1768,train
1457,plan_01457,1769,train
1458,plan_01458,1770,train
1459,plan_01459,1771,train
1460,plan_01460,1772,train
1461,plan_01461,1773,train
1462,plan_01462,1774,train
1463,plan_01463,1775,train
1464,plan_01464,1776,train
1465,plan_01465,1777,train
1466,plan_01466,1778,train
1467,plan_01467,1780,train
1468,plan_01468,1781,train
1469,plan_01469,1782,train
1470,plan_01470,1783,train
1471,plan_01471,1784,train
1472,plan_01472,1785,train
1473,plan_01473,1786,train
1474,plan_01474,1787,train
1475,plan_01475,1788,train
1476,plan_01476,1789,train
1477,plan_01477,1790,train
1478,plan_01478,1791,train
1479,plan_01479,1792,train
1480,plan_01480,1793,train
1481,plan_01481,1794,train
1482,plan_01482,1795,train
1483,plan_01483,1796,train
1484,plan_01484,1798,train
1485,plan_01485,1799,train
1486,plan_01486,1801,train
1487,plan_01487,1802,train
1488,plan_01488,1804,train
1489,plan_01489,1805,train
1490,plan_01490,1806,train
1491,plan_01491,1807,train
1492,plan_01492,1808,train
1493,plan_01493,1809,train
1494,plan_01494,1811,train
1495,plan_01495,1813,train
1496,plan_01496,1815,train
1497,plan_01497,1816,train
1498,plan_01498,1817,train
1499,plan_01499,1818,train
1500,plan_01500,1819,train
1501,plan_01501,1820,train
1502,plan_01502,1822,train
1503,plan_01503,1823,train
1504,plan_01504,1824,train
1505,plan_01505,1825,train
1506,plan_01506,1826,train
1507,plan_01507,1827,train
1508,plan_01508,1828,train
1509,plan_01509,1829,train
1510,plan_01510,1830,train
1511,plan_01511,1831,train
1512,plan_01512,1832,train
1513,plan_01513,1833,train
1514,plan_01514,1834,train
1515,plan_01515,1835,train
1516,plan_01516,1836,train
1517,plan_01517,1837,train
1518,plan_01518,1838,train
1519,plan_01519,1839,train
1520,plan_01520,1840,train
1521,plan_01521,1841,train
1522,plan_01522,1842,train
1523,plan_01523,1843,train
1524,plan_01524,1844,train
1525,plan_01525,1845,train
1526,plan_01526,1846,train
1527,plan_01527,1847,train
1528,plan_01528,1849,train
1529,plan_01529,1851,train
1530,plan_01530,1852,train
1531,plan_01531,1853,train
1532,plan_01532,1855,train
1533,plan_01533,1856,train
1534,plan_01534,1857,train
1535,plan_01535,1858,train
1536,plan_01536,1859,train
1537,plan_01537,1860,train
1538,plan_01538,1861,train
1539,plan_01539,1862,train
1540,plan_01540,1863,train
1541,plan_01541,1865,train
1542,plan_01542,1866,train
1543,plan_01543,1867,train
1544,plan_01544,1868,train
1545,plan_01545,1870,train
1546,plan_01546,1871,train
1547,plan_01547,1872,train
1548,plan_01548,1873,train
1549,plan_01549,1875,train
1550,plan_01550,1876,train
1551,plan_01551,1877,train
1552,plan_01552,1878,train
1553,plan_01553,1880,train
1554,plan_01554,1881,train
1555,plan_01555,1882,train
1556,plan_01556,1883,train
1557,plan_01557,1884,train
1558,plan_01558,1885,train
1559,plan_01559,1888,train
1560,plan_01560,1892,train
1561,plan_01561,1893,train
1562,plan_01562,1894,train
1563,plan_01563,1895,train
1564,plan_01564,1896,train
1565,plan_01565,1898,train
1566,plan_01566,1899,train
1567,plan_01567,1900,train
1568,plan_01568,1901,train
1569,plan_01569,1902,train
1570,plan_01570,1903,train
1571,plan_01571,1904,train
1572,plan_01572,1906,train
1573,plan_01573,1907,train
1574,plan_01574,1908,train
1575,plan_01575,1909,train
1576,plan_01576,1910,train
1577,plan_01577,1911,train
1578,plan_01578,1912,train
1579,plan_01579,1913,train
1580,plan_01580,1915,train
1581,plan_01581,1916,train
1582,plan_01582,1917,train
1583,plan_01583,1918,train
1584,plan_01584,1919,train
1585,plan_01585,1920,train
1586,plan_01586,1921,train
1587,plan_01587,1922,train
1588,plan_01588,1923,train
1589,plan_01589,1924,train
1590,plan_01590,1925,train
1591,plan_01591,1926,train
1592,plan_01592,1927,train
1593,plan_01593,1928,train
1594,plan_01594,1929,train
1595,plan_01595,1930,train
1596,plan_01596,1931,train
1597,plan_01597,1932,train
1598,plan_01598,1933,train
1599,plan_01599,1934,train
1600,plan_01600,1935,train
1601,plan_01601,1936,train
1602,plan_01602,1937,train
1603,plan_01603,1938,train
1604,plan_01604,1940,train
1605,plan_01605,1941,train
1606,plan_01606,1942,train
1607,plan_01607,1943,train
1608,plan_01608,1944,train
1609,plan_01609,1946,train
1610,plan_01610,1947,train
1611,plan_01611,1948,train
1612,plan_01612,1949,train
1613,plan_01613,1950,train
1614,plan_01614,1951,train
1615,plan_01615,1952,train
1616,plan_01616,1953,train
1617,plan_01617,1956,train
1618,plan_01618,1957,train
1619,plan_01619,1958,train
1620,plan_01620,1959,train
1621,plan_01621,1960,train
1622,plan_01622,1962,train
1623,plan_01623,1963,train
1624,plan_01624,1964,train
1625,plan_01625,1965,train
1626,plan_01626,1966,train
1627,plan_01627,1968,train
1628,plan_01628,1969,train
1629,plan_01629,1970,train
1630,plan_01630,1972,train
1631,plan_01631,1973,train
1632,plan_01632,1974,train
1633,plan_01633,1975,train
1634,plan_01634,1976,train
1635,plan_01635,1977,train
1636,plan_01636,1978,train
1637,plan_01637,1984,train
1638,plan_01638,1985,train
1639,plan_01639,1986,train
1640,plan_01640,1988,train
1641,plan_01641,1989,train
1642,plan_01642,1990,train
1643,plan_01643,1991,train
1644,plan_01644,1992,train
1645,plan_01645,1993,train
1646,plan_01646,1994,train
1647,plan_01647,1995,train
1648,plan_01648,1996,train
1649,plan_01649,1997,train
1650,plan_01650,1998,train
1651,plan_01651,1999,train
1652,plan_01652,2000,train
1653,plan_01653,2001,train
1654,plan_01654,2002,train
1655,plan_01655,2003,train
1656,plan_01656,2004,train
1657,plan_01657,2005,train
1658,plan_01658,2006,train
1659,plan_01659,2007,train
1660,plan_01660,2008,train
1661,plan_01661,2009,train
1662,plan_01662,2010,train
1663,plan_01663,2011,train
1664,plan_01664,2012,train
1665,plan_01665,2013,train
1666,plan_01666,2015,train
1667,plan_01667,2016,train
1668,plan_01668,2017,train
1669,plan_01669,2018,train
1670,plan_01670,2020,train
1671,plan_01671,2021,train
1672,plan_01672,2022,train
1673,plan_01673,2023,train
1674,plan_01674,2024,train
1675,plan_01675,2026,train
1676,plan_01676,2027,train
1677,plan_01677,2028,train
1678,plan_01678,2029,train
1679,plan_01679,2033,train
1680,plan_01680,2034,train
1681,plan_01681,2035,train
1682,plan_01682,2036,train
1683,plan_01683,2037,train
1684,plan_01684,2038,train
1685,plan_01685,2039,train
1686,plan_01686,2040,train
1687,plan_01687,2041,train
1688,plan_01688,2043,train
1689,plan_01689,2044,train
1690,plan_01690,2045,train
1691,plan_01691,2046,train
1692,plan_01692,2047,train
1693,plan_01693,2048,train
1694,plan_01694,2050,train
1695,plan_01695,2051,train
1696,plan_01696,2052,train
1697,plan_01697,2054,train
1698,plan_01698,2055,train
1699,plan_01699,2056,train
1700,plan_01700,2057,train
1701,plan_01701,2058,train
1702,plan_01702,2059,train
1703,plan_01703,2060,train
1704,plan_01704,2061,train
1705,plan_01705,2062,train
1706,plan_01706,2063,train
1707,plan_01707,2064,train
1708,plan_01708,2065,train
1709,plan_01709,2066,train
1710,plan_01710,2067,train
1711,plan_01711,2068,train
1712,plan_01712,2069,train
1713,plan_01713,2070,train
1714,plan_01714,2071,train
1715,plan_01715,2072,train
1716,plan_01716,2074,train
1717,plan_01717,2075,train
1718,plan_01718,2076,train
1719,plan_01719,2077,train
1720,plan_01720,2078,train
1721,plan_01721,2079,train
1722,plan_01722,2081,train
1723,plan_01723,2082,train
1724,plan_01724,2083,train
1725,plan_01725,2084,train
1726,plan_01726,2085,train
1727,plan_01727,2086,train
1728,plan_01728,2087,train
1729,plan_01729,2088,train
1730,plan_01730,2089,train
1731,plan_01731,2090,train
1732,plan_01732,2091,train
1733,plan_01733,2093,train
1734,plan_01734,2094,train
1735,plan_01735,2095,train
1736,plan_01736,2096,train
1737,plan_01737,2097,train
1738,plan_01738,2098,train
1739,plan_01739,2099,train
1740,plan_01740,2100,train
1741,plan_01741,2101,train
1742,plan_01742,2102,train
1743,plan_01743,2103,train
1744,plan_01744,2105,train
1745,plan_01745,2106,train
1746,plan_01746,2107,train
1747,plan_01747,2108,train
1748,plan_01748,2110,train
1749,plan_01749,2111,train
1750,plan_01750,2113,train
1751,plan_01751,2114,train
1752,plan_01752,2115,train
1753,plan_01753,2116,train
1754,plan_01754,2117,train
1755,plan_01755,2118,train
1756,plan_01756,2120,train
1757,plan_01757,2121,train
1758,plan_01758,2122,train
1759,plan_01759,2123,train
1760,plan_01760,2124,train
1761,plan_01761,2125,train
1762,plan_01762,2126,train
1763,plan_01763,2127,train
1764,plan_01764,2128,train
1765,plan_01765,2129,train
1766,plan_01766,2130,train
1767,plan_01767,2131,train
1768,plan_01768,2132,train
1769,plan_01769,2133,train
1770,plan_01770,2134,train
1771,plan_01771,2136,train
1772,plan_01772,2138,train
1773,plan_01773,2140,train
1774,plan_01774,2141,train
1775,plan_01775,2142,train
1776,plan_01776,2143,train
1777,plan_01777,2145,train
1778,plan_01778,2147,train
1779,plan_01779,2148,train
1780,plan_01780,2149,train
1781,plan_01781,2150,train
1782,plan_01782,2151,train
1783,plan_01783,2152,train
1784,plan_01784,2153,train
1785,plan_01785,2154,train
1786,plan_01786,2155,train
1787,plan_01787,2156,train
1788,plan_01788,2157,train
1789,plan_01789,2158,train
1790,plan_01790,2159,train
1791,plan_01791,2163,train
1792,plan_01792,2164,train
1793,plan_01793,2166,train
1794,plan_01794,2167,train
1795,plan_01795,2168,train
1796,plan_01796,2169,train
1797,plan_01797,2170,train
1798,plan_01798,2171,train
1799,plan_01799,2174,train
1800,plan_01800,2175,train
1801,plan_01801,2177,train
1802,plan_01802,2178,train
1803,plan_01803,2181,train
1804,plan_01804,2182,train
1805,plan_01805,2183,train
1806,plan_01806,2184,train
1807,plan_01807,2185,train
1808,plan_01808,2187,train
1809,plan_01809,2188,train
1810,plan_01810,2190,train
1811,plan_01811,2192,train
1812,plan_01812,2193,train
1813,plan_01813,2194,train
1814,plan_01814,2196,train
1815,plan_01815,2197,train
1816,plan_01816,2198,train
1817,plan_01817,2199,train
1818,plan_01818,2200,train
1819,plan_01819,2201,train
1820,plan_01820,2202,train
1821,plan_01821,2203,train
1822,plan_01822,2204,train
1823,plan_01823,2206,train
1824,plan_01824,2207,train
1825,plan_01825,2208,train
1826,plan_01826,2210,train
1827,plan_01827,2211,train
1828,plan_01828,2212,train
1829,plan_01829,2213,train
1830,plan_01830,2214,train
1831,plan_01831,2215,train
1832,plan_01832,2216,train
1833,plan_01833,2217,train
1834,plan_01834,2218,train
1835,plan_01835,2219,train
1836,plan_01836,2220,train
1837,plan_01837,2222,train
1838,plan_01838,2224,train
1839,plan_01839,2225,train
1840,plan_01840,2229,train
1841,plan_01841,2230,train
1842,plan_01842,2231,train
1843,plan_01843,2233,train
1844,plan_01844,2234,train
1845,plan_01845,2235,train
1846,plan_01846,2236,train
1847,plan_01847,2238,train
1848,plan_01848,2239,train
1849,plan_01849,2240,train
1850,plan_01850,2241,train
1851,plan_01851,2242,train
1852,plan_01852,2243,train
1853,plan_01853,2244,train
1854,plan_01854,2245,train
1855,plan_01855,2247,train
1856,plan_01856,2248,train
1857,plan_01857,2249,train
1858,plan_01858,2250,train
1859,plan_01859,2251,train
1860,plan_01860,2254,train
1861,plan_01861,2256,train
1862,plan_01862,2257,train
1863,plan_01863,2258,train
1864,plan_01864,2259,train
1865,plan_01865,2260,train
1866,plan_01866,2261,train
1867,plan_01867,2262,train
1868,plan_01868,2263,train
1869,plan_01869,2264,train
1870,plan_01870,2266,train
1871,plan_01871,2267,train
1872,plan_01872,2268,train
1873,plan_01873,2269,train
1874,plan_01874,2270,train
1875,plan_01875,2271,train
1876,plan_01876,2272,train
1877,plan_01877,2274,train
1878,plan_01878,2275,train
1879,plan_01879,2276,train
1880,plan_01880,2277,train
1881,plan_01881,2278,train
1882,plan_01882,2280,train
1883,plan_01883,2281,train
1884,plan_01884,2282,train
1885,plan_01885,2283,train
1886,plan_01886,2284,train
1887,plan_01887,2285,train
1888,plan_01888,2286,train
1889,plan_01889,2287,train
1890,plan_01890,2288,train
1891,plan_01891,2289,train
1892,plan_01892,2290,train
1893,plan_01893,2291,train
1894,plan_01894,2292,train
1895,plan_01895,2293,train
1896,plan_01896,2294,train
1897,plan_01897,2295,train
1898,plan_01898,2296,train
1899,plan_01899,2300,train
1900,plan_01900,2301,train
1901,plan_01901,2302,train
1902,plan_01902,2303,train
1903,plan_01903,2305,train
1904,plan_01904,2306,train
1905,plan_01905,2307,train
1906,plan_01906,2308,train
1907,plan_01907,2309,train
1908,plan_01908,2310,train
1909,plan_01909,2311,train
1910,plan_01910,2312,train
1911,plan_01911,2313,train
1912,plan_01912,2314,train
1913,plan_01913,2315,train
1914,plan_01914,2316,train
1915,plan_01915,2317,train
1916,plan_01916,2319,train
1917,plan_01917,2320,train
1918,plan_01918,2321,train
1919,plan_01919,2322,train
1920,plan_01920,2324,train
1921,plan_01921,2326,train
1922,plan_01922,2327,train
1923,plan_01923,2328,train
1924,plan_01924,2329,train
1925,plan_01925,2330,train
1926,plan_01926,2331,train
1927,plan_01927,2332,train
1928,plan_01928,2333,train
1929,plan_01929,2334,train
1930,plan_01930,2335,train
1931,plan_01931,2336,train
1932,plan_01932,2337,train
1933,plan_01933,2338,train
1934,plan_01934,2339,train
1935,plan_01935,2340,train
1936,plan_01936,2341,train
1937,plan_01937,2342,train
1938,plan_01938,2343,train
1939,plan_01939,2344,train
1940,plan_01940,2345,train
1941,plan_01941,2346,train
1942,plan_01942,2348,train
1943,plan_01943,2349,train
1944,plan_01944,2350,train
1945,plan_01945,2351,train
1946,plan_01946,2353,train
1947,plan_01947,2354,train
1948,plan_01948,2355,train
1949,plan_01949,2357,train
1950,plan_01950,2358,train
1951,plan_01951,2359,train
1952,plan_01952,2360,train
1953,plan_01953,2361,train
1954,plan_01954,2362,train
1955,plan_01955,2364,train
1956,plan_01956,2365,train
1957,plan_01957,2366,train
1958,plan_01958,2367,train
1959,plan_01959,2368,train
1960,plan_01960,2369,train
1961,plan_01961,2371,train
1962,plan_01962,2373,train
1963,plan_01963,2374,train
1964,plan_01964,2375,train
1965,plan_01965,2377,train
1966,plan_01966,2378,train
1967,plan_01967,2379,train
1968,plan_01968,2381,train
1969,plan_01969,2382,train
1970,plan_01970,2383,train
1971,plan_01971,2385,train
1972,plan_01972,2388,train
1973,plan_01973,2389,train
1974,plan_01974,2391,train
1975,plan_01975,2392,train
1976,plan_01976,2393,train
1977,plan_01977,2394,train
1978,plan_01978,2396,train
1979,plan_01979,2397,train
1980,plan_01980,2398,train
1981,plan_01981,2400,train
1982,plan_01982,2401,train
1983,plan_01983,2402,train
1984,plan_01984,2404,train
1985,plan_01985,2405,train
1986,plan_01986,2406,train
1987,plan_01987,2407,train
1988,plan_01988,2408,train
1989,plan_01989,2410,train
1990,plan_01990,2411,train
1991,plan_01991,2412,train
1992,plan_01992,2413,train
1993,plan_01993,2414,train
1994,plan_01994,2415,train
1995,plan_01995,2416,train
1996,plan_01996,2417,train
1997,plan_01997,2418,train
1998,plan_01998,2419,train
1999,plan_01999,2420,train
2000,plan_02000,2421,train
2001,plan_02001,2422,train
2002,plan_02002,2423,train
2003,plan_02003,2424,train
2004,plan_02004,2425,train
2005,plan_02005,2426,train
2006,plan_02006,2427,train
2007,plan_02007,2428,train
2008,plan_02008,2429,train
2009,plan_02009,2430,train
2010,plan_02010,2431,train
2011,plan_02011,2432,train
2012,plan_02012,2433,train
2013,plan_02013,2434,train
2014,plan_02014,2435,train
2015,plan_02015,2436,train
2016,plan_02016,2437,train
2017,plan_02017,2438,train
2018,plan_02018,2439,train
2019,plan_02019,2440,train
2020,plan_02020,2441,train
2021,plan_02021,2442,train
2022,plan_02022,2443,train
2023,plan_02023,2444,train
2024,plan_02024,2446,train
2025,plan_02025,2447,train
2026,plan_02026,2448,train
2027,plan_02027,2450,train
2028,plan_02028,2451,train
2029,plan_02029,2452,train
2030,plan_02030,2453,train
2031,plan_02031,2455,train
2032,plan_02032,2457,train
2033,plan_02033,2458,train
2034,plan_02034,2459,train
2035,plan_02035,2460,train
2036,plan_02036,2461,train
2037,plan_02037,2462,train
2038,plan_02038,2463,train
2039,plan_02039,2464,train
2040,plan_02040,2465,train
2041,plan_02041,2466,train
2042,plan_02042,2467,train
2043,plan_02043,2468,train
2044,plan_02044,2469,train
2045,plan_02045,2471,train
2046,plan_02046,2472,train
2047,plan_02047,2473,train
2048,plan_02048,2474,train
2049,plan_02049,2475,train
2050,plan_02050,2476,train
2051,plan_02051,2478,train
2052,plan_02052,2480,train
2053,plan_02053,2481,train
2054,plan_02054,2482,train
2055,plan_02055,2483,train
2056,plan_02056,2484,train
2057,plan_02057,2485,train
2058,plan_02058,2486,train
2059,plan_02059,2487,train
2060,plan_02060,2488,train
2061,plan_02061,2489,train
2062,plan_02062,2491,train
2063,plan_02063,2492,train
2064,plan_02064,2493,train
2065,plan_02065,2494,train
2066,plan_02066,2495,train
2067,plan_02067,2496,train
2068,plan_02068,2498,train
2069,plan_02069,2499,train
2070,plan_02070,2500,train
2071,plan_02071,2501,train
2072,plan_02072,2502,train
2073,plan_02073,2503,train
2074,plan_02074,2504,train
2075,plan_02075,2505,train
2076,plan_02076,2507,train
2077,plan_02077,2510,train
2078,plan_02078,2511,train
2079,plan_02079,2512,train
2080,plan_02080,2513,train
2081,plan_02081,2514,train
2082,plan_02082,2515,train
2083,plan_02083,2516,train
2084,plan_02084,2517,train
2085,plan_02085,2518,train
2086,plan_02086,2520,train
2087,plan_02087,2521,train
2088,plan_02088,2522,train
2089,plan_02089,2523,train
2090,plan_02090,2524,train
2091,plan_02091,2525,train
2092,plan_02092,2526,train
2093,plan_02093,2527,train
2094,plan_02094,2528,train
2095,plan_02095,2529,train
2096,plan_02096,2530,train
2097,plan_02097,2532,train
2098,plan_02098,2533,train
2099,plan_02099,2534,train
2100,plan_02100,2535,train
2101,plan_02101,2536,train
2102,plan_02102,2547,train
2103,plan_02103,2548,train
2104,plan_02104,2549,train
2105,plan_02105,2550,train
2106,plan_02106,2551,train
2107,plan_02107,2552,train
2108,plan_02108,2553,train
2109,plan_02109,2554,train
2110,plan_02110,2555,train
2111,plan_02111,2557,train
2112,plan_02112,2558,train
2113,plan_02113,2559,train
2114,plan_02114,2560,train
2115,plan_02115,2562,train
2116,plan_02116,2564,train
2117,plan_02117,2565,train
2118,plan_02118,2566,train
2119,plan_02119,2567,train
2120,plan_02120,2568,train
2121,plan_02121,2569,train
2122,plan_02122,2570,train
2123,plan_02123,2572,train
2124,plan_02124,2573,train
2125,plan_02125,2574,train
2126,plan_02126,2575,train
2127,plan_02127,2576,train
2128,plan_02128,2577,train
2129,plan_02129,2584,train
2130,plan_02130,2585,train
2131,plan_02131,2586,train
2132,plan_02132,2588,train
2133,plan_02133,2589,train
2134,plan_02134,2590,train
2135,plan_02135,2591,train
2136,plan_02136,2593,train
2137,plan_02137,2594,train
2138,plan_02138,2595,train
2139,plan_02139,2597,train
2140,plan_02140,2599,train
2141,plan_02141,2600,train
2142,plan_02142,2602,train
2143,plan_02143,2603,train
2144,plan_02144,2604,train
2145,plan_02145,2606,train
2146,plan_02146,2607,train
2147,plan_02147,2608,train
2148,plan_02148,2609,train
2149,plan_02149,2611,train
2150,plan_02150,2612,train
2151,plan_02151,2613,train
2152,plan_02152,2614,train
2153,plan_02153,2615,train
2154,plan_02154,2616,train
2155,plan_02155,2617,train
2156,plan_02156,2619,train
2157,plan_02157,2621,train
2158,plan_02158,2622,train
2159,plan_02159,2623,train
2160,plan_02160,2624,train
2161,plan_02161,2625,train
2162,plan_02162,2626,train
2163,plan_02163,2627,train
2164,plan_02164,2628,train
2165,plan_02165,2629,train
2166,plan_02166,2630,train
2167,plan_02167,2631,train
2168,plan_02168,2632,train
2169,plan_02169,2633,train
2170,plan_02170,2635,train
2171,plan_02171,2636,train
2172,plan_02172,2637,train
2173,plan_02173,2638,train
2174,plan_02174,2639,train
2175,plan_02175,2640,train
2176,plan_02176,2641,train
2177,plan_02177,2642,train
2178,plan_02178,2643,train
2179,plan_02179,2644,train
2180,plan_02180,2645,train
2181,plan_02181,2646,train
2182,plan_02182,2647,train
2183,plan_02183,2648,train
2184,plan_02184,2650,train
2185,plan_02185,2651,train
2186,plan_02186,2652,train
2187,plan_02187,2654,train
2188,plan_02188,2658,train
2189,plan_02189,2659,train
2190,plan_02190,2660,train
2191,plan_02191,2661,train
2192,plan_02192,2662,train
2193,plan_02193,2663,train
2194,plan_02194,2664,train
2195,plan_02195,2665,train
2196,plan_02196,2667,train
2197,plan_02197,2668,train
2198,plan_02198,2669,train
2199,plan_02199,2670,train
2200,plan_02200,2671,train
2201,plan_02201,2673,train
2202,plan_02202,2674,train
2203,plan_02203,2675,train
2204,plan_02204,2676,train
2205,plan_02205,2677,train
2206,plan_02206,2678,train
2207,plan_02207,2679,train
2208,plan_02208,2680,train
2209,plan_02209,2681,train
2210,plan_02210,2683,train
2211,plan_02211,2684,train
2212,plan_02212,2685,train
2213,plan_02213,2687,train
2214,plan_02214,2688,train
2215,plan_02215,2689,train
2216,plan_02216,2690,train
2217,plan_02217,2691,train
2218,plan_02218,2692,train
2219,plan_02219,2693,train
2220,plan_02220,2694,train
2221,plan_02221,2695,train
2222,plan_02222,2696,train
2223,plan_02223,2697,train
2224,plan_02224,2700,train
2225,plan_02225,2702,train
2226,plan_02226,2703,train
2227,plan_02227,2706,train
2228,plan_02228,2708,train
2229,plan_02229,2709,train
2230,plan_02230,2710,train
2231,plan_02231,2711,train
2232,plan_02232,2712,train
2233,plan_02233,2713,train
2234,plan_02234,2715,train
2235,plan_02235,2716,train
2236,plan_02236,2717,train
2237,plan_02237,2718,train
2238,plan_02238,2719,train
2239,plan_02239,2722,train
2240,plan_02240,2723,train
2241,plan_02241,2724,train
2242,plan_02242,2725,train
2243,plan_02243,2726,train
2244,plan_02244,2728,train
2245,plan_02245,2730,train
2246,plan_02246,2731,train
2247,plan_02247,2732,train
2248,plan_02248,2733,train
2249,plan_02249,2734,train
2250,plan_02250,2735,train
2251,plan_02251,2738,train
2252,plan_02252,2739,train
2253,plan_02253,2740,train
2254,plan_02254,2741,train
2255,plan_02255,2742,train
2256,plan_02256,2743,train
2257,plan_02257,2744,train
2258,plan_02258,2745,train
2259,plan_02259,2746,train
2260,plan_02260,2748,train
2261,plan_02261,2752,train
2262,plan_02262,2753,train
2263,plan_02263,2754,train
2264,plan_02264,2755,train
2265,plan_02265,2756,train
2266,plan_02266,2757,train
2267,plan_02267,2758,train
2268,plan_02268,2759,train
2269,plan_02269,2763,train
2270,plan_02270,2764,train
2271,plan_02271,2765,train
2272,plan_02272,2766,train
2273,plan_02273,2767,train
2274,plan_02274,2769,train
2275,plan_02275,2770,train
2276,plan_02276,2771,train
2277,plan_02277,2773,train
2278,plan_02278,2774,train
2279,plan_02279,2775,train
2280,plan_02280,2777,train
2281,plan_02281,2778,train
2282,plan_02282,2779,train
2283,plan_02283,2781,train
2284,plan_02284,2782,train
2285,plan_02285,2783,train
2286,plan_02286,2784,train
2287,plan_02287,2785,train
2288,plan_02288,2786,train
2289,plan_02289,2787,train
2290,plan_02290,2788,train
2291,plan_02291,2789,train
2292,plan_02292,2791,train
2293,plan_02293,2792,train
2294,plan_02294,2793,train
2295,plan_02295,2795,train
2296,plan_02296,2796,train
2297,plan_02297,2797,train
2298,plan_02298,2801,train
2299,plan_02299,2802,train
2300,plan_02300,2803,train
2301,plan_02301,2804,train
2302,plan_02302,2805,train
2303,plan_02303,2806,train
2304,plan_02304,2807,train
2305,plan_02305,2808,train
2306,plan_02306,2810,train
2307,plan_02307,2811,train
2308,plan_02308,2814,train
2309,plan_02309,2815,train
2310,plan_02310,2816,train
2311,plan_02311,2818,train
2312,plan_02312,2819,train
2313,plan_02313,2820,train
2314,plan_02314,2821,train
2315,plan_02315,2822,train
2316,plan_02316,2823,train
2317,plan_02317,2824,train
2318,plan_02318,2825,train
2319,plan_02319,2827,train
2320,plan_02320,2830,train
2321,plan_02321,2831,train
2322,plan_02322,2832,train
2323,plan_02323,2833,train
2324,plan_02324,2834,train
2325,plan_02325,2835,train
2326,plan_02326,2836,train
2327,plan_02327,2837,train
2328,plan_02328,2838,train
2329,plan_02329,2839,train
2330,plan_02330,2840,train
2331,plan_02331,2841,train
2332,plan_02332,2843,train
2333,plan_02333,2844,train
2334,plan_02334,2845,train
2335,plan_02335,2849,train
2336,plan_02336,2850,train
2337,plan_02337,2851,train
2338,plan_02338,2853,train
2339,plan_02339,2854,train
2340,plan_02340,2855,train
2341,plan_02341,2856,train
2342,plan_02342,2857,train
2343,plan_02343,2858,train
2344,plan_02344,2859,train
2345,plan_02345,2860,train
2346,plan_02346,2861,train
2347,plan_02347,2862,train
2348,plan_02348,2863,train
2349,plan_02349,2865,train
2350,plan_02350,2866,train
2351,plan_02351,2867,train
2352,plan_02352,2868,train
2353,plan_02353,2869,train
2354,plan_02354,2870,train
2355,plan_02355,2871,train
2356,plan_02356,2875,train
2357,plan_02357,2876,train
2358,plan_02358,2877,train
2359,plan_02359,2878,train
2360,plan_02360,2879,train
2361,plan_02361,2880,train
2362,plan_02362,2881,train
2363,plan_02363,2882,train
2364,plan_02364,2883,train
2365,plan_02365,2884,train
2366,plan_02366,2885,train
2367,plan_02367,2887,train
2368,plan_02368,2888,train
2369,plan_02369,2889,train
2370,plan_02370,2890,train
2371,plan_02371,2891,train
2372,plan_02372,2893,train
2373,plan_02373,2894,train
2374,plan_02374,2895,train
2375,plan_02375,2896,train
2376,plan_02376,2898,train
2377,plan_02377,2899,train
2378,plan_02378,2901,train
2379,plan_02379,2902,train
2380,plan_02380,2904,train
2381,plan_02381,2905,train
2382,plan_02382,2906,train
2383,plan_02383,2907,train
2384,plan_02384,2908,train
2385,plan_02385,2909,train
2386,plan_02386,2911,train
2387,plan_02387,2913,train
2388,plan_02388,2916,train
2389,plan_02389,2917,train
2390,plan_02390,2919,train
2391,plan_02391,2920,train
2392,plan_02392,2921,train
2393,plan_02393,2922,train
2394,plan_02394,2923,train
2395,plan_02395,2925,train
2396,plan_02396,2926,train
2397,plan_02397,2928,train
2398,plan_02398,2930,train
2399,plan_02399,2931,train
2400,plan_02400,2932,train
2401,plan_02401,2934,train
2402,plan_02402,2935,train
2403,plan_02403,2936,train
2404,plan_02404,2937,train
2405,plan_02405,2939,train
2406,plan_02406,2940,train
2407,plan_02407,2941,train
2408,plan_02408,2942,train
2409,plan_02409,2944,train
2410,plan_02410,2946,train
2411,plan_02411,2948,train
2412,plan_02412,2949,train
2413,plan_02413,2950,train
2414,plan_02414,2951,train
2415,plan_02415,2952,train
2416,plan_02416,2953,train
2417,plan_02417,2954,train
2418,plan_02418,2955,train
2419,plan_02419,2956,train
2420,plan_02420,2957,train
2421,plan_02421,2958,train
2422,plan_02422,2959,train
2423,plan_02423,2960,train
2424,plan_02424,2961,train
2425,plan_02425,2963,train
2426,plan_02426,2964,train
2427,plan_02427,2966,train
2428,plan_02428,2967,train
2429,plan_02429,2968,train
2430,plan_02430,2969,train
2431,plan_02431,2970,train
2432,plan_02432,2972,train
2433,plan_02433,2973,train
2434,plan_02434,2975,train
2435,plan_02435,2976,train
2436,plan_02436,2977,train
2437,plan_02437,2978,train
2438,plan_02438,2979,train
2439,plan_02439,2980,train
2440,plan_02440,2981,train
2441,plan_02441,2982,train
2442,plan_02442,2983,train
2443,plan_02443,2984,train
2444,plan_02444,2986,train
2445,plan_02445,2987,train
2446,plan_02446,2988,train
2447,plan_02447,2989,train
2448,plan_02448,2990,train
2449,plan_02449,2991,train
2450,plan_02450,2992,train
2451,plan_02451,2993,train
2452,plan_02452,2994,train
2453,plan_02453,2995,train
2454,plan_02454,2996,train
2455,plan_02455,2997,train
2456,plan_02456,2999,train
2457,plan_02457,3000,train
2458,plan_02458,3001,train
2459,plan_02459,3002,train
2460,plan_02460,3003,train
2461,plan_02461,3004,train
2462,plan_02462,3005,train
2463,plan_02463,3006,train
2464,plan_02464,3008,train
2465,plan_02465,3009,train
2466,plan_02466,3010,train
2467,plan_02467,3011,train
2468,plan_02468,3012,train
2469,plan_02469,3013,train
2470,plan_02470,3014,train
2471,plan_02471,3015,train
2472,plan_02472,3016,train
2473,plan_02473,3017,train
2474,plan_02474,3018,train
2475,plan_02475,3019,train
2476,plan_02476,3020,train
2477,plan_02477,3021,train
2478,plan_02478,3022,train
2479,plan_02479,3023,train
2480,plan_02480,3024,train
2481,plan_02481,3025,train
2482,plan_02482,3026,train
2483,plan_02483,3027,train
2484,plan_02484,3028,train
2485,plan_02485,3029,train
2486,plan_02486,3030,train
2487,plan_02487,3031,train
2488,plan_02488,3033,train
2489,plan_02489,3034,train
2490,plan_02490,3035,train
2491,plan_02491,3036,train
2492,plan_02492,3037,train
2493,plan_02493,3038,train
2494,plan_02494,3039,train
2495,plan_02495,3041,train
2496,plan_02496,3043,train
2497,plan_02497,3044,train
2498,plan_02498,3045,train
2499,plan_02499,3046,train
2500,plan_02500,3047,train
2501,plan_02501,3048,train
2502,plan_02502,3049,train
2503,plan_02503,3050,train
2504,plan_02504,3051,train
2505,plan_02505,3053,train
2506,plan_02506,3054,train
2507,plan_02507,3055,train
2508,plan_02508,3056,train
2509,plan_02509,3057,train
2510,plan_02510,3058,train
2511,plan_02511,3060,train
2512,plan_02512,3061,train
2513,plan_02513,3062,train
2514,plan_02514,3063,train
2515,plan_02515,3064,train
2516,plan_02516,3065,train
2517,plan_02517,3066,train
2518,plan_02518,3067,train
2519,plan_02519,3070,train
2520,plan_02520,3071,train
2521,plan_02521,3073,train
2522,plan_02522,3075,train
2523,plan_02523,3076,train
2524,plan_02524,3077,train
2525,plan_02525,3080,train
2526,plan_02526,3081,train
2527,plan_02527,3082,train
2528,plan_02528,3083,train
2529,plan_02529,3084,train
2530,plan_02530,3085,train
2531,plan_02531,3087,train
2532,plan_02532,3088,train
2533,plan_02533,3089,train
2534,plan_02534,3090,train
2535,plan_02535,3091,train
2536,plan_02536,3092,train
2537,plan_02537,3093,train
2538,plan_02538,3094,train
2539,plan_02539,3095,train
2540,plan_02540,3096,train
2541,plan_02541,3097,train
2542,plan_02542,3098,train
2543,plan_02543,3099,train
2544,plan_02544,3100,train
2545,plan_02545,3101,train
2546,plan_02546,3102,train
2547,plan_02547,3104,train
2548,plan_02548,3107,train
2549,plan_02549,3108,train
2550,plan_02550,3109,train
2551,plan_02551,3110,train
2552,plan_02552,3111,train
2553,plan_02553,3114,train
2554,plan_02554,3115,train
2555,plan_02555,3116,train
2556,plan_02556,3117,train
2557,plan_02557,3124,train
2558,plan_02558,3125,train
2559,plan_02559,3126,train
2560,plan_02560,3127,train
2561,plan_02561,3128,train
2562,plan_02562,3129,train
2563,plan_02563,3130,train
2564,plan_02564,3131,train
2565,plan_02565,3132,train
2566,plan_02566,3133,train
2567,plan_02567,3134,train
2568,plan_02568,3135,train
2569,plan_02569,3137,train
2570,plan_02570,3138,train
2571,plan_02571,3142,train
2572,plan_02572,3144,train
2573,plan_02573,3145,train
2574,plan_02574,3146,train
2575,plan_02575,3147,train
2576,plan_02576,3148,train
2577,plan_02577,3149,train
2578,plan_02578,3151,train
2579,plan_02579,3152,train
2580,plan_02580,3153,train
2581,plan_02581,3154,train
2582,plan_02582,3155,train
2583,plan_02583,3160,train
2584,plan_02584,3161,train
2585,plan_02585,3163,train
2586,plan_02586,3166,train
2587,plan_02587,3167,train
2588,plan_02588,3168,train
2589,plan_02589,3169,train
2590,plan_02590,3170,train
2591,plan_02591,3171,train
2592,plan_02592,3172,train
2593,plan_02593,3173,train
2594,plan_02594,3174,train
2595,plan_02595,3175,train
2596,plan_02596,3178,train
2597,plan_02597,3180,train
2598,plan_02598,3185,train
2599,plan_02599,3186,train
2600,plan_02600,3187,train
2601,plan_02601,3189,train
2602,plan_02602,3190,train
2603,plan_02603,3191,train
2604,plan_02604,3193,train
2605,plan_02605,3194,train
2606,plan_02606,3195,train
2607,plan_02607,3196,train
2608,plan_02608,3197,train
2609,plan_02609,3198,train
2610,plan_02610,3202,train
2611,plan_02611,3204,train
2612,plan_02612,3205,train
2613,plan_02613,3206,train
2614,plan_02614,3207,train
2615,plan_02615,3208,train
2616,plan_02616,3209,train
2617,plan_02617,3212,train
2618,plan_02618,3213,train
2619,plan_02619,3214,train
2620,plan_02620,3215,train
2621,plan_02621,3216,train
2622,plan_02622,3217,train
2623,plan_02623,3218,train
2624,plan_02624,3219,train
2625,plan_02625,3220,train
2626,plan_02626,3221,train
2627,plan_02627,3222,train
2628,plan_02628,3223,train
2629,plan_02629,3224,train
2630,plan_02630,3225,train
2631,plan_02631,3226,train
2632,plan_02632,3227,train
2633,plan_02633,3228,train
2634,plan_02634,3229,train
2635,plan_02635,3230,train
2636,plan_02636,3231,train
2637,plan_02637,3232,train
2638,plan_02638,3233,train
2639,plan_02639,3234,train
2640,plan_02640,3235,train
2641,plan_02641,3236,train
2642,plan_02642,3237,train
2643,plan_02643,3238,train
2644,plan_02644,3240,train
2645,plan_02645,3242,train
2646,plan_02646,3243,train
2647,plan_02647,3245,train
2648,plan_02648,3246,train
2649,plan_02649,3249,train
2650,plan_02650,3250,train
2651,plan_02651,3251,train
2652,plan_02652,3252,train
2653,plan_02653,3253,train
2654,plan_02654,3256,train
2655,plan_02655,3258,train
2656,plan_02656,3259,train
2657,plan_02657,3262,train
2658,plan_02658,3263,train
2659,plan_02659,3264,train
2660,plan_02660,3265,train
2661,plan_02661,3266,train
2662,plan_02662,3267,train
2663,plan_02663,3268,train
2664,plan_02664,3269,train
2665,plan_02665,3270,train
2666,plan_02666,3271,train
2667,plan_02667,3272,train
2668,plan_02668,3273,train
2669,plan_02669,3275,train
2670,plan_02670,3276,train
2671,plan_02671,3277,train
2672,plan_02672,3278,train
2673,plan_02673,3279,train
2674,plan_02674,3280,train
2675,plan_02675,3291,train
2676,plan_02676,3293,train
2677,plan_02677,3294,train
2678,plan_02678,3295,train
2679,plan_02679,3296,train
2680,plan_02680,3297,train
2681,plan_02681,3298,train
2682,plan_02682,3299,train
2683,plan_02683,3300,train
2684,plan_02684,3301,train
2685,plan_02685,3303,train
2686,plan_02686,3304,train
2687,plan_02687,3305,train
2688,plan_02688,3306,train
2689,plan_02689,3307,train
2690,plan_02690,3308,train
2691,plan_02691,3310,train
2692,plan_02692,3311,train
2693,plan_02693,3312,train
2694,plan_02694,3313,train
2695,plan_02695,3314,train
2696,plan_02696,3315,train
2697,plan_02697,3316,train
2698,plan_02698,3317,train
2699,plan_02699,3318,train
2700,plan_02700,3324,train
2701,plan_02701,3325,train
2702,plan_02702,3326,train
2703,plan_02703,3327,train
2704,plan_02704,3328,train
2705,plan_02705,3329,train
2706,plan_02706,3330,train
2707,plan_02707,3331,train
2708,plan_02708,3332,train
2709,plan_02709,3334,train
2710,plan_02710,3335,train
2711,plan_02711,3336,train
2712,plan_02712,3337,train
2713,plan_02713,3338,train
2714,plan_02714,3339,train
2715,plan_02715,3340,train
2716,plan_02716,3343,train
2717,plan_02717,3344,train
2718,plan_02718,3345,train
2719,plan_02719,3346,train
2720,plan_02720,3348,train
2721,plan_02721,3349,train
2722,plan_02722,3350,train
2723,plan_02723,3355,train
2724,plan_02724,3356,train
2725,plan_02725,3357,train
2726,plan_02726,3358,train
2727,plan_02727,3360,train
2728,plan_02728,3361,train
2729,plan_02729,3362,train
2730,plan_02730,3363,train
2731,plan_02731,3364,train
2732,plan_02732,3365,train
2733,plan_02733,3366,train
2734,plan_02734,3367,train
2735,plan_02735,3369,train
2736,plan_02736,3370,train
2737,plan_02737,3371,train
2738,plan_02738,3372,train
2739,plan_02739,3373,train
2740,plan_02740,3375,train
2741,plan_02741,3376,train
2742,plan_02742,3377,train
2743,plan_02743,3379,train
2744,plan_02744,3380,train
2745,plan_02745,3382,train
2746,plan_02746,3383,train
2747,plan_02747,3384,train
2748,plan_02748,3386,train
2749,plan_02749,3387,train
2750,plan_02750,3389,train
2751,plan_02751,3391,train
2752,plan_02752,3393,train
2753,plan_02753,3394,train
2754,plan_02754,3395,train
2755,plan_02755,3396,train
2756,plan_02756,3397,train
2757,plan_02757,3398,train
2758,plan_02758,3399,train
2759,plan_02759,3400,train
2760,plan_02760,3401,train
2761,plan_02761,3402,train
2762,plan_02762,3403,train
2763,plan_02763,3404,train
2764,plan_02764,3405,train
2765,plan_02765,3407,train
2766,plan_02766,3408,train
2767,plan_02767,3409,train
2768,plan_02768,3410,train
2769,plan_02769,3417,train
2770,plan_02770,3419,train
2771,plan_02771,3420,train
2772,plan_02772,3421,train
2773,plan_02773,3422,train
2774,plan_02774,3423,train
2775,plan_02775,3424,train
2776,plan_02776,3425,train
2777,plan_02777,3426,train
2778,plan_02778,3427,train
2779,plan_02779,3428,train
2780,plan_02780,3429,train
2781,plan_02781,3430,train
2782,plan_02782,3431,train
2783,plan_02783,3432,train
2784,plan_02784,3433,train
2785,plan_02785,3435,train
2786,plan_02786,3436,train
2787,plan_02787,3437,train
2788,plan_02788,3439,train
2789,plan_02789,3442,train
2790,plan_02790,3444,train
2791,plan_02791,3446,train
2792,plan_02792,3447,train
2793,plan_02793,3448,train
2794,plan_02794,3449,train
2795,plan_02795,3450,train
2796,plan_02796,3451,train
2797,plan_02797,3452,train
2798,plan_02798,3453,train
2799,plan_02799,3454,train
2800,plan_02800,3455,train
2801,plan_02801,3456,train
2802,plan_02802,3457,train
2803,plan_02803,3458,train
2804,plan_02804,3459,train
2805,plan_02805,3460,train
2806,plan_02806,3461,train
2807,plan_02807,3462,train
2808,plan_02808,3464,train
2809,plan_02809,3465,train
2810,plan_02810,3466,train
2811,plan_02811,3470,train
2812,plan_02812,3471,train
2813,plan_02813,3472,train
2814,plan_02814,3473,train
2815,plan_02815,3475,train
2816,plan_02816,3477,train
2817,plan_02817,3479,train
2818,plan_02818,3482,train
2819,plan_02819,3483,train
2820,plan_02820,3484,train
2821,plan_02821,3488,train
2822,plan_02822,3489,train
2823,plan_02823,3490,train
2824,plan_02824,3491,train
2825,plan_02825,3492,train
2826,plan_02826,3493,train
2827,plan_02827,3494,train
2828,plan_02828,3495,train
2829,plan_02829,3496,train
2830,plan_02830,3499,train
2831,plan_02831,3500,train
2832,plan_02832,3501,train
2833,plan_02833,3502,train
2834,plan_02834,3503,train
2835,plan_02835,3504,train
2836,plan_02836,3505,train
2837,plan_02837,3506,train
2838,plan_02838,3507,train
2839,plan_02839,3508,train
2840,plan_02840,3509,train
2841,plan_02841,3510,train
2842,plan_02842,3511,train
2843,plan_02843,3512,train
2844,plan_02844,3513,train
2845,plan_02845,3514,train
2846,plan_02846,3515,train
2847,plan_02847,3516,train
2848,plan_02848,3517,train
2849,plan_02849,3518,train
2850,plan_02850,3519,train
2851,plan_02851,3520,train
2852,plan_02852,3522,train
2853,plan_02853,3523,train
2854,plan_02854,3524,train
2855,plan_02855,3525,train
2856,plan_02856,3526,train
2857,plan_02857,3528,train
2858,plan_02858,3529,train
2859,plan_02859,3530,train
2860,plan_02860,3531,train
2861,plan_02861,3532,train
2862,plan_02862,3533,train
2863,plan_02863,3534,train
2864,plan_02864,3536,train
2865,plan_02865,3539,train
2866,plan_02866,3540,train
2867,plan_02867,3541,train
2868,plan_02868,3542,train
2869,plan_02869,3543,train
2870,plan_02870,3545,train
2871,plan_02871,3547,train
2872,plan_02872,3548,train
2873,plan_02873,3549,train
2874,plan_02874,3550,train
2875,plan_02875,3551,train
2876,plan_02876,3552,train
2877,plan_02877,3554,train
2878,plan_02878,3556,train
2879,plan_02879,3557,train
2880,plan_02880,3558,train
2881,plan_02881,3559,train
2882,plan_02882,3560,train
2883,plan_02883,3561,train
2884,plan_02884,3562,train
2885,plan_02885,3563,train
2886,plan_02886,3564,train
2887,plan_02887,3569,train
2888,plan_02888,3570,train
2889,plan_02889,3572,train
2890,plan_02890,3573,train
2891,plan_02891,3574,train
2892,plan_02892,3575,train
2893,plan_02893,3576,train
2894,plan_02894,3577,train
2895,plan_02895,3578,train
2896,plan_02896,3580,train
2897,plan_02897,3582,train
2898,plan_02898,3583,train
2899,plan_02899,3584,train
2900,plan_02900,3585,train
2901,plan_02901,3586,train
2902,plan_02902,3587,train
2903,plan_02903,3588,train
2904,plan_02904,3589,train
2905,plan_02905,3590,train
2906,plan_02906,3591,train
2907,plan_02907,3592,train
2908,plan_02908,3593,train
2909,plan_02909,3595,train
2910,plan_02910,3596,train
2911,plan_02911,3598,train
2912,plan_02912,3599,train
2913,plan_02913,3601,train
2914,plan_02914,3602,train
2915,plan_02915,3603,train
2916,plan_02916,3604,train
2917,plan_02917,3605,train
2918,plan_02918,3606,train
2919,plan_02919,3608,train
2920,plan_02920,3609,train
2921,plan_02921,3611,train
2922,plan_02922,3612,train
2923,plan_02923,3613,train
2924,plan_02924,3614,train
2925,plan_02925,3615,train
2926,plan_02926,3616,train
2927,plan_02927,3617,train
2928,plan_02928,3618,train
2929,plan_02929,3619,train
2930,plan_02930,3620,train
2931,plan_02931,3622,train
2932,plan_02932,3623,train
2933,plan_02933,3625,train
2934,plan_02934,3626,train
2935,plan_02935,3628,train
2936,plan_02936,3629,train
2937,plan_02937,3630,train
2938,plan_02938,3631,train
2939,plan_02939,3632,train
2940,plan_02940,3633,train
2941,plan_02941,3634,train
2942,plan_02942,3635,train
2943,plan_02943,3636,train
2944,plan_02944,3637,train
2945,plan_02945,3638,train
2946,plan_02946,3639,train
2947,plan_02947,3640,train
2948,plan_02948,3641,train
2949,plan_02949,3642,train
2950,plan_02950,3643,train
2951,plan_02951,3644,train
2952,plan_02952,3646,train
2953,plan_02953,3647,train
2954,plan_02954,3648,train
2955,plan_02955,3649,train
2956,plan_02956,3650,train
2957,plan_02957,3653,train
2958,plan_02958,3654,train
2959,plan_02959,3655,train
2960,plan_02960,3656,train
2961,plan_02961,3658,train
2962,plan_02962,3659,train
2963,plan_02963,3660,train
2964,plan_02964,3661,train
2965,plan_02965,3662,train
2966,plan_02966,3663,train
2967,plan_02967,3664,train
2968,plan_02968,3665,train
2969,plan_02969,3666,train
2970,plan_02970,3667,train
2971,plan_02971,3668,train
2972,plan_02972,3669,train
2973,plan_02973,3670,train
2974,plan_02974,3671,train
2975,plan_02975,3672,train
2976,plan_02976,3673,train
2977,plan_02977,3674,train
2978,plan_02978,3675,train
2979,plan_02979,3676,train
2980,plan_02980,3677,train
2981,plan_02981,3678,train
2982,plan_02982,3679,train
2983,plan_02983,3680,train
2984,plan_02984,3682,train
2985,plan_02985,3683,train
2986,plan_02986,3685,train
2987,plan_02987,3686,train
2988,plan_02988,3687,train
2989,plan_02989,3688,train
2990,plan_02990,3689,train
2991,plan_02991,3690,train
2992,plan_02992,3691,train
2993,plan_02993,3693,train
2994,plan_02994,3694,train
2995,plan_02995,3695,train
2996,plan_02996,3696,train
2997,plan_02997,3697,train
2998,plan_02998,3698,train
2999,plan_02999,3699,train
3000,plan_03000,3700,train
3001,plan_03001,3701,train
3002,plan_03002,3702,train
3003,plan_03003,3703,train
3004,plan_03004,3704,train
3005,plan_03005,3705,train
3006,plan_03006,3706,train
3007,plan_03007,3707,train
3008,plan_03008,3708,train
3009,plan_03009,3709,train
3010,plan_03010,3710,train
3011,plan_03011,3711,train
3012,plan_03012,3712,train
3013,plan_03013,3714,train
3014,plan_03014,3715,train
3015,plan_03015,3716,train
3016,plan_03016,3717,train
3017,plan_03017,3718,train
3018,plan_03018,3719,train
3019,plan_03019,3720,train
3020,plan_03020,3721,train
3021,plan_03021,3722,train
3022,plan_03022,3723,train
3023,plan_03023,3724,train
3024,plan_03024,3725,train
3025,plan_03025,3726,train
3026,plan_03026,3728,train
3027,plan_03027,3729,train
3028,plan_03028,3730,train
3029,plan_03029,3731,train
3030,plan_03030,3732,train
3031,plan_03031,3733,train
3032,plan_03032,3734,train
3033,plan_03033,3735,train
3034,plan_03034,3736,train
3035,plan_03035,3738,train
3036,plan_03036,3739,train
3037,plan_03037,3740,train
3038,plan_03038,3741,train
3039,plan_03039,3742,train
3040,plan_03040,3743,train
3041,plan_03041,3744,train
3042,plan_03042,3746,train
3043,plan_03043,3747,train
3044,plan_03044,3748,train
3045,plan_03045,3749,train
3046,plan_03046,3750,train
3047,plan_03047,3751,train
3048,plan_03048,3752,train
3049,plan_03049,3753,train
3050,plan_03050,3755,train
3051,plan_03051,3756,train
3052,plan_03052,3757,train
3053,plan_03053,3758,train
3054,plan_03054,3759,train
3055,plan_03055,3760,train
3056,plan_03056,3761,train
3057,plan_03057,3762,train
3058,plan_03058,3763,train
3059,plan_03059,3764,train
3060,plan_03060,3765,train
3061,plan_03061,3766,train
3062,plan_03062,3767,train
3063,plan_03063,3768,train
3064,plan_03064,3769,train
3065,plan_03065,3770,train
3066,plan_03066,3771,train
3067,plan_03067,3772,train
3068,plan_03068,3773,train
3069,plan_03069,3774,train
3070,plan_03070,3775,train
3071,plan_03071,3777,train
3072,plan_03072,3778,train
3073,plan_03073,3779,train
3074,plan_03074,3780,train
3075,plan_03075,3781,train
3076,plan_03076,3784,train
3077,plan_03077,3785,train
3078,plan_03078,3786,train
3079,plan_03079,3787,train
3080,plan_03080,3788,train
3081,plan_03081,3789,train
3082,plan_03082,3790,train
3083,plan_03083,3791,train
3084,plan_03084,3792,train
3085,plan_03085,3793,train
3086,plan_03086,3794,train
3087,plan_03087,3795,train
3088,plan_03088,3796,train
3089,plan_03089,3797,train
3090,plan_03090,3798,train
3091,plan_03091,3799,train
3092,plan_03092,3800,train
3093,plan_03093,3801,train
3094,plan_03094,3803,train
3095,plan_03095,3804,train
3096,plan_03096,3805,train
3097,plan_03097,3806,train
3098,plan_03098,3807,train
3099,plan_03099,3808,train
3100,plan_03100,3809,train
3101,plan_03101,3810,train
3102,plan_03102,3811,train
3103,plan_03103,3812,train
3104,plan_03104,3813,train
3105,plan_03105,3814,train
3106,plan_03106,3815,train
3107,plan_03107,3816,train
3108,plan_03108,3817,train
3109,plan_03109,3818,train
3110,plan_03110,3819,train
3111,plan_03111,3820,train
3112,plan_03112,3821,train
3113,plan_03113,3822,train
3114,plan_03114,3823,train
3115,plan_03115,3824,train
3116,plan_03116,3825,train
3117,plan_03117,3826,train
3118,plan_03118,3827,train
3119,plan_03119,3828,train
3120,plan_03120,3829,train
3121,plan_03121,3830,train
3122,plan_03122,3831,train
3123,plan_03123,3832,train
3124,plan_03124,3834,train
3125,plan_03125,3835,train
3126,plan_03126,3836,train
3127,plan_03127,3837,train
3128,plan_03128,3838,train
3129,plan_03129,3839,train
3130,plan_03130,3842,train
3131,plan_03131,3843,train
3132,plan_03132,3844,train
3133,plan_03133,3846,train
3134,plan_03134,3847,train
3135,plan_03135,3848,train
3136,plan_03136,3849,train
3137,plan_03137,3850,train
3138,plan_03138,3851,train
3139,plan_03139,3852,train
3140,plan_03140,3853,train
3141,plan_03141,3854,train
3142,plan_03142,3855,train
3143,plan_03143,3856,train
3144,plan_03144,3857,train
3145,plan_03145,3858,train
3146,plan_03146,3859,train
3147,plan_03147,3860,train
3148,plan_03148,3861,train
3149,plan_03149,3865,train
3150,plan_03150,3866,train
3151,plan_03151,3867,train
3152,plan_03152,3870,train
3153,plan_03153,3871,train
3154,plan_03154,3872,train
3155,plan_03155,3873,train
3156,plan_03156,3874,train
3157,plan_03157,3875,train
3158,plan_03158,3876,train
3159,plan_03159,3877,train
3160,plan_03160,3879,train
3161,plan_03161,3880,train
3162,plan_03162,3881,train
3163,plan_03163,3882,train
3164,plan_03164,3883,train
3165,plan_03165,3884,train
3166,plan_03166,3886,train
3167,plan_03167,3888,train
3168,plan_03168,3889,train
3169,plan_03169,3890,train
3170,plan_03170,3891,train
3171,plan_03171,3892,train
3172,plan_03172,3893,train
3173,plan_03173,3894,train
3174,plan_03174,3895,train
3175,plan_03175,3896,train
3176,plan_03176,3897,train
3177,plan_03177,3899,train
3178,plan_03178,3900,train
3179,plan_03179,3902,train
3180,plan_03180,3903,train
3181,plan_03181,3905,train
3182,plan_03182,3906,train
3183,plan_03183,3907,train
3184,plan_03184,3908,train
3185,plan_03185,3909,train
3186,plan_03186,3910,train
3187,plan_03187,3911,train
3188,plan_03188,3912,train
3189,plan_03189,3913,train
3190,plan_03190,3914,train
3191,plan_03191,3915,train
3192,plan_03192,3916,train
3193,plan_03193,3917,train
3194,plan_03194,3919,train
3195,plan_03195,3920,train
3196,plan_03196,3921,train
3197,plan_03197,3922,train
3198,plan_03198,3925,train
3199,plan_03199,3927,train
3200,plan_03200,3928,train
3201,plan_03201,3929,train
3202,plan_03202,3930,train
3203,plan_03203,3931,train
3204,plan_03204,3932,train
3205,plan_03205,3933,train
3206,plan_03206,3935,train
3207,plan_03207,3936,train
3208,plan_03208,3937,train
3209,plan_03209,3938,train
3210,plan_03210,3939,train
3211,plan_03211,3941,train
3212,plan_03212,3942,train
3213,plan_03213,3944,train
3214,plan_03214,3945,train
3215,plan_03215,3946,train
3216,plan_03216,3947,train
3217,plan_03217,3949,train
3218,plan_03218,3950,train
3219,plan_03219,3951,train
3220,plan_03220,3952,train
3221,plan_03221,3953,train
3222,plan_03222,3954,train
3223,plan_03223,3955,train
3224,plan_03224,3956,train
3225,plan_03225,3957,train
3226,plan_03226,3958,train
3227,plan_03227,3959,train
3228,plan_03228,3960,train
3229,plan_03229,3962,train
3230,plan_03230,3964,train
3231,plan_03231,3966,train
3232,plan_03232,3967,train
3233,plan_03233,3968,train
3234,plan_03234,3969,train
3235,plan_03235,3970,train
3236,plan_03236,3971,train
3237,plan_03237,3972,train
3238,plan_03238,3973,train
3239,plan_03239,3974,train
3240,plan_03240,3975,train
3241,plan_03241,3976,train
3242,plan_03242,3977,train
3243,plan_03243,3978,train
3244,plan_03244,3980,train
3245,plan_03245,3981,train
3246,plan_03246,3983,train
3247,plan_03247,3984,train
3248,plan_03248,3985,train
3249,plan_03249,3986,train
3250,plan_03250,3988,train
3251,plan_03251,3991,train
3252,plan_03252,3992,train
3253,plan_03253,3993,train
3254,plan_03254,3994,train
3255,plan_03255,3997,train
3256,plan_03256,3999,train
3257,plan_03257,4000,train
3258,plan_03258,4001,train
3259,plan_03259,4002,train
3260,plan_03260,4005,train
3261,plan_03261,4006,train
3262,plan_03262,4007,train
3263,plan_03263,4008,train
3264,plan_03264,4010,train
3265,plan_03265,4011,train
3266,plan_03266,4012,train
3267,plan_03267,4014,train
3268,plan_03268,4015,train
3269,plan_03269,4016,train
3270,plan_03270,4017,train
3271,plan_03271,4018,train
3272,plan_03272,4019,train
3273,plan_03273,4020,train
3274,plan_03274,4021,train
3275,plan_03275,4022,train
3276,plan_03276,4023,train
3277,plan_03277,4024,train
3278,plan_03278,4025,train
3279,plan_03279,4026,train
3280,plan_03280,4027,train
3281,plan_03281,4028,train
3282,plan_03282,4029,train
3283,plan_03283,4031,train
3284,plan_03284,4032,train
3285,plan_03285,4033,train
3286,plan_03286,4034,train
3287,plan_03287,4035,train
3288,plan_03288,4036,train
3289,plan_03289,4038,train
3290,plan_03290,4039,train
3291,plan_03291,4040,train
3292,plan_03292,4041,train
3293,plan_03293,4042,train
3294,plan_03294,4043,train
3295,plan_03295,4044,train
3296,plan_03296,4045,train
3297,plan_03297,4046,train
3298,plan_03298,4047,train
3299,plan_03299,4048,train
3300,plan_03300,4050,train
3301,plan_03301,4051,train
3302,plan_03302,4052,train
3303,plan_03303,4053,train
3304,plan_03304,4054,train
3305,plan_03305,4056,train
3306,plan_03306,4057,train
3307,plan_03307,4058,train
3308,plan_03308,4059,train
3309,plan_03309,4060,train
3310,plan_03310,4062,train
3311,plan_03311,4063,train
3312,plan_03312,4064,train
3313,plan_03313,4065,train
3314,plan_03314,4066,train
3315,plan_03315,4067,train
3316,plan_03316,4068,train
3317,plan_03317,4069,train
3318,plan_03318,4071,train
3319,plan_03319,4072,train
3320,plan_03320,4073,train
3321,plan_03321,4074,train
3322,plan_03322,4075,train
3323,plan_03323,4077,train
3324,plan_03324,4079,train
3325,plan_03325,4080,train
3326,plan_03326,4081,train
3327,plan_03327,4082,train
3328,plan_03328,4083,train
3329,plan_03329,4085,train
3330,plan_03330,4086,train
3331,plan_03331,4087,train
3332,plan_03332,4088,train
3333,plan_03333,4089,train
3334,plan_03334,4090,train
3335,plan_03335,4093,train
3336,plan_03336,4094,train
3337,plan_03337,4095,train
3338,plan_03338,4096,train
3339,plan_03339,4097,train
3340,plan_03340,4098,train
3341,plan_03341,4099,train
3342,plan_03342,4100,train
3343,plan_03343,4102,train
3344,plan_03344,4104,train
3345,plan_03345,4105,train
3346,plan_03346,4106,train
3347,plan_03347,4108,train
3348,plan_03348,4109,train
3349,plan_03349,4110,train
3350,plan_03350,4111,train
3351,plan_03351,4112,train
3352,plan_03352,4113,train
3353,plan_03353,4114,train
3354,plan_03354,4115,train
3355,plan_03355,4116,train
3356,plan_03356,4118,train
3357,plan_03357,4120,train
3358,plan_03358,4121,train
3359,plan_03359,4122,train
3360,plan_03360,4123,train
3361,plan_03361,4124,train
3362,plan_03362,4125,train
3363,plan_03363,4126,train
3364,plan_03364,4127,train
3365,plan_03365,4128,train
3366,plan_03366,4129,train
3367,plan_03367,4130,train
3368,plan_03368,4131,train
3369,plan_03369,4132,train
3370,plan_03370,4133,train
3371,plan_03371,4134,train
3372,plan_03372,4135,train
3373,plan_03373,4136,train
3374,plan_03374,4137,train
3375,plan_03375,4138,train
3376,plan_03376,4139,train
3377,plan_03377,4141,train
3378,plan_03378,4142,train
3379,plan_03379,4143,train
3380,plan_03380,4144,train
3381,plan_03381,4145,train
3382,plan_03382,4146,train
3383,plan_03383,4147,train
3384,plan_03384,4148,train
3385,plan_03385,4149,train
3386,plan_03386,4150,train
3387,plan_03387,4151,train
3388,plan_03388,4152,train
3389,plan_03389,4153,train
3390,plan_03390,4154,train
3391,plan_03391,4155,train
3392,plan_03392,4156,train
3393,plan_03393,4157,train
3394,plan_03394,4158,train
3395,plan_03395,4160,train
3396,plan_03396,4161,train
3397,plan_03397,4162,train
3398,plan_03398,4163,train
3399,plan_03399,4164,train
3400,plan_03400,4165,train
3401,plan_03401,4166,train
3402,plan_03402,4167,train
3403,plan_03403,4168,train
3404,plan_03404,4169,train
3405,plan_03405,4170,train
3406,plan_03406,4172,train
3407,plan_03407,4173,train
3408,plan_03408,4174,train
3409,plan_03409,4175,train
3410,plan_03410,4176,train
3411,plan_03411,4177,train
3412,plan_03412,4178,train
3413,plan_03413,4179,train
3414,plan_03414,4181,train
3415,plan_03415,4182,train
3416,plan_03416,4183,train
3417,plan_03417,4184,train
3418,plan_03418,4186,train
3419,plan_03419,4187,train
3420,plan_03420,4188,train
3421,plan_03421,4189,train
3422,plan_03422,4190,train
3423,plan_03423,4191,train
3424,plan_03424,4192,train
3425,plan_03425,4194,train
3426,plan_03426,4195,train
3427,plan_03427,4197,train
3428,plan_03428,4198,train
3429,plan_03429,4200,train
3430,plan_03430,4201,train
3431,plan_03431,4202,train
3432,plan_03432,4203,train
3433,plan_03433,4205,train
3434,plan_03434,4208,train
3435,plan_03435,4210,train
3436,plan_03436,4211,train
3437,plan_03437,4212,train
3438,plan_03438,4213,train
3439,plan_03439,4214,train
3440,plan_03440,4215,train
3441,plan_03441,4216,train
3442,plan_03442,4217,train
3443,plan_03443,4218,train
3444,plan_03444,4219,train
3445,plan_03445,4220,train
3446,plan_03446,4221,train
3447,plan_03447,4222,train
3448,plan_03448,4223,train
3449,plan_03449,4224,train
3450,plan_03450,4227,train
3451,plan_03451,4228,train
3452,plan_03452,4229,train
3453,plan_03453,4231,train
3454,plan_03454,4232,train
3455,plan_03455,4235,train
3456,plan_03456,4236,train
3457,plan_03457,4238,train
3458,plan_03458,4239,train
3459,plan_03459,4240,train
3460,plan_03460,4241,train
3461,plan_03461,4242,train
3462,plan_03462,4243,train
3463,plan_03463,4244,train
3464,plan_03464,4246,train
3465,plan_03465,4247,train
3466,plan_03466,4248,train
3467,plan_03467,4249,train
3468,plan_03468,4250,train
3469,plan_03469,4251,train
3470,plan_03470,4252,train
3471,plan_03471,4253,train
3472,plan_03472,4254,train
3473,plan_03473,4255,train
3474,plan_03474,4256,train
3475,plan_03475,4257,train
3476,plan_03476,4258,train
3477,plan_03477,4259,train
3478,plan_03478,4260,train
3479,plan_03479,4261,train
3480,plan_03480,4262,train
3481,plan_03481,4263,train
3482,plan_03482,4264,train
3483,plan_03483,4267,train
3484,plan_03484,4269,train
3485,plan_03485,4271,train
3486,plan_03486,4272,train
3487,plan_03487,4273,train
3488,plan_03488,4275,train
3489,plan_03489,4276,train
3490,plan_03490,4277,train
3491,plan_03491,4278,train
3492,plan_03492,4279,train
3493,plan_03493,4281,train
3494,plan_03494,4282,train
3495,plan_03495,4283,train
3496,plan_03496,4284,train
3497,plan_03497,4285,train
3498,plan_03498,4286,train
3499,plan_03499,4287,train
3500,plan_03500,4288,train
3501,plan_03501,4289,train
3502,plan_03502,4290,train
3503,plan_03503,4293,train
3504,plan_03504,4297,train
3505,plan_03505,4299,train
3506,plan_03506,4300,train
3507,plan_03507,4301,train
3508,plan_03508,4302,train
3509,plan_03509,4303,train
3510,plan_03510,4304,train
3511,plan_03511,4306,train
3512,plan_03512,4307,train
3513,plan_03513,4308,train
3514,plan_03514,4309,train
3515,plan_03515,4310,train
3516,plan_03516,4311,train
3517,plan_03517,4312,train
3518,plan_03518,4313,train
3519,plan_03519,4314,train
3520,plan_03520,4315,train
3521,plan_03521,4316,train
3522,plan_03522,4317,train
3523,plan_03523,4318,train
3524,plan_03524,4319,train
3525,plan_03525,4320,train
3526,plan_03526,4321,train
3527,plan_03527,4324,train
3528,plan_03528,4326,train
3529,plan_03529,4327,train
3530,plan_03530,4328,train
3531,plan_03531,4329,train
3532,plan_03532,4330,train
3533,plan_03533,4331,train
3534,plan_03534,4333,train
3535,plan_03535,4334,train
3536,plan_03536,4335,train
3537,plan_03537,4336,train
3538,plan_03538,4338,train
3539,plan_03539,4339,train
3540,plan_03540,4340,train
3541,plan_03541,4341,train
3542,plan_03542,4343,train
3543,plan_03543,4344,train
3544,plan_03544,4345,train
3545,plan_03545,4347,train
3546,plan_03546,4348,train
3547,plan_03547,4349,train
3548,plan_03548,4351,train
3549,plan_03549,4353,train
3550,plan_03550,4354,train
3551,plan_03551,4355,train
3552,plan_03552,4357,train
3553,plan_03553,4358,train
3554,plan_03554,4359,train
3555,plan_03555,4360,train
3556,plan_03556,4361,train
3557,plan_03557,4363,train
3558,plan_03558,4364,train
3559,plan_03559,4365,train
3560,plan_03560,4366,train
3561,plan_03561,4367,train
3562,plan_03562,4368,train
3563,plan_03563,4369,train
3564,plan_03564,4370,train
3565,plan_03565,4371,train
3566,plan_03566,4372,train
3567,plan_03567,4373,train
3568,plan_03568,4375,train
3569,plan_03569,4376,train
3570,plan_03570,4377,train
3571,plan_03571,4378,train
3572,plan_03572,4379,train
3573,plan_03573,4380,train
3574,plan_03574,4381,train
3575,plan_03575,4382,train
3576,plan_03576,4383,train
3577,plan_03577,4384,train
3578,plan_03578,4385,train
3579,plan_03579,4386,train
3580,plan_03580,4387,train
3581,plan_03581,4388,train
3582,plan_03582,4389,train
3583,plan_03583,4390,train
3584,plan_03584,4391,train
3585,plan_03585,4392,train
3586,plan_03586,4393,train
3587,plan_03587,4394,train
3588,plan_03588,4395,train
3589,plan_03589,4396,train
3590,plan_03590,4398,train
3591,plan_03591,4399,train
3592,plan_03592,4400,train
3593,plan_03593,4401,train
3594,plan_03594,4402,train
3595,plan_03595,4404,train
3596,plan_03596,4405,train
3597,plan_03597,4406,train
3598,plan_03598,4407,train
3599,plan_03599,4408,train
3600,plan_03600,4409,train
3601,plan_03601,4410,train
3602,plan_03602,4411,train
3603,plan_03603,4412,train
3604,plan_03604,4413,train
3605,plan_03605,4415,train
3606,plan_03606,4416,train
3607,plan_03607,4417,train
3608,plan_03608,4420,train
3609,plan_03609,4421,train
3610,plan_03610,4422,train
3611,plan_03611,4424,train
3612,plan_03612,4425,train
3613,plan_03613,4426,train
3614,plan_03614,4427,train
3615,plan_03615,4428,train
3616,plan_03616,4429,train
3617,plan_03617,4430,train
3618,plan_03618,4431,train
3619,plan_03619,4432,train
3620,plan_03620,4433,train
3621,plan_03621,4434,train
3622,plan_03622,4435,train
3623,plan_03623,4436,train
3624,plan_03624,4438,train
3625,plan_03625,4439,train
3626,plan_03626,4440,train
3627,plan_03627,4441,train
3628,plan_03628,4444,train
3629,plan_03629,4445,train
3630,plan_03630,4446,train
3631,plan_03631,4447,train
3632,plan_03632,4448,train
3633,plan_03633,4449,train
3634,plan_03634,4450,train
3635,plan_03635,4451,train
3636,plan_03636,4452,train
3637,plan_03637,4455,train
3638,plan_03638,4456,train
3639,plan_03639,4457,train
3640,plan_03640,4458,train
3641,plan_03641,4459,train
3642,plan_03642,4460,train
3643,plan_03643,4461,train
3644,plan_03644,4462,train
3645,plan_03645,4464,train
3646,plan_03646,4465,train
3647,plan_03647,4466,train
3648,plan_03648,4467,train
3649,plan_03649,4469,train
3650,plan_03650,4470,train
3651,plan_03651,4472,train
3652,plan_03652,4474,train
3653,plan_03653,4475,train
3654,plan_03654,4476,train
3655,plan_03655,4477,train
3656,plan_03656,4478,train
3657,plan_03657,4479,train
3658,plan_03658,4480,train
3659,plan_03659,4481,train
3660,plan_03660,4482,train
3661,plan_03661,4483,train
3662,plan_03662,4484,train
3663,plan_03663,4485,train
3664,plan_03664,4486,train
3665,plan_03665,4487,train
3666,plan_03666,4488,train
3667,plan_03667,4489,train
3668,plan_03668,4490,train
3669,plan_03669,4493,train
3670,plan_03670,4494,train
3671,plan_03671,4495,train
3672,plan_03672,4496,train
3673,plan_03673,4497,train
3674,plan_03674,4498,train
3675,plan_03675,4499,train
3676,plan_03676,4504,train
3677,plan_03677,4505,train
3678,plan_03678,4507,train
3679,plan_03679,4508,train
3680,plan_03680,4509,train
3681,plan_03681,4511,train
3682,plan_03682,4512,train
3683,plan_03683,4513,train
3684,plan_03684,4514,train
3685,plan_03685,4515,train
3686,plan_03686,4516,train
3687,plan_03687,4517,train
3688,plan_03688,4518,train
3689,plan_03689,4519,train
3690,plan_03690,4520,train
3691,plan_03691,4521,train
3692,plan_03692,4522,train
3693,plan_03693,4523,train
3694,plan_03694,4526,train
3695,plan_03695,4528,train
3696,plan_03696,4529,train
3697,plan_03697,4530,train
3698,plan_03698,4531,train
3699,plan_03699,4532,train
3700,plan_03700,4533,train
3701,plan_03701,4534,train
3702,plan_03702,4535,train
3703,plan_03703,4537,train
3704,plan_03704,4538,train
3705,plan_03705,4539,train
3706,plan_03706,4541,train
3707,plan_03707,4542,train
3708,plan_03708,4543,train
3709,plan_03709,4546,train
3710,plan_03710,4547,train
3711,plan_03711,4551,train
3712,plan_03712,4552,train
3713,plan_03713,4553,train
3714,plan_03714,4554,train
3715,plan_03715,4555,train
3716,plan_03716,4556,train
3717,plan_03717,4557,train
3718,plan_03718,4559,train
3719,plan_03719,4560,train
3720,plan_03720,4561,train
3721,plan_03721,4562,train
3722,plan_03722,4563,train
3723,plan_03723,4566,train
3724,plan_03724,4567,train
3725,plan_03725,4568,train
3726,plan_03726,4569,train
3727,plan_03727,4570,train
3728,plan_03728,4571,train
3729,plan_03729,4573,train
3730,plan_03730,4574,train
3731,plan_03731,4575,train
3732,plan_03732,4576,train
3733,plan_03733,4577,train
3734,plan_03734,4578,train
3735,plan_03735,4580,train
3736,plan_03736,4581,train
3737,plan_03737,4582,train
3738,plan_03738,4583,train
3739,plan_03739,4584,train
3740,plan_03740,4585,train
3741,plan_03741,4586,train
3742,plan_03742,4587,train
3743,plan_03743,4588,train
3744,plan_03744,4589,train
3745,plan_03745,4590,train
3746,plan_03746,4591,train
3747,plan_03747,4592,train
3748,plan_03748,4593,train
3749,plan_03749,4594,train
3750,plan_03750,4595,train
3751,plan_03751,4597,train
3752,plan_03752,4598,train
3753,plan_03753,4600,train
3754,plan_03754,4602,train
3755,plan_03755,4604,train
3756,plan_03756,4605,train
3757,plan_03757,4606,train
3758,plan_03758,4607,train
3759,plan_03759,4608,train
3760,plan_03760,4609,train
3761,plan_03761,4611,train
3762,plan_03762,4612,train
3763,plan_03763,4613,train
3764,plan_03764,4614,train
3765,plan_03765,4615,train
3766,plan_03766,4616,train
3767,plan_03767,4617,train
3768,plan_03768,4618,train
3769,plan_03769,4619,train
3770,plan_03770,4621,train
3771,plan_03771,4623,train
3772,plan_03772,4624,train
3773,plan_03773,4626,train
3774,plan_03774,4627,train
3775,plan_03775,4629,train
3776,plan_03776,4630,train
3777,plan_03777,4631,train
3778,plan_03778,4632,train
3779,plan_03779,4633,train
3780,plan_03780,4634,train
3781,plan_03781,4636,train
3782,plan_03782,4638,train
3783,plan_03783,4639,train
3784,plan_03784,4641,train
3785,plan_03785,4644,train
3786,plan_03786,4645,train
3787,plan_03787,4646,train
3788,plan_03788,4647,train
3789,plan_03789,4648,train
3790,plan_03790,4650,train
3791,plan_03791,4651,train
3792,plan_03792,4653,train
3793,plan_03793,4654,train
3794,plan_03794,4656,train
3795,plan_03795,4657,train
3796,plan_03796,4658,train
3797,plan_03797,4659,train
3798,plan_03798,4660,train
3799,plan_03799,4661,train
3800,plan_03800,4662,train
3801,plan_03801,4663,train
3802,plan_03802,4664,train
3803,plan_03803,4665,train
3804,plan_03804,4666,train
3805,plan_03805,4667,train
3806,plan_03806,4669,train
3807,plan_03807,4670,train
3808,plan_03808,4671,train
3809,plan_03809,4672,train
3810,plan_03810,4673,train
3811,plan_03811,4674,train
3812,plan_03812,4675,train
3813,plan_03813,4676,train
3814,plan_03814,4677,train
3815,plan_03815,4678,train
3816,plan_03816,4680,train
3817,plan_03817,4681,train
3818,plan_03818,4684,train
3819,plan_03819,4686,train
3820,plan_03820,4687,train
3821,plan_03821,4688,train
3822,plan_03822,4689,train
3823,plan_03823,4690,train
3824,plan_03824,4691,train
3825,plan_03825,4692,train
3826,plan_03826,4693,train
3827,plan_03827,4694,train
3828,plan_03828,4695,train
3829,plan_03829,4696,train
3830,plan_03830,4700,train
3831,plan_03831,4701,train
3832,plan_03832,4702,train
3833,plan_03833,4704,train
3834,plan_03834,4706,train
3835,plan_03835,4707,train
3836,plan_03836,4710,train
3837,plan_03837,4711,train
3838,plan_03838,4712,train
3839,plan_03839,4713,train
3840,plan_03840,4714,train
3841,plan_03841,4715,train
3842,plan_03842,4717,train
3843,plan_03843,4718,train
3844,plan_03844,4719,train
3845,plan_03845,4720,train
3846,plan_03846,4721,train
3847,plan_03847,4722,train
3848,plan_03848,4723,train
3849,plan_03849,4724,train
3850,plan_03850,4725,train
3851,plan_03851,4726,train
3852,plan_03852,4727,train
3853,plan_03853,4728,train
3854,plan_03854,4729,train
3855,plan_03855,4731,train
3856,plan_03856,4732,train
3857,plan_03857,4733,train
3858,plan_03858,4734,train
3859,plan_03859,4735,train
3860,plan_03860,4736,train
3861,plan_03861,4737,train
3862,plan_03862,4738,train
3863,plan_03863,4740,train
3864,plan_03864,4741,train
3865,plan_03865,4742,train
3866,plan_03866,4743,train
3867,plan_03867,4744,train
3868,plan_03868,4745,train
3869,plan_03869,4746,train
3870,plan_03870,4748,train
3871,plan_03871,4749,train
3872,plan_03872,4750,train
3873,plan_03873,4751,train
3874,plan_03874,4753,train
3875,plan_03875,4754,train
3876,plan_03876,4755,train
3877,plan_03877,4756,train
3878,plan_03878,4757,train
3879,plan_03879,4758,train
3880,plan_03880,4759,train
3881,plan_03881,4761,train
3882,plan_03882,4762,train
3883,plan_03883,4763,train
3884,plan_03884,4764,train
3885,plan_03885,4765,train
3886,plan_03886,4766,train
3887,plan_03887,4767,train
3888,plan_03888,4768,train
3889,plan_03889,4769,train
3890,plan_03890,4770,train
3891,plan_03891,4772,train
3892,plan_03892,4773,train
3893,plan_03893,4774,train
3894,plan_03894,4777,train
3895,plan_03895,4778,train
3896,plan_03896,4779,train
3897,plan_03897,4780,train
3898,plan_03898,4781,train
3899,plan_03899,4783,train
3900,plan_03900,4784,train
3901,plan_03901,4785,train
3902,plan_03902,4786,train
3903,plan_03903,4788,train
3904,plan_03904,4789,train
3905,plan_03905,4790,train
3906,plan_03906,4791,train
3907,plan_03907,4792,train
3908,plan_03908,4793,train
3909,plan_03909,4795,train
3910,plan_03910,4796,train
3911,plan_03911,4797,train
3912,plan_03912,4800,train
3913,plan_03913,4802,train
3914,plan_03914,4803,train
3915,plan_03915,4805,train
3916,plan_03916,4806,train
3917,plan_03917,4807,train
3918,plan_03918,4808,train
3919,plan_03919,4809,train
3920,plan_03920,4811,train
3921,plan_03921,4812,train
3922,plan_03922,4813,train
3923,plan_03923,4814,train
3924,plan_03924,4815,train
3925,plan_03925,4817,train
3926,plan_03926,4818,train
3927,plan_03927,4819,train
3928,plan_03928,4820,train
3929,plan_03929,4821,train
3930,plan_03930,4822,train
3931,plan_03931,4823,train
3932,plan_03932,4824,train
3933,plan_03933,4826,train
3934,plan_03934,4827,train
3935,plan_03935,4828,train
3936,plan_03936,4829,train
3937,plan_03937,4830,train
3938,plan_03938,4831,train
3939,plan_03939,4833,train
3940,plan_03940,4834,train
3941,plan_03941,4835,train
3942,plan_03942,4836,train
3943,plan_03943,4837,train
3944,plan_03944,4838,train
3945,plan_03945,4839,train
3946,plan_03946,4841,train
3947,plan_03947,4842,train
3948,plan_03948,4843,train
3949,plan_03949,4846,train
3950,plan_03950,4847,train
3951,plan_03951,4850,train
3952,plan_03952,4851,train
3953,plan_03953,4852,train
3954,plan_03954,4853,train
3955,plan_03955,4854,train
3956,plan_03956,4855,train
3957,plan_03957,4856,train
3958,plan_03958,4857,train
3959,plan_03959,4858,train
3960,plan_03960,4859,train
3961,plan_03961,4860,train
3962,plan_03962,4862,train
3963,plan_03963,4864,train
3964,plan_03964,4865,train
3965,plan_03965,4866,train
3966,plan_03966,4867,train
3967,plan_03967,4868,train
3968,plan_03968,4869,train
3969,plan_03969,4871,train
3970,plan_03970,4872,train
3971,plan_03971,4873,train
3972,plan_03972,4874,train
3973,plan_03973,4875,train
3974,plan_03974,4876,train
3975,plan_03975,4877,train
3976,plan_03976,4878,train
3977,plan_03977,4879,train
3978,plan_03978,4880,train
3979,plan_03979,4881,train
3980,plan_03980,4882,train
3981,plan_03981,4883,train
3982,plan_03982,4885,train
3983,plan_03983,4886,train
3984,plan_03984,4888,train
3985,plan_03985,4890,train
3986,plan_03986,4891,train
3987,plan_03987,4892,train
3988,plan_03988,4893,train
3989,plan_03989,4894,train
3990,plan_03990,4895,train
3991,plan_03991,4896,train
3992,plan_03992,4897,train
3993,plan_03993,4898,train
3994,plan_03994,4899,train
3995,plan_03995,4900,train
3996,plan_03996,4901,train
3997,plan_03997,4902,train
3998,plan_03998,4903,train
3999,plan_03999,4904,train
4000,plan_04000,4905,train
4001,plan_04001,4906,train
4002,plan_04002,4907,train
4003,plan_04003,4908,train
4004,plan_04004,4909,train
4005,plan_04005,4911,train
4006,plan_04006,4912,train
4007,plan_04007,4913,train
4008,plan_04008,4914,train
4009,plan_04009,4915,train
4010,plan_04010,4916,train
4011,plan_04011,4917,train
4012,plan_04012,4918,train
4013,plan_04013,4919,train
4014,plan_04014,4920,train
4015,plan_04015,4921,train
4016,plan_04016,4923,train
4017,plan_04017,4924,train
4018,plan_04018,4925,train
4019,plan_04019,4926,train
4020,plan_04020,4927,train
4021,plan_04021,4928,train
4022,plan_04022,4930,train
4023,plan_04023,4931,train
4024,plan_04024,4933,train
4025,plan_04025,4934,train
4026,plan_04026,4937,train
4027,plan_04027,4938,train
4028,plan_04028,4939,train
4029,plan_04029,4940,train
4030,plan_04030,4941,train
4031,plan_04031,4943,train
4032,plan_04032,4944,train
4033,plan_04033,4945,train
4034,plan_04034,4946,train
4035,plan_04035,4947,train
4036,plan_04036,4948,train
4037,plan_04037,4949,train
4038,plan_04038,4950,train
4039,plan_04039,4951,train
4040,plan_04040,4953,train
4041,plan_04041,4954,train
4042,plan_04042,4955,train
4043,plan_04043,4956,train
4044,plan_04044,4957,train
4045,plan_04045,4958,train
4046,plan_04046,4959,train
4047,plan_04047,4960,train
4048,plan_04048,4961,train
4049,plan_04049,4962,train
4050,plan_04050,4963,train
4051,plan_04051,4964,train
4052,plan_04052,4965,train
4053,plan_04053,4966,train
4054,plan_04054,4967,train
4055,plan_04055,4968,train
4056,plan_04056,4969,train
4057,plan_04057,4971,train
4058,plan_04058,4972,train
4059,plan_04059,4973,train
4060,plan_04060,4974,train
4061,plan_04061,4975,train
4062,plan_04062,4976,train
4063,plan_04063,4977,train
4064,plan_04064,4978,train
4065,plan_04065,4980,train
4066,plan_04066,4981,train
4067,plan_04067,4982,train
4068,plan_04068,4984,train
4069,plan_04069,4985,train
4070,plan_04070,4986,train
4071,plan_04071,4987,train
4072,plan_04072,4988,train
4073,plan_04073,4989,train
4074,plan_04074,4990,train
4075,plan_04075,4991,train
4076,plan_04076,4992,train
4077,plan_04077,4993,train
4078,plan_04078,4994,train
4079,plan_04079,4995,train
4080,plan_04080,4996,train
4081,plan_04081,4997,train
4082,plan_04082,4998,train
4083,plan_04083,4999,train
4084,plan_04084,5000,train
4085,plan_04085,5001,train
4086,plan_04086,5002,train
4087,plan_04087,5003,train
4088,plan_04088,5004,train
4089,plan_04089,5005,train
4090,plan_04090,5006,train
4091,plan_04091,5007,train
4092,plan_04092,5008,train
4093,plan_04093,5009,train
4094,plan_04094,5010,train
4095,plan_04095,5011,train
4096,plan_04096,5012,train
4097,plan_04097,5013,train
4098,plan_04098,5014,train
4099,plan_04099,5015,train
4100,plan_04100,5016,train
4101,plan_04101,5017,train
4102,plan_04102,5018,train
4103,plan_04103,5019,train
4104,plan_04104,5020,train
4105,plan_04105,5021,train
4106,plan_04106,5023,train
4107,plan_04107,5024,train
4108,plan_04108,5025,train
4109,plan_04109,5026,train
4110,plan_04110,5027,train
4111,plan_04111,5028,train
4112,plan_04112,5029,train
4113,plan_04113,5030,train
4114,plan_04114,5031,train
4115,plan_04115,5032,train
4116,plan_04116,5033,train
4117,plan_04117,5034,train
4118,plan_04118,5035,train
4119,plan_04119,5036,train
4120,plan_04120,5037,train
4121,plan_04121,5038,train
4122,plan_04122,5040,train
4123,plan_04123,5041,train
4124,plan_04124,5042,train
4125,plan_04125,5043,train
4126,plan_04126,5046,train
4127,plan_04127,5047,train
4128,plan_04128,5048,train
4129,plan_04129,5049,train
4130,plan_04130,5050,train
4131,plan_04131,5051,train
4132,plan_04132,5052,train
4133,plan_04133,5053,train
4134,plan_04134,5054,train
4135,plan_04135,5055,train
4136,plan_04136,5056,train
4137,plan_04137,5058,train
4138,plan_04138,5059,train
4139,plan_04139,5061,train
4140,plan_04140,5063,train
4141,plan_04141,5064,train
4142,plan_04142,5065,train
4143,plan_04143,5066,train
4144,plan_04144,5067,train
4145,plan_04145,5068,train
4146,plan_04146,5069,train
4147,plan_04147,5070,train
4148,plan_04148,5072,train
4149,plan_04149,5074,train
4150,plan_04150,5075,train
4151,plan_04151,5076,train
4152,plan_04152,5078,train
4153,plan_04153,5082,train
4154,plan_04154,5083,train
4155,plan_04155,5084,train
4156,plan_04156,5085,train
4157,plan_04157,5086,train
4158,plan_04158,5087,train
4159,plan_04159,5088,train
4160,plan_04160,5089,train
4161,plan_04161,5090,train
4162,plan_04162,5091,train
4163,plan_04163,5092,train
4164,plan_04164,5093,train
4165,plan_04165,5094,train
4166,plan_04166,5095,train
4167,plan_04167,5097,train
4168,plan_04168,5098,train
4169,plan_04169,5099,train
4170,plan_04170,5100,train
4171,plan_04171,5101,train
4172,plan_04172,5102,train
4173,plan_04173,5103,train
4174,plan_04174,5104,train
4175,plan_04175,5106,train
4176,plan_04176,5108,train
4177,plan_04177,5109,train
4178,plan_04178,5111,train
4179,plan_04179,5112,train
4180,plan_04180,5113,train
4181,plan_04181,5114,train
4182,plan_04182,5115,train
4183,plan_04183,5116,train
4184,plan_04184,5117,train
4185,plan_04185,5118,train
4186,plan_04186,5120,train
4187,plan_04187,5121,train
4188,plan_04188,5122,train
4189,plan_04189,5123,train
4190,plan_04190,5124,train
4191,plan_04191,5126,train
4192,plan_04192,5127,train
4193,plan_04193,5128,train
4194,plan_04194,5129,train
4195,plan_04195,5130,train
4196,plan_04196,5133,train
4197,plan_04197,5134,train
4198,plan_04198,5135,train
4199,plan_04199,5136,train
4200,plan_04200,5137,train
4201,plan_04201,5138,train
4202,plan_04202,5140,train
4203,plan_04203,5141,train
4204,plan_04204,5142,train
4205,plan_04205,5143,train
4206,plan_04206,5144,train
4207,plan_04207,5146,train
4208,plan_04208,5147,train
4209,plan_04209,5148,train
4210,plan_04210,5149,train
4211,plan_04211,5150,train
4212,plan_04212,5151,train
4213,plan_04213,5152,train
4214,plan_04214,5153,train
4215,plan_04215,5154,train
4216,plan_04216,5156,train
4217,plan_04217,5157,train
4218,plan_04218,5158,train
4219,plan_04219,5161,train
4220,plan_04220,5163,train
4221,plan_04221,5165,train
4222,plan_04222,5166,train
4223,plan_04223,5168,train
4224,plan_04224,5169,train
4225,plan_04225,5170,train
4226,plan_04226,5171,train
4227,plan_04227,5172,train
4228,plan_04228,5173,train
4229,plan_04229,5174,train
4230,plan_04230,5175,train
4231,plan_04231,5176,train
4232,plan_04232,5177,train
4233,plan_04233,5178,train
4234,plan_04234,5180,train
4235,plan_04235,5181,train
4236,plan_04236,5182,train
4237,plan_04237,5183,train
4238,plan_04238,5184,train
4239,plan_04239,5185,train
4240,plan_04240,5187,train
4241,plan_04241,5188,train
4242,plan_04242,5189,train
4243,plan_04243,5190,train
4244,plan_04244,5191,train
4245,plan_04245,5192,train
4246,plan_04246,5193,train
4247,plan_04247,5194,train
4248,plan_04248,5195,train
4249,plan_04249,5196,train
4250,plan_04250,5197,train
4251,plan_04251,5198,train
4252,plan_04252,5200,train
4253,plan_04253,5203,train
4254,plan_04254,5204,train
4255,plan_04255,5205,train
4256,plan_04256,5206,train
4257,plan_04257,5208,train
4258,plan_04258,5209,train
4259,plan_04259,5212,train
4260,plan_04260,5213,train
4261,plan_04261,5214,train
4262,plan_04262,5215,train
4263,plan_04263,5216,train
4264,plan_04264,5217,train
4265,plan_04265,5218,train
4266,plan_04266,5219,train
4267,plan_04267,5220,train
4268,plan_04268,5221,train
4269,plan_04269,5222,train
4270,plan_04270,5223,train
4271,plan_04271,5227,train
4272,plan_04272,5228,train
4273,plan_04273,5229,train
4274,plan_04274,5230,train
4275,plan_04275,5231,train
4276,plan_04276,5233,train
4277,plan_04277,5234,train
4278,plan_04278,5235,train
4279,plan_04279,5236,train
4280,plan_04280,5237,train
4281,plan_04281,5238,train
4282,plan_04282,5239,train
4283,plan_04283,5240,train
4284,plan_04284,5241,train
4285,plan_04285,5242,train
4286,plan_04286,5243,train
4287,plan_04287,5244,train
4288,plan_04288,5246,train
4289,plan_04289,5247,train
4290,plan_04290,5248,train
4291,plan_04291,5249,train
4292,plan_04292,5250,train
4293,plan_04293,5251,train
4294,plan_04294,5253,train
4295,plan_04295,5254,train
4296,plan_04296,5255,train
4297,plan_04297,5256,train
4298,plan_04298,5258,train
4299,plan_04299,5259,train
4300,plan_04300,5260,train
4301,plan_04301,5261,train
4302,plan_04302,5262,train
4303,plan_04303,5265,train
4304,plan_04304,5266,train
4305,plan_04305,5267,train
4306,plan_04306,5268,train
4307,plan_04307,5269,train
4308,plan_04308,5272,train
4309,plan_04309,5273,train
4310,plan_04310,5274,train
4311,plan_04311,5277,train
4312,plan_04312,5278,train
4313,plan_04313,5279,train
4314,plan_04314,5280,train
4315,plan_04315,5281,train
4316,plan_04316,5282,train
4317,plan_04317,5284,train
4318,plan_04318,5285,train
4319,plan_04319,5286,train
4320,plan_04320,5288,train
4321,plan_04321,5289,train
4322,plan_04322,5290,train
4323,plan_04323,5291,train
4324,plan_04324,5295,train
4325,plan_04325,5296,train
4326,plan_04326,5297,train
4327,plan_04327,5301,train
4328,plan_04328,5302,train
4329,plan_04329,5303,train
4330,plan_04330,5305,train
4331,plan_04331,5306,train
4332,plan_04332,5307,train
4333,plan_04333,5310,train
4334,plan_04334,5311,train
4335,plan_04335,5312,train
4336,plan_04336,5314,train
4337,plan_04337,5315,train
4338,plan_04338,5317,train
4339,plan_04339,5318,train
4340,plan_04340,5320,train
4341,plan_04341,5321,train
4342,plan_04342,5323,train
4343,plan_04343,5324,train
4344,plan_04344,5325,train
4345,plan_04345,5326,train
4346,plan_04346,5327,train
4347,plan_04347,5330,train
4348,plan_04348,5331,train
4349,plan_04349,5332,train
4350,plan_04350,5335,train
4351,plan_04351,5336,train
4352,plan_04352,5337,train
4353,plan_04353,5338,train
4354,plan_04354,5339,train
4355,plan_04355,5341,train
4356,plan_04356,5342,train
4357,plan_04357,5344,train
4358,plan_04358,5346,train
4359,plan_04359,5347,train
4360,plan_04360,5348,train
4361,plan_04361,5349,train
4362,plan_04362,5351,train
4363,plan_04363,5352,train
4364,plan_04364,5353,train
4365,plan_04365,5354,train
4366,plan_04366,5357,train
4367,plan_04367,5358,train
4368,plan_04368,5359,train
4369,plan_04369,5360,train
4370,plan_04370,5361,train
4371,plan_04371,5362,train
4372,plan_04372,5363,train
4373,plan_04373,5365,train
4374,plan_04374,5366,train
4375,plan_04375,5367,train
4376,plan_04376,5368,train
4377,plan_04377,5369,train
4378,plan_04378,5370,train
4379,plan_04379,5371,train
4380,plan_04380,5372,train
4381,plan_04381,5373,train
4382,plan_04382,5374,train
4383,plan_04383,5375,train
4384,plan_04384,5376,train
4385,plan_04385,5377,train
4386,plan_04386,5378,train
4387,plan_04387,5379,train
4388,plan_04388,5380,train
4389,plan_04389,5381,train
4390,plan_04390,5382,train
4391,plan_04391,5383,train
4392,plan_04392,5384,train
4393,plan_04393,5385,train
4394,plan_04394,5386,train
4395,plan_04395,5387,train
4396,plan_04396,5388,train
4397,plan_04397,5389,train
4398,plan_04398,5390,train
4399,plan_04399,5391,train
4400,plan_04400,5392,train
4401,plan_04401,5393,train
4402,plan_04402,5394,train
4403,plan_04403,5397,train
4404,plan_04404,5398,train
4405,plan_04405,5399,train
4406,plan_04406,5400,train
4407,plan_04407,5402,train
4408,plan_04408,5403,train
4409,plan_04409,5404,train
4410,plan_04410,5406,train
4411,plan_04411,5407,train
4412,plan_04412,5408,train
4413,plan_04413,5409,train
4414,plan_04414,5410,train
4415,plan_04415,5411,train
4416,plan_04416,5412,train
4417,plan_04417,5413,train
4418,plan_04418,5414,train
4419,plan_04419,5415,train
4420,plan_04420,5416,train
4421,plan_04421,5417,train
4422,plan_04422,5418,train
4423,plan_04423,5419,train
4424,plan_04424,5420,train
4425,plan_04425,5421,train
4426,plan_04426,5422,train
4427,plan_04427,5423,train
4428,plan_04428,5424,train
4429,plan_04429,5425,train
4430,plan_04430,5426,train
4431,plan_04431,5428,train
4432,plan_04432,5430,train
4433,plan_04433,5432,train
4434,plan_04434,5433,train
4435,plan_04435,5435,train
4436,plan_04436,5436,train
4437,plan_04437,5438,train
4438,plan_04438,5442,train
4439,plan_04439,5443,train
4440,plan_04440,5444,train
4441,plan_04441,5445,train
4442,plan_04442,5446,train
4443,plan_04443,5447,train
4444,plan_04444,5448,train
4445,plan_04445,5449,train
4446,plan_04446,5450,train
4447,plan_04447,5451,train
4448,plan_04448,5452,train
4449,plan_04449,5453,train
4450,plan_04450,5454,train
4451,plan_04451,5456,train
4452,plan_04452,5457,train
4453,plan_04453,5458,train
4454,plan_04454,5460,train
4455,plan_04455,5461,train
4456,plan_04456,5463,train
4457,plan_04457,5465,train
4458,plan_04458,5467,train
4459,plan_04459,5468,train
4460,plan_04460,5469,train
4461,plan_04461,5470,train
4462,plan_04462,5471,train
4463,plan_04463,5474,train
4464,plan_04464,5476,train
4465,plan_04465,5477,train
4466,plan_04466,5478,train
4467,plan_04467,5479,train
4468,plan_04468,5480,train
4469,plan_04469,5481,train
4470,plan_04470,5482,train
4471,plan_04471,5483,train
4472,plan_04472,5484,train
4473,plan_04473,5485,train
4474,plan_04474,5486,train
4475,plan_04475,5487,train
4476,plan_04476,5488,train
4477,plan_04477,5489,train
4478,plan_04478,5490,train
4479,plan_04479,5491,train
4480,plan_04480,5492,train
4481,plan_04481,5493,train
4482,plan_04482,5494,train
4483,plan_04483,5495,train
4484,plan_04484,5496,train
4485,plan_04485,5497,train
4486,plan_04486,5498,train
4487,plan_04487,5499,train
4488,plan_04488,5500,train
4489,plan_04489,5501,train
4490,plan_04490,5502,train
4491,plan_04491,5503,train
4492,plan_04492,5504,train
4493,plan_04493,5505,train
4494,plan_04494,5506,train
4495,plan_04495,5507,train
4496,plan_04496,5508,train
4497,plan_04497,5509,train
4498,plan_04498,5510,train
4499,plan_04499,5511,train
4500,plan_04500,5512,train
4501,plan_04501,5513,train
4502,plan_04502,5514,train
4503,plan_04503,5515,train
4504,plan_04504,5517,train
4505,plan_04505,5520,train
4506,plan_04506,5521,train
4507,plan_04507,5524,train
4508,plan_04508,5525,train
4509,plan_04509,5526,train
4510,plan_04510,5527,train
4511,plan_04511,5528,train
4512,plan_04512,5529,train
4513,plan_04513,5530,train
4514,plan_04514,5532,train
4515,plan_04515,5533,train
4516,plan_04516,5535,train
4517,plan_04517,5537,train
4518,plan_04518,5538,train
4519,plan_04519,5539,train
4520,plan_04520,5540,train
4521,plan_04521,5542,train
4522,plan_04522,5543,train
4523,plan_04523,5544,train
4524,plan_04524,5545,train
4525,plan_04525,5546,train
4526,plan_04526,5547,train
4527,plan_04527,5549,train
4528,plan_04528,5550,train
4529,plan_04529,5551,train
4530,plan_04530,5552,train
4531,plan_04531,5553,train
4532,plan_04532,5554,train
4533,plan_04533,5555,train
4534,plan_04534,5556,train
4535,plan_04535,5557,train
4536,plan_04536,5559,train
4537,plan_04537,5560,train
4538,plan_04538,5561,train
4539,plan_04539,5563,train
4540,plan_04540,5564,train
4541,plan_04541,5565,train
4542,plan_04542,5566,train
4543,plan_04543,5567,train
4544,plan_04544,5568,train
4545,plan_04545,5569,train
4546,plan_04546,5570,train
4547,plan_04547,5571,train
4548,plan_04548,5572,train
4549,plan_04549,5574,train
4550,plan_04550,5575,train
4551,plan_04551,5577,train
4552,plan_04552,5578,train
4553,plan_04553,5579,train
4554,plan_04554,5580,train
4555,plan_04555,5581,train
4556,plan_04556,5582,train
4557,plan_04557,5583,train
4558,plan_04558,5584,train
4559,plan_04559,5585,train
4560,plan_04560,5586,train
4561,plan_04561,5587,train
4562,plan_04562,5589,train
4563,plan_04563,5590,train
4564,plan_04564,5591,train
4565,plan_04565,5592,train
4566,plan_04566,5594,train
4567,plan_04567,5595,train
4568,plan_04568,5596,train
4569,plan_04569,5598,train
4570,plan_04570,5599,train
4571,plan_04571,5601,train
4572,plan_04572,5602,train
4573,plan_04573,5603,train
4574,plan_04574,5604,train
4575,plan_04575,5605,train
4576,plan_04576,5606,train
4577,plan_04577,5609,train
4578,plan_04578,5610,train
4579,plan_04579,5611,train
4580,plan_04580,5612,train
4581,plan_04581,5613,train
4582,plan_04582,5614,train
4583,plan_04583,5615,train
4584,plan_04584,5616,train
4585,plan_04585,5619,train
4586,plan_04586,5620,train
4587,plan_04587,5622,train
4588,plan_04588,5624,train
4589,plan_04589,5625,train
4590,plan_04590,5627,train
4591,plan_04591,5628,train
4592,plan_04592,5629,train
4593,plan_04593,5630,train
4594,plan_04594,5632,train
4595,plan_04595,5633,train
4596,plan_04596,5635,train
4597,plan_04597,5636,train
4598,plan_04598,5637,train
4599,plan_04599,5638,train
4600,plan_04600,5639,train
4601,plan_04601,5640,train
4602,plan_04602,5641,train
4603,plan_04603,5642,train
4604,plan_04604,5643,train
4605,plan_04605,5644,train
4606,plan_04606,5645,train
4607,plan_04607,5646,train
4608,plan_04608,5648,train
4609,plan_04609,5649,train
4610,plan_04610,5650,train
4611,plan_04611,5653,train
4612,plan_04612,5654,train
4613,plan_04613,5655,train
4614,plan_04614,5656,train
4615,plan_04615,5657,train
4616,plan_04616,5658,train
4617,plan_04617,5659,train
4618,plan_04618,5660,train
4619,plan_04619,5661,train
4620,plan_04620,5662,train
4621,plan_04621,5663,train
4622,plan_04622,5664,train
4623,plan_04623,5665,train
4624,plan_04624,5666,train
4625,plan_04625,5668,train
4626,plan_04626,5669,train
4627,plan_04627,5670,train
4628,plan_04628,5671,train
4629,plan_04629,5672,train
4630,plan_04630,5673,train
4631,plan_04631,5674,train
4632,plan_04632,5675,train
4633,plan_04633,5676,train
4634,plan_04634,5677,train
4635,plan_04635,5678,train
4636,plan_04636,5679,train
4637,plan_04637,5680,train
4638,plan_04638,5681,train
4639,plan_04639,5682,train
4640,plan_04640,5683,train
4641,plan_04641,5684,train
4642,plan_04642,5686,train
4643,plan_04643,5688,train
4644,plan_04644,5689,train
4645,plan_04645,5690,train
4646,plan_04646,5692,train
4647,plan_04647,5693,train
4648,plan_04648,5695,train
4649,plan_04649,5696,train
4650,plan_04650,5697,train
4651,plan_04651,5698,train
4652,plan_04652,5699,train
4653,plan_04653,5700,train
4654,plan_04654,5701,train
4655,plan_04655,5702,train
4656,plan_04656,5703,train
4657,plan_04657,5704,train
4658,plan_04658,5705,train
4659,plan_04659,5706,train
4660,plan_04660,5707,train
4661,plan_04661,5708,train
4662,plan_04662,5709,train
4663,plan_04663,5710,train
4664,plan_04664,5711,train
4665,plan_04665,5712,train
4666,plan_04666,5713,train
4667,plan_04667,5714,train
4668,plan_04668,5715,train
4669,plan_04669,5716,train
4670,plan_04670,5717,train
4671,plan_04671,5718,train
4672,plan_04672,5719,train
4673,plan_04673,5720,train
4674,plan_04674,5721,train
4675,plan_04675,5722,train
4676,plan_04676,5723,train
4677,plan_04677,5724,train
4678,plan_04678,5725,train
4679,plan_04679,5726,train
4680,plan_04680,5727,train
4681,plan_04681,5728,train
4682,plan_04682,5730,train
4683,plan_04683,5731,train
4684,plan_04684,5732,train
4685,plan_04685,5733,train
4686,plan_04686,5734,train
4687,plan_04687,5735,train
4688,plan_04688,5736,train
4689,plan_04689,5738,train
4690,plan_04690,5739,train
4691,plan_04691,5740,train
4692,plan_04692,5741,train
4693,plan_04693,5742,train
4694,plan_04694,5743,train
4695,plan_04695,5745,train
4696,plan_04696,5747,train
4697,plan_04697,5748,train
4698,plan_04698,5749,train
4699,plan_04699,5750,train
4700,plan_04700,5751,train
4701,plan_04701,5752,train
4702,plan_04702,5753,train
4703,plan_04703,5754,train
4704,plan_04704,5755,train
4705,plan_04705,5756,train
4706,plan_04706,5757,train
4707,plan_04707,5758,train
4708,plan_04708,5759,train
4709,plan_04709,5760,train
4710,plan_04710,5763,train
4711,plan_04711,5765,train
4712,plan_04712,5766,train
4713,plan_04713,5768,train
4714,plan_04714,5771,train
4715,plan_04715,5772,train
4716,plan_04716,5773,train
4717,plan_04717,5774,train
4718,plan_04718,5775,train
4719,plan_04719,5777,train
4720,plan_04720,5779,train
4721,plan_04721,5780,train
4722,plan_04722,5781,train
4723,plan_04723,5782,train
4724,plan_04724,5783,train
4725,plan_04725,5784,train
4726,plan_04726,5786,train
4727,plan_04727,5787,train
4728,plan_04728,5788,train
4729,plan_04729,5789,train
4730,plan_04730,5790,train
4731,plan_04731,5791,train
4732,plan_04732,5792,train
4733,plan_04733,5793,train
4734,plan_04734,5795,train
4735,plan_04735,5796,train
4736,plan_04736,5797,train
4737,plan_04737,5798,train
4738,plan_04738,5799,train
4739,plan_04739,5800,train
4740,plan_04740,5801,train
4741,plan_04741,5802,train
4742,plan_04742,5804,train
4743,plan_04743,5805,train
4744,plan_04744,5806,train
4745,plan_04745,5807,train
4746,plan_04746,5808,train
4747,plan_04747,5809,train
4748,plan_04748,5810,train
4749,plan_04749,5811,train
4750,plan_04750,5812,train
4751,plan_04751,5813,train
4752,plan_04752,5814,train
4753,plan_04753,5815,train
4754,plan_04754,5816,train
4755,plan_04755,5817,train
4756,plan_04756,5818,train
4757,plan_04757,5819,train
4758,plan_04758,5820,train
4759,plan_04759,5821,train
4760,plan_04760,5822,train
4761,plan_04761,5823,train
4762,plan_04762,5824,train
4763,plan_04763,5825,train
4764,plan_04764,5826,train
4765,plan_04765,5827,train
4766,plan_04766,5828,train
4767,plan_04767,5829,train
4768,plan_04768,5830,train
4769,plan_04769,5831,train
4770,plan_04770,5832,train
4771,plan_04771,5833,train
4772,plan_04772,5834,train
4773,plan_04773,5836,train
4774,plan_04774,5837,train
4775,plan_04775,5838,train
4776,plan_04776,5839,train
4777,plan_04777,5840,train
4778,plan_04778,5841,train
4779,plan_04779,5842,train
4780,plan_04780,5843,train
4781,plan_04781,5844,train
4782,plan_04782,5845,train
4783,plan_04783,5846,train
4784,plan_04784,5847,train
4785,plan_04785,5848,train
4786,plan_04786,5849,train
4787,plan_04787,5850,train
4788,plan_04788,5851,train
4789,plan_04789,5852,train
4790,plan_04790,5853,train
4791,plan_04791,5854,train
4792,plan_04792,5855,train
4793,plan_04793,5856,train
4794,plan_04794,5858,train
4795,plan_04795,5859,train
4796,plan_04796,5860,train
4797,plan_04797,5861,train
4798,plan_04798,5862,train
4799,plan_04799,5864,train
4800,plan_04800,5865,train
4801,plan_04801,5866,train
4802,plan_04802,5867,train
4803,plan_04803,5868,train
4804,plan_04804,5869,train
4805,plan_04805,5870,train
4806,plan_04806,5871,train
4807,plan_04807,5872,train
4808,plan_04808,5873,train
4809,plan_04809,5876,train
4810,plan_04810,5877,train
4811,plan_04811,5878,train
4812,plan_04812,5879,train
4813,plan_04813,5880,train
4814,plan_04814,5881,train
4815,plan_04815,5882,train
4816,plan_04816,5883,train
4817,plan_04817,5884,train
4818,plan_04818,5886,train
4819,plan_04819,5887,train
4820,plan_04820,5888,train
4821,plan_04821,5889,train
4822,plan_04822,5891,train
4823,plan_04823,5892,train
4824,plan_04824,5893,train
4825,plan_04825,5894,train
4826,plan_04826,5895,train
4827,plan_04827,5896,train
4828,plan_04828,5897,train
4829,plan_04829,5898,train
4830,plan_04830,5900,train
4831,plan_04831,5902,train
4832,plan_04832,5903,train
4833,plan_04833,5905,train
4834,plan_04834,5906,train
4835,plan_04835,5907,train
4836,plan_04836,5908,train
4837,plan_04837,5909,train
4838,plan_04838,5910,train
4839,plan_04839,5911,train
4840,plan_04840,5912,train
4841,plan_04841,5914,train
4842,plan_04842,5915,train
4843,plan_04843,5918,train
4844,plan_04844,5919,train
4845,plan_04845,5920,train
4846,plan_04846,5921,train
4847,plan_04847,5922,train
4848,plan_04848,5923,train
4849,plan_04849,5925,train
4850,plan_04850,5926,train
4851,plan_04851,5927,train
4852,plan_04852,5928,train
4853,plan_04853,5929,train
4854,plan_04854,5930,train
4855,plan_04855,5932,train
4856,plan_04856,5933,train
4857,plan_04857,5935,train
4858,plan_04858,5936,train
4859,plan_04859,5937,train
4860,plan_04860,5938,train
4861,plan_04861,5939,train
4862,plan_04862,5940,train
4863,plan_04863,5941,train
4864,plan_04864,5942,train
4865,plan_04865,5943,train
4866,plan_04866,5944,train
4867,plan_04867,5945,train
4868,plan_04868,5946,train
4869,plan_04869,5947,train
4870,plan_04870,5948,train
4871,plan_04871,5949,train
4872,plan_04872,5950,train
4873,plan_04873,5952,train
4874,plan_04874,5954,train
4875,plan_04875,5955,train
4876,plan_04876,5956,train
4877,plan_04877,5958,train
4878,plan_04878,5959,train
4879,plan_04879,5960,train
4880,plan_04880,5961,train
4881,plan_04881,5962,train
4882,plan_04882,5963,train
4883,plan_04883,5965,train
4884,plan_04884,5966,train
4885,plan_04885,5967,train
4886,plan_04886,5968,train
4887,plan_04887,5969,train
4888,plan_04888,5970,train
4889,plan_04889,5971,train
4890,plan_04890,5972,train
4891,plan_04891,5974,train
4892,plan_04892,5975,train
4893,plan_04893,5976,train
4894,plan_04894,5977,train
4895,plan_04895,5978,train
4896,plan_04896,5979,train
4897,plan_04897,5980,train
4898,plan_04898,5981,train
4899,plan_04899,5982,train
4900,plan_04900,5983,train
4901,plan_04901,5984,train
4902,plan_04902,5985,train
4903,plan_04903,5988,train
4904,plan_04904,5989,train
4905,plan_04905,5990,train
4906,plan_04906,5991,train
4907,plan_04907,5992,train
4908,plan_04908,5993,train
4909,plan_04909,5994,train
4910,plan_04910,5995,train
4911,plan_04911,5996,train
4912,plan_04912,5997,train
4913,plan_04913,5998,train
4914,plan_04914,6001,train
4915,plan_04915,6002,train
4916,plan_04916,6003,train
4917,plan_04917,6004,train
4918,plan_04918,6006,train
4919,plan_04919,6007,train
4920,plan_04920,6008,train
4921,plan_04921,6010,train
4922,plan_04922,6011,train
4923,plan_04923,6012,train
4924,plan_04924,6013,train
4925,plan_04925,6014,train
4926,plan_04926,6015,train
4927,plan_04927,6016,train
4928,plan_04928,6018,train
4929,plan_04929,6019,train
4930,plan_04930,6020,train
4931,plan_04931,6021,train
4932,plan_04932,6023,train
4933,plan_04933,6024,train
4934,plan_04934,6028,train
4935,plan_04935,6029,train
4936,plan_04936,6030,train
4937,plan_04937,6031,train
4938,plan_04938,6032,train
4939,plan_04939,6033,train
4940,plan_04940,6034,train
4941,plan_04941,6035,train
4942,plan_04942,6036,train
4943,plan_04943,6037,train
4944,plan_04944,6038,train
4945,plan_04945,6039,train
4946,plan_04946,6041,train
4947,plan_04947,6042,train
4948,plan_04948,6044,train
4949,plan_04949,6046,train
4950,plan_04950,6047,train
4951,plan_04951,6048,train
4952,plan_04952,6049,train
4953,plan_04953,6050,train
4954,plan_04954,6051,train
4955,plan_04955,6054,train
4956,plan_04956,6056,train
4957,plan_04957,6057,train
4958,plan_04958,6058,train
4959,plan_04959,6059,train
4960,plan_04960,6060,train
4961,plan_04961,6061,train
4962,plan_04962,6064,train
4963,plan_04963,6065,train
4964,plan_04964,6066,train
4965,plan_04965,6067,train
4966,plan_04966,6068,train
4967,plan_04967,6069,train
4968,plan_04968,6070,train
4969,plan_04969,6071,train
4970,plan_04970,6072,train
4971,plan_04971,6073,train
4972,plan_04972,6074,train
4973,plan_04973,6081,train
4974,plan_04974,6082,train
4975,plan_04975,6083,train
4976,plan_04976,6084,train
4977,plan_04977,6085,train
4978,plan_04978,6086,train
4979,plan_04979,6088,train
4980,plan_04980,6089,train
4981,plan_04981,6090,train
4982,plan_04982,6091,train
4983,plan_04983,6092,train
4984,plan_04984,6093,train
4985,plan_04985,6094,train
4986,plan_04986,6095,train
4987,plan_04987,6096,train
4988,plan_04988,6097,train
4989,plan_04989,6098,train
4990,plan_04990,6099,train
4991,plan_04991,6100,train
4992,plan_04992,6101,train
4993,plan_04993,6102,train
4994,plan_04994,6103,train
4995,plan_04995,6104,train
4996,plan_04996,6106,train
4997,plan_04997,6107,train
4998,plan_04998,6108,train
4999,plan_04999,6109,train
5000,plan_05000,6110,train
5001,plan_05001,6113,train
5002,plan_05002,6114,train
5003,plan_05003,6116,train
5004,plan_05004,6117,train
5005,plan_05005,6118,train
5006,plan_05006,6119,train
5007,plan_05007,6120,train
5008,plan_05008,6121,train
5009,plan_05009,6125,train
5010,plan_05010,6127,train
5011,plan_05011,6128,train
5012,plan_05012,6130,train
5013,plan_05013,6131,train
5014,plan_05014,6132,train
5015,plan_05015,6133,train
5016,plan_05016,6134,train
5017,plan_05017,6135,train
5018,plan_05018,6137,train
5019,plan_05019,6138,train
5020,plan_05020,6139,train
5021,plan_05021,6140,train
5022,plan_05022,6141,train
5023,plan_05023,6142,train
5024,plan_05024,6143,train
5025,plan_05025,6144,train
5026,plan_05026,6145,train
5027,plan_05027,6146,train
5028,plan_05028,6147,train
5029,plan_05029,6149,train
5030,plan_05030,6150,train
5031,plan_05031,6152,train
5032,plan_05032,6153,train
5033,plan_05033,6154,train
5034,plan_05034,6155,train
5035,plan_05035,6156,train
5036,plan_05036,6157,train
5037,plan_05037,6158,train
5038,plan_05038,6159,train
5039,plan_05039,6160,train
5040,plan_05040,6161,train
5041,plan_05041,6162,train
5042,plan_05042,6163,train
5043,plan_05043,6164,train
5044,plan_05044,6165,train
5045,plan_05045,6166,train
5046,plan_05046,6168,train
5047,plan_05047,6170,train
5048,plan_05048,6171,train
5049,plan_05049,6172,train
5050,plan_05050,6173,train
5051,plan_05051,6174,train
5052,plan_05052,6175,train
5053,plan_05053,6176,train
5054,plan_05054,6177,train
5055,plan_05055,6178,train
5056,plan_05056,6179,train
5057,plan_05057,6180,train
5058,plan_05058,6181,train
5059,plan_05059,6182,train
5060,plan_05060,6183,train
5061,plan_05061,6184,train
5062,plan_05062,6185,train
5063,plan_05063,6186,train
5064,plan_05064,6187,train
5065,plan_05065,6188,train
5066,plan_05066,6189,train
5067,plan_05067,6190,train
5068,plan_05068,6192,train
5069,plan_05069,6194,train
5070,plan_05070,6195,train
5071,plan_05071,6196,train
5072,plan_05072,6197,train
5073,plan_05073,6198,train
5074,plan_05074,6199,train
5075,plan_05075,6200,train
5076,plan_05076,6201,train
5077,plan_05077,6202,train
5078,plan_05078,6203,train
5079,plan_05079,6204,train
5080,plan_05080,6205,train
5081,plan_05081,6206,train
5082,plan_05082,6207,train
5083,plan_05083,6208,train
5084,plan_05084,6209,train
5085,plan_05085,6210,train
5086,plan_05086,6211,train
5087,plan_05087,6212,train
5088,plan_05088,6213,train
5089,plan_05089,6214,train
5090,plan_05090,6215,train
5091,plan_05091,6216,train
5092,plan_05092,6217,train
5093,plan_05093,6218,train
5094,plan_05094,6219,train
5095,plan_05095,6222,train
5096,plan_05096,6225,train
5097,plan_05097,6226,train
5098,plan_05098,6227,train
5099,plan_05099,6228,train
5100,plan_05100,6229,train
5101,plan_05101,6230,train
5102,plan_05102,6233,train
5103,plan_05103,6234,train
5104,plan_05104,6235,train
5105,plan_05105,6236,train
5106,plan_05106,6237,train
5107,plan_05107,6240,train
5108,plan_05108,6241,train
5109,plan_05109,6242,train
5110,plan_05110,6243,train
5111,plan_05111,6244,train
5112,plan_05112,6246,train
5113,plan_05113,6247,train
5114,plan_05114,6248,train
5115,plan_05115,6249,train
5116,plan_05116,6250,train
5117,plan_05117,6251,train
5118,plan_05118,6252,train
5119,plan_05119,6253,train
5120,plan_05120,6254,train
5121,plan_05121,6255,train
5122,plan_05122,6256,train
5123,plan_05123,6257,train
5124,plan_05124,6258,train
5125,plan_05125,6259,train
5126,plan_05126,6261,train
5127,plan_05127,6262,train
5128,plan_05128,6263,train
5129,plan_05129,6264,train
5130,plan_05130,6265,train
5131,plan_05131,6266,train
5132,plan_05132,6267,train
5133,plan_05133,6268,train
5134,plan_05134,6269,train
5135,plan_05135,6270,train
5136,plan_05136,6271,train
5137,plan_05137,6272,train
5138,plan_05138,6273,train
5139,plan_05139,6274,train
5140,plan_05140,6275,train
5141,plan_05141,6278,train
5142,plan_05142,6279,train
5143,plan_05143,6280,train
5144,plan_05144,6281,train
5145,plan_05145,6282,train
5146,plan_05146,6284,train
5147,plan_05147,6285,train
5148,plan_05148,6286,train
5149,plan_05149,6287,train
5150,plan_05150,6288,train
5151,plan_05151,6289,train
5152,plan_05152,6290,train
5153,plan_05153,6291,train
5154,plan_05154,6292,train
5155,plan_05155,6293,train
5156,plan_05156,6294,train
5157,plan_05157,6295,train
5158,plan_05158,6296,train
5159,plan_05159,6297,train
5160,plan_05160,6298,train
5161,plan_05161,6300,train
5162,plan_05162,6302,train
5163,plan_05163,6303,train
5164,plan_05164,6304,train
5165,plan_05165,6305,train
5166,plan_05166,6306,train
5167,plan_05167,6307,train
5168,plan_05168,6308,train
5169,plan_05169,6309,train
5170,plan_05170,6311,train
5171,plan_05171,6312,train
5172,plan_05172,6313,train
5173,plan_05173,6314,train
5174,plan_05174,6315,train
5175,plan_05175,6316,train
5176,plan_05176,6318,train
5177,plan_05177,6319,train
5178,plan_05178,6320,train
5179,plan_05179,6321,train
5180,plan_05180,6322,train
5181,plan_05181,6323,train
5182,plan_05182,6324,train
5183,plan_05183,6325,train
5184,plan_05184,6326,train
5185,plan_05185,6327,train
5186,plan_05186,6328,train
5187,plan_05187,6329,train
5188,plan_05188,6331,train
5189,plan_05189,6332,train
5190,plan_05190,6333,train
5191,plan_05191,6334,train
5192,plan_05192,6335,train
5193,plan_05193,6336,train
5194,plan_05194,6338,train
5195,plan_05195,6339,train
5196,plan_05196,6340,train
5197,plan_05197,6341,train
5198,plan_05198,6342,train
5199,plan_05199,6343,train
5200,plan_05200,6344,train
5201,plan_05201,6345,train
5202,plan_05202,6346,train
5203,plan_05203,6347,train
5204,plan_05204,6348,train
5205,plan_05205,6349,train
5206,plan_05206,6350,train
5207,plan_05207,6351,train
5208,plan_05208,6352,train
5209,plan_05209,6353,train
5210,plan_05210,6355,train
5211,plan_05211,6356,train
5212,plan_05212,6358,train
5213,plan_05213,6359,train
5214,plan_05214,6360,train
5215,plan_05215,6361,train
5216,plan_05216,6362,train
5217,plan_05217,6363,train
5218,plan_05218,6364,train
5219,plan_05219,6365,train
5220,plan_05220,6366,train
5221,plan_05221,6367,train
5222,plan_05222,6368,train
5223,plan_05223,6369,train
5224,plan_05224,6370,train
5225,plan_05225,6372,train
5226,plan_05226,6373,train
5227,plan_05227,6374,train
5228,plan_05228,6375,train
5229,plan_05229,6376,train
5230,plan_05230,6377,train
5231,plan_05231,6378,train
5232,plan_05232,6379,train
5233,plan_05233,6381,train
5234,plan_05234,6382,train
5235,plan_05235,6383,train
5236,plan_05236,6384,train
5237,plan_05237,6386,train
5238,plan_05238,6387,train
5239,plan_05239,6389,train
5240,plan_05240,6390,train
5241,plan_05241,6391,train
5242,plan_05242,6392,train
5243,plan_05243,6393,train
5244,plan_05244,6394,train
5245,plan_05245,6395,train
5246,plan_05246,6396,train
5247,plan_05247,6398,train
5248,plan_05248,6399,train
5249,plan_05249,6400,train
5250,plan_05250,6401,train
5251,plan_05251,6402,train
5252,plan_05252,6405,train
5253,plan_05253,6406,train
5254,plan_05254,6408,train
5255,plan_05255,6409,train
5256,plan_05256,6410,train
5257,plan_05257,6412,train
5258,plan_05258,6414,train
5259,plan_05259,6415,train
5260,plan_05260,6416,train
5261,plan_05261,6417,train
5262,plan_05262,6418,train
5263,plan_05263,6419,train
5264,plan_05264,6420,train
5265,plan_05265,6421,train
5266,plan_05266,6422,train
5267,plan_05267,6423,train
5268,plan_05268,6424,train
5269,plan_05269,6425,train
5270,plan_05270,6426,train
5271,plan_05271,6427,train
5272,plan_05272,6428,train
5273,plan_05273,6429,train
5274,plan_05274,6430,train
5275,plan_05275,6431,train
5276,plan_05276,6432,train
5277,plan_05277,6433,train
5278,plan_05278,6434,train
5279,plan_05279,6435,train
5280,plan_05280,6436,train
5281,plan_05281,6438,train
5282,plan_05282,6439,train
5283,plan_05283,6440,train
5284,plan_05284,6441,train
5285,plan_05285,6442,train
5286,plan_05286,6443,train
5287,plan_05287,6444,train
5288,plan_05288,6446,train
5289,plan_05289,6447,train
5290,plan_05290,6448,train
5291,plan_05291,6449,train
5292,plan_05292,6450,train
5293,plan_05293,6452,train
5294,plan_05294,6454,train
5295,plan_05295,6455,train
5296,plan_05296,6456,train
5297,plan_05297,6457,train
5298,plan_05298,6458,train
5299,plan_05299,6459,train
5300,plan_05300,6460,train
5301,plan_05301,6461,train
5302,plan_05302,6462,train
5303,plan_05303,6463,train
5304,plan_05304,6464,train
5305,plan_05305,6465,train
5306,plan_05306,6466,train
5307,plan_05307,6467,train
5308,plan_05308,6468,train
5309,plan_05309,6469,train
5310,plan_05310,6470,train
5311,plan_05311,6471,train
5312,plan_05312,6472,train
5313,plan_05313,6473,train
5314,plan_05314,6474,train
5315,plan_05315,6475,train
5316,plan_05316,6476,train
5317,plan_05317,6477,train
5318,plan_05318,6478,train
5319,plan_05319,6479,train
5320,plan_05320,6480,train
5321,plan_05321,6481,train
5322,plan_05322,6482,train
5323,plan_05323,6483,train
5324,plan_05324,6484,train
5325,plan_05325,6485,train
5326,plan_05326,6486,train
5327,plan_05327,6487,train
5328,plan_05328,6488,train
5329,plan_05329,6489,train
5330,plan_05330,6490,train
5331,plan_05331,6491,train
5332,plan_05332,6492,train
5333,plan_05333,6493,train
5334,plan_05334,6495,train
5335,plan_05335,6496,train
5336,plan_05336,6497,train
5337,plan_05337,6498,train
5338,plan_05338,6499,train
5339,plan_05339,6500,train
5340,plan_05340,6502,train
5341,plan_05341,6503,train
5342,plan_05342,6504,train
5343,plan_05343,6506,train
5344,plan_05344,6507,train
5345,plan_05345,6508,train
5346,plan_05346,6509,train
5347,plan_05347,6510,train
5348,plan_05348,6511,train
5349,plan_05349,6512,train
5350,plan_05350,6513,train
5351,plan_05351,6514,train
5352,plan_05352,6515,train
5353,plan_05353,6516,train
5354,plan_05354,6517,train
5355,plan_05355,6518,train
5356,plan_05356,6519,train
5357,plan_05357,6520,train
5358,plan_05358,6521,train
5359,plan_05359,6523,train
5360,plan_05360,6524,train
5361,plan_05361,6525,train
5362,plan_05362,6526,train
5363,plan_05363,6528,train
5364,plan_05364,6529,train
5365,plan_05365,6530,train
5366,plan_05366,6531,train
5367,plan_05367,6532,train
5368,plan_05368,6533,train
5369,plan_05369,6534,train
5370,plan_05370,6536,train
5371,plan_05371,6537,train
5372,plan_05372,6538,train
5373,plan_05373,6539,train
5374,plan_05374,6540,train
5375,plan_05375,6541,train
5376,plan_05376,6542,train
5377,plan_05377,6543,train
5378,plan_05378,6544,train
5379,plan_05379,6545,train
5380,plan_05380,6546,train
5381,plan_05381,6548,train
5382,plan_05382,6549,train
5383,plan_05383,6550,train
5384,plan_05384,6551,train
5385,plan_05385,6552,train
5386,plan_05386,6553,train
5387,plan_05387,6554,train
5388,plan_05388,6555,train
5389,plan_05389,6556,train
5390,plan_05390,6557,train
5391,plan_05391,6558,train
5392,plan_05392,6560,train
5393,plan_05393,6561,train
5394,plan_05394,6562,train
5395,plan_05395,6563,train
5396,plan_05396,6564,train
5397,plan_05397,6566,train
5398,plan_05398,6569,train
5399,plan_05399,6570,train
5400,plan_05400,6571,train
5401,plan_05401,6572,train
5402,plan_05402,6573,train
5403,plan_05403,6574,train
5404,plan_05404,6577,train
5405,plan_05405,6579,train
5406,plan_05406,6580,train
5407,plan_05407,6581,train
5408,plan_05408,6582,train
5409,plan_05409,6583,train
5410,plan_05410,6584,train
5411,plan_05411,6586,train
5412,plan_05412,6587,train
5413,plan_05413,6588,train
5414,plan_05414,6589,train
5415,plan_05415,6590,train
5416,plan_05416,6591,train
5417,plan_05417,6592,train
5418,plan_05418,6593,train
5419,plan_05419,6594,train
5420,plan_05420,6595,train
5421,plan_05421,6596,train
5422,plan_05422,6600,train
5423,plan_05423,6601,train
5424,plan_05424,6603,train
5425,plan_05425,6605,train
5426,plan_05426,6606,train
5427,plan_05427,6607,train
5428,plan_05428,6608,train
5429,plan_05429,6609,train
5430,plan_05430,6611,train
5431,plan_05431,6612,train
5432,plan_05432,6614,train
5433,plan_05433,6616,train
5434,plan_05434,6617,train
5435,plan_05435,6619,train
5436,plan_05436,6620,train
5437,plan_05437,6621,train
5438,plan_05438,6622,train
5439,plan_05439,6623,train
5440,plan_05440,6628,train
5441,plan_05441,6629,train
5442,plan_05442,6651,train
5443,plan_05443,6652,train
5444,plan_05444,6653,train
5445,plan_05445,6658,train
5446,plan_05446,6659,train
5447,plan_05447,6660,train
5448,plan_05448,6661,train
5449,plan_05449,6674,train
5450,plan_05450,6675,train
5451,plan_05451,6676,train
5452,plan_05452,6677,train
5453,plan_05453,6684,train
5454,plan_05454,6685,train
5455,plan_05455,6686,train
5456,plan_05456,6687,train
5457,plan_05457,6688,train
5458,plan_05458,6689,train
5459,plan_05459,6690,train
5460,plan_05460,6691,train
5461,plan_05461,6692,train
5462,plan_05462,6693,train
5463,plan_05463,6694,train
5464,plan_05464,6695,train
5465,plan_05465,6696,train
5466,plan_05466,6697,train
5467,plan_05467,6699,train
5468,plan_05468,6700,train
5469,plan_05469,6701,train
5470,plan_05470,6703,train
5471,plan_05471,6704,train
5472,plan_05472,6705,train
5473,plan_05473,6707,train
5474,plan_05474,6708,train
5475,plan_05475,6709,train
5476,plan_05476,6710,train
5477,plan_05477,6711,train
5478,plan_05478,6712,train
5479,plan_05479,6713,train
5480,plan_05480,6714,train
5481,plan_05481,6715,train
5482,plan_05482,6717,train
5483,plan_05483,6719,train
5484,plan_05484,6720,train
5485,plan_05485,6721,train
5486,plan_05486,6723,train
5487,plan_05487,6724,train
5488,plan_05488,6725,train
5489,plan_05489,6726,train
5490,plan_05490,6727,train
5491,plan_05491,6728,train
5492,plan_05492,6729,train
5493,plan_05493,6730,train
5494,plan_05494,6731,train
5495,plan_05495,6733,train
5496,plan_05496,6734,train
5497,plan_05497,6735,train
5498,plan_05498,6736,train
5499,plan_05499,6737,train
5500,plan_05500,6738,train
5501,plan_05501,6739,train
5502,plan_05502,6740,train
5503,plan_05503,6741,train
5504,plan_05504,6742,train
5505,plan_05505,6744,train
5506,plan_05506,6746,train
5507,plan_05507,6749,train
5508,plan_05508,6751,train
5509,plan_05509,6752,train
5510,plan_05510,6753,train
5511,plan_05511,6754,train
5512,plan_05512,6757,train
5513,plan_05513,6758,train
5514,plan_05514,6759,train
5515,plan_05515,6760,train
5516,plan_05516,6761,train
5517,plan_05517,6762,train
5518,plan_05518,6763,train
5519,plan_05519,6764,train
5520,plan_05520,6765,train
5521,plan_05521,6766,train
5522,plan_05522,6767,train
5523,plan_05523,6768,train
5524,plan_05524,6769,train
5525,plan_05525,6770,train
5526,plan_05526,6771,train
5527,plan_05527,6772,train
5528,plan_05528,6773,train
5529,plan_05529,6774,train
5530,plan_05530,6775,train
5531,plan_05531,6776,train
5532,plan_05532,6777,train
5533,plan_05533,6778,train
5534,plan_05534,6779,train
5535,plan_05535,6780,train
5536,plan_05536,6781,train
5537,plan_05537,6782,train
5538,plan_05538,6783,train
5539,plan_05539,6784,train
5540,plan_05540,6786,train
5541,plan_05541,6790,train
5542,plan_05542,6791,train
5543,plan_05543,6792,train
5544,plan_05544,6793,train
5545,plan_05545,6794,train
5546,plan_05546,6796,train
5547,plan_05547,6797,train
5548,plan_05548,6798,train
5549,plan_05549,6800,train
5550,plan_05550,6801,train
5551,plan_05551,6802,train
5552,plan_05552,6803,train
5553,plan_05553,6804,train
5554,plan_05554,6805,train
5555,plan_05555,6806,train
5556,plan_05556,6807,train
5557,plan_05557,6808,train
5558,plan_05558,6809,train
5559,plan_05559,6810,train
5560,plan_05560,6811,train
5561,plan_05561,6812,train
5562,plan_05562,6814,train
5563,plan_05563,6815,train
5564,plan_05564,6816,train
5565,plan_05565,6817,train
5566,plan_05566,6818,train
5567,plan_05567,6819,train
5568,plan_05568,6820,train
5569,plan_05569,6821,train
5570,plan_05570,6822,train
5571,plan_05571,6823,train
5572,plan_05572,6824,train
5573,plan_05573,6825,train
5574,plan_05574,6826,train
5575,plan_05575,6827,train
5576,plan_05576,6828,train
5577,plan_05577,6829,train
5578,plan_05578,6830,train
5579,plan_05579,6831,train
5580,plan_05580,6832,train
5581,plan_05581,6833,train
5582,plan_05582,6834,train
5583,plan_05583,6835,train
5584,plan_05584,6836,train
5585,plan_05585,6837,train
5586,plan_05586,6838,train
5587,plan_05587,6839,train
5588,plan_05588,6840,train
5589,plan_05589,6841,train
5590,plan_05590,6842,train
5591,plan_05591,6843,train
5592,plan_05592,6844,train
5593,plan_05593,6845,train
5594,plan_05594,6847,train
5595,plan_05595,6848,train
5596,plan_05596,6849,train
5597,plan_05597,6850,train
5598,plan_05598,6852,train
5599,plan_05599,6853,train
5600,plan_05600,6854,train
5601,plan_05601,6855,train
5602,plan_05602,6856,train
5603,plan_05603,6857,train
5604,plan_05604,6859,train
5605,plan_05605,6860,train
5606,plan_05606,6863,train
5607,plan_05607,6864,train
5608,plan_05608,6865,train
5609,plan_05609,6866,train
5610,plan_05610,6868,train
5611,plan_05611,6869,train
5612,plan_05612,6871,train
5613,plan_05613,6872,train
5614,plan_05614,6873,train
5615,plan_05615,6874,train
5616,plan_05616,6875,train
5617,plan_05617,6876,train
5618,plan_05618,6877,train
5619,plan_05619,6879,train
5620,plan_05620,6880,train
5621,plan_05621,6882,train
5622,plan_05622,6883,train
5623,plan_05623,6884,train
5624,plan_05624,6887,train
5625,plan_05625,6889,train
5626,plan_05626,6890,train
5627,plan_05627,6891,train
5628,plan_05628,6894,train
5629,plan_05629,6896,train
5630,plan_05630,6898,train
5631,plan_05631,6899,train
5632,plan_05632,6910,train
5633,plan_05633,6912,train
5634,plan_05634,6913,train
5635,plan_05635,6915,train
5636,plan_05636,6916,train
5637,plan_05637,6919,train
5638,plan_05638,6920,train
5639,plan_05639,6921,train
5640,plan_05640,6922,train
5641,plan_05641,6923,train
5642,plan_05642,6925,train
5643,plan_05643,6926,train
5644,plan_05644,6927,train
5645,plan_05645,6928,train
5646,plan_05646,6929,train
5647,plan_05647,6930,train
5648,plan_05648,6931,train
5649,plan_05649,6932,train
5650,plan_05650,6933,train
5651,plan_05651,6934,train
5652,plan_05652,6936,train
5653,plan_05653,6937,train
5654,plan_05654,6938,train
5655,plan_05655,6939,train
5656,plan_05656,6940,train
5657,plan_05657,6941,train
5658,plan_05658,6944,train
5659,plan_05659,6945,train
5660,plan_05660,6946,train
5661,plan_05661,6947,train
5662,plan_05662,6949,train
5663,plan_05663,6950,train
5664,plan_05664,6951,train
5665,plan_05665,6952,train
5666,plan_05666,6953,train
5667,plan_05667,6954,train
5668,plan_05668,6955,train
5669,plan_05669,6956,train
5670,plan_05670,6957,train
5671,plan_05671,6958,train
5672,plan_05672,6959,train
5673,plan_05673,6960,train
5674,plan_05674,6963,train
5675,plan_05675,6965,train
5676,plan_05676,6966,train
5677,plan_05677,6967,train
5678,plan_05678,6968,train
5679,plan_05679,6969,train
5680,plan_05680,6970,train
5681,plan_05681,6971,train
5682,plan_05682,6972,train
5683,plan_05683,6974,train
5684,plan_05684,6975,train
5685,plan_05685,6977,train
5686,plan_05686,6978,train
5687,plan_05687,6981,train
5688,plan_05688,6982,train
5689,plan_05689,6983,train
5690,plan_05690,6984,train
5691,plan_05691,6985,train
5692,plan_05692,6986,train
5693,plan_05693,6987,train
5694,plan_05694,6988,train
5695,plan_05695,6989,train
5696,plan_05696,6991,train
5697,plan_05697,6992,train
5698,plan_05698,6993,train
5699,plan_05699,6994,train
5700,plan_05700,6996,train
5701,plan_05701,6998,train
5702,plan_05702,6999,train
5703,plan_05703,7000,train
5704,plan_05704,7001,train
5705,plan_05705,7002,train
5706,plan_05706,7003,train
5707,plan_05707,7004,train
5708,plan_05708,7005,train
5709,plan_05709,7006,train
5710,plan_05710,7008,train
5711,plan_05711,7010,train
5712,plan_05712,7011,train
5713,plan_05713,7012,train
5714,plan_05714,7013,train
5715,plan_05715,7014,train
5716,plan_05716,7015,train
5717,plan_05717,7017,train
5718,plan_05718,7018,train
5719,plan_05719,7019,train
5720,plan_05720,7020,train
5721,plan_05721,7021,train
5722,plan_05722,7022,train
5723,plan_05723,7023,train
5724,plan_05724,7024,train
5725,plan_05725,7026,train
5726,plan_05726,7027,train
5727,plan_05727,7028,train
5728,plan_05728,7029,train
5729,plan_05729,7030,train
5730,plan_05730,7031,train
5731,plan_05731,7034,train
5732,plan_05732,7035,train
5733,plan_05733,7036,train
5734,plan_05734,7037,train
5735,plan_05735,7038,train
5736,plan_05736,7040,train
5737,plan_05737,7041,train
5738,plan_05738,7042,train
5739,plan_05739,7043,train
5740,plan_05740,7045,train
5741,plan_05741,7046,train
5742,plan_05742,7047,train
5743,plan_05743,7048,train
5744,plan_05744,7049,train
5745,plan_05745,7050,train
5746,plan_05746,7051,train
5747,plan_05747,7052,train
5748,plan_05748,7053,train
5749,plan_05749,7054,train
5750,plan_05750,7055,train
5751,plan_05751,7056,train
5752,plan_05752,7058,train
5753,plan_05753,7059,train
5754,plan_05754,7062,train
5755,plan_05755,7063,train
5756,plan_05756,7064,train
5757,plan_05757,7065,train
5758,plan_05758,7066,train
5759,plan_05759,7067,train
5760,plan_05760,7068,train
5761,plan_05761,7069,train
5762,plan_05762,7070,train
5763,plan_05763,7071,train
5764,plan_05764,7072,train
5765,plan_05765,7074,train
5766,plan_05766,7076,train
5767,plan_05767,7077,train
5768,plan_05768,7078,train
5769,plan_05769,7079,train
5770,plan_05770,7080,train
5771,plan_05771,7081,train
5772,plan_05772,7082,train
5773,plan_05773,7083,train
5774,plan_05774,7085,train
5775,plan_05775,7086,train
5776,plan_05776,7087,train
5777,plan_05777,7088,train
5778,plan_05778,7089,train
5779,plan_05779,7091,train
5780,plan_05780,7092,train
5781,plan_05781,7095,train
5782,plan_05782,7096,train
5783,plan_05783,7098,train
5784,plan_05784,7099,train
5785,plan_05785,7100,train
5786,plan_05786,7104,train
5787,plan_05787,7106,train
5788,plan_05788,7108,train
5789,plan_05789,7109,train
5790,plan_05790,7110,train
5791,plan_05791,7111,train
5792,plan_05792,7114,train
5793,plan_05793,7115,train
5794,plan_05794,7118,train
5795,plan_05795,7119,train
5796,plan_05796,7120,train
5797,plan_05797,7121,train
5798,plan_05798,7122,train
5799,plan_05799,7123,train
5800,plan_05800,7124,train
5801,plan_05801,7125,train
5802,plan_05802,7126,train
5803,plan_05803,7128,train
5804,plan_05804,7129,train
5805,plan_05805,7130,train
5806,plan_05806,7131,train
5807,plan_05807,7133,train
5808,plan_05808,7134,train
5809,plan_05809,7135,train
5810,plan_05810,7136,train
5811,plan_05811,7139,train
5812,plan_05812,7140,train
5813,plan_05813,7141,train
5814,plan_05814,7142,train
5815,plan_05815,7143,train
5816,plan_05816,7144,train
5817,plan_05817,7145,train
5818,plan_05818,7146,train
5819,plan_05819,7147,train
5820,plan_05820,7148,train
5821,plan_05821,7149,train
5822,plan_05822,7151,train
5823,plan_05823,7152,train
5824,plan_05824,7153,train
5825,plan_05825,7154,train
5826,plan_05826,7155,train
5827,plan_05827,7156,train
5828,plan_05828,7157,train
5829,plan_05829,7158,train
5830,plan_05830,7160,train
5831,plan_05831,7161,train
5832,plan_05832,7163,train
5833,plan_05833,7164,train
5834,plan_05834,7165,train
5835,plan_05835,7167,train
5836,plan_05836,7168,train
5837,plan_05837,7169,train
5838,plan_05838,7170,train
5839,plan_05839,7171,train
5840,plan_05840,7172,train
5841,plan_05841,7173,train
5842,plan_05842,7174,train
5843,plan_05843,7175,train
5844,plan_05844,7176,train
5845,plan_05845,7178,train
5846,plan_05846,7179,train
5847,plan_05847,7180,train
5848,plan_05848,7181,train
5849,plan_05849,7182,train
5850,plan_05850,7183,train
5851,plan_05851,7184,train
5852,plan_05852,7185,train
5853,plan_05853,7186,train
5854,plan_05854,7187,train
5855,plan_05855,7188,train
5856,plan_05856,7189,train
5857,plan_05857,7190,train
5858,plan_05858,7191,train
5859,plan_05859,7192,train
5860,plan_05860,7193,train
5861,plan_05861,7194,train
5862,plan_05862,7195,train
5863,plan_05863,7196,train
5864,plan_05864,7197,train
5865,plan_05865,7198,train
5866,plan_05866,7199,train
5867,plan_05867,7201,train
5868,plan_05868,7203,train
5869,plan_05869,7204,train
5870,plan_05870,7205,train
5871,plan_05871,7206,train
5872,plan_05872,7208,train
5873,plan_05873,7211,train
5874,plan_05874,7212,train
5875,plan_05875,7213,train
5876,plan_05876,7214,train
5877,plan_05877,7215,train
5878,plan_05878,7216,train
5879,plan_05879,7217,train
5880,plan_05880,7218,train
5881,plan_05881,7219,train
5882,plan_05882,7220,train
5883,plan_05883,7221,train
5884,plan_05884,7224,train
5885,plan_05885,7225,train
5886,plan_05886,7226,train
5887,plan_05887,7227,train
5888,plan_05888,7228,train
5889,plan_05889,7229,train
5890,plan_05890,7231,train
5891,plan_05891,7233,train
5892,plan_05892,7234,train
5893,plan_05893,7237,train
5894,plan_05894,7238,train
5895,plan_05895,7239,train
5896,plan_05896,7241,train
5897,plan_05897,7242,train
5898,plan_05898,7243,train
5899,plan_05899,7244,train
5900,plan_05900,7245,train
5901,plan_05901,7246,train
5902,plan_05902,7247,train
5903,plan_05903,7248,train
5904,plan_05904,7250,train
5905,plan_05905,7251,train
5906,plan_05906,7252,train
5907,plan_05907,7254,train
5908,plan_05908,7255,train
5909,plan_05909,7257,train
5910,plan_05910,7258,train
5911,plan_05911,7259,train
5912,plan_05912,7260,train
5913,plan_05913,7261,train
5914,plan_05914,7262,train
5915,plan_05915,7263,train
5916,plan_05916,7264,train
5917,plan_05917,7265,train
5918,plan_05918,7267,train
5919,plan_05919,7268,train
5920,plan_05920,7269,train
5921,plan_05921,7270,train
5922,plan_05922,7271,train
5923,plan_05923,7272,train
5924,plan_05924,7274,train
5925,plan_05925,7275,train
5926,plan_05926,7276,train
5927,plan_05927,7277,train
5928,plan_05928,7278,train
5929,plan_05929,7279,train
5930,plan_05930,7280,train
5931,plan_05931,7281,train
5932,plan_05932,7283,train
5933,plan_05933,7284,train
5934,plan_05934,7285,train
5935,plan_05935,7287,train
5936,plan_05936,7289,train
5937,plan_05937,7290,train
5938,plan_05938,7292,train
5939,plan_05939,7293,train
5940,plan_05940,7294,train
5941,plan_05941,7295,train
5942,plan_05942,7296,train
5943,plan_05943,7297,train
5944,plan_05944,7298,train
5945,plan_05945,7299,train
5946,plan_05946,7301,train
5947,plan_05947,7303,train
5948,plan_05948,7304,train
5949,plan_05949,7305,train
5950,plan_05950,7306,train
5951,plan_05951,7307,train
5952,plan_05952,7308,train
5953,plan_05953,7311,train
5954,plan_05954,7312,train
5955,plan_05955,7313,train
5956,plan_05956,7314,train
5957,plan_05957,7316,train
5958,plan_05958,7317,train
5959,plan_05959,7318,train
5960,plan_05960,7319,train
5961,plan_05961,7320,train
5962,plan_05962,7324,train
5963,plan_05963,7325,train
5964,plan_05964,7326,train
5965,plan_05965,7327,train
5966,plan_05966,7328,train
5967,plan_05967,7329,train
5968,plan_05968,7330,train
5969,plan_05969,7331,train
5970,plan_05970,7332,train
5971,plan_05971,7334,train
5972,plan_05972,7335,train
5973,plan_05973,7336,train
5974,plan_05974,7337,train
5975,plan_05975,7338,train
5976,plan_05976,7341,train
5977,plan_05977,7342,train
5978,plan_05978,7344,train
5979,plan_05979,7345,train
5980,plan_05980,7346,train
5981,plan_05981,7347,train
5982,plan_05982,7348,train
5983,plan_05983,7349,train
5984,plan_05984,7350,train
5985,plan_05985,7351,train
5986,plan_05986,7353,train
5987,plan_05987,7354,train
5988,plan_05988,7356,train
5989,plan_05989,7357,train
5990,plan_05990,7358,train
5991,plan_05991,7359,train
5992,plan_05992,7361,train
5993,plan_05993,7362,train
5994,plan_05994,7363,train
5995,plan_05995,7364,train
5996,plan_05996,7365,train
5997,plan_05997,7366,train
5998,plan_05998,7367,train
5999,plan_05999,7369,train
6000,plan_06000,7370,train
6001,plan_06001,7371,train
6002,plan_06002,7372,train
6003,plan_06003,7373,train
6004,plan_06004,7375,train
6005,plan_06005,7376,train
6006,plan_06006,7377,train
6007,plan_06007,7378,train
6008,plan_06008,7379,train
6009,plan_06009,7380,train
6010,plan_06010,7381,train
6011,plan_06011,7382,train
6012,plan_06012,7384,train
6013,plan_06013,7385,train
6014,plan_06014,7386,train
6015,plan_06015,7387,train
6016,plan_06016,7388,train
6017,plan_06017,7390,train
6018,plan_06018,7391,train
6019,plan_06019,7392,train
6020,plan_06020,7393,train
6021,plan_06021,7395,train
6022,plan_06022,7396,train
6023,plan_06023,7397,train
6024,plan_06024,7401,train
6025,plan_06025,7402,train
6026,plan_06026,7403,train
6027,plan_06027,7404,train
6028,plan_06028,7406,train
6029,plan_06029,7407,train
6030,plan_06030,7408,train
6031,plan_06031,7409,train
6032,plan_06032,7410,train
6033,plan_06033,7411,train
6034,plan_06034,7412,train
6035,plan_06035,7413,train
6036,plan_06036,7414,train
6037,plan_06037,7415,train
6038,plan_06038,7416,train
6039,plan_06039,7417,train
6040,plan_06040,7419,train
6041,plan_06041,7420,train
6042,plan_06042,7421,train
6043,plan_06043,7422,train
6044,plan_06044,7423,train
6045,plan_06045,7424,train
6046,plan_06046,7425,train
6047,plan_06047,7426,train
6048,plan_06048,7427,train
6049,plan_06049,7429,train
6050,plan_06050,7430,train
6051,plan_06051,7431,train
6052,plan_06052,7432,train
6053,plan_06053,7433,train
6054,plan_06054,7434,train
6055,plan_06055,7436,train
6056,plan_06056,7437,train
6057,plan_06057,7438,train
6058,plan_06058,7439,train
6059,plan_06059,7440,train
6060,plan_06060,7441,train
6061,plan_06061,7442,train
6062,plan_06062,7443,train
6063,plan_06063,7444,train
6064,plan_06064,7446,train
6065,plan_06065,7447,train
6066,plan_06066,7448,train
6067,plan_06067,7449,train
6068,plan_06068,7450,train
6069,plan_06069,7451,train
6070,plan_06070,7452,train
6071,plan_06071,7454,train
6072,plan_06072,7456,train
6073,plan_06073,7457,train
6074,plan_06074,7458,train
6075,plan_06075,7459,train
6076,plan_06076,7460,train
6077,plan_06077,7461,train
6078,plan_06078,7462,train
6079,plan_06079,7463,train
6080,plan_06080,7464,train
6081,plan_06081,7465,train
6082,plan_06082,7466,train
6083,plan_06083,7467,train
6084,plan_06084,7468,train
6085,plan_06085,7469,train
6086,plan_06086,7470,train
6087,plan_06087,7471,train
6088,plan_06088,7472,train
6089,plan_06089,7473,train
6090,plan_06090,7474,train
6091,plan_06091,7475,train
6092,plan_06092,7477,train
6093,plan_06093,7478,train
6094,plan_06094,7481,train
6095,plan_06095,7482,train
6096,plan_06096,7483,train
6097,plan_06097,7484,train
6098,plan_06098,7485,train
6099,plan_06099,7487,train
6100,plan_06100,7488,train
6101,plan_06101,7490,train
6102,plan_06102,7491,train
6103,plan_06103,7492,train
6104,plan_06104,7493,train
6105,plan_06105,7494,train
6106,plan_06106,7495,train
6107,plan_06107,7496,train
6108,plan_06108,7497,train
6109,plan_06109,7500,train
6110,plan_06110,7501,train
6111,plan_06111,7502,train
6112,plan_06112,7503,train
6113,plan_06113,7505,train
6114,plan_06114,7506,train
6115,plan_06115,7507,train
6116,plan_06116,7508,train
6117,plan_06117,7510,train
6118,plan_06118,7511,train
6119,plan_06119,7513,train
6120,plan_06120,7514,train
6121,plan_06121,7515,train
6122,plan_06122,7516,train
6123,plan_06123,7517,train
6124,plan_06124,7518,train
6125,plan_06125,7519,train
6126,plan_06126,7520,train
6127,plan_06127,7525,train
6128,plan_06128,7526,train
6129,plan_06129,7527,train
6130,plan_06130,7528,train
6131,plan_06131,7530,train
6132,plan_06132,7531,train
6133,plan_06133,7532,train
6134,plan_06134,7533,train
6135,plan_06135,7534,train
6136,plan_06136,7535,train
6137,plan_06137,7536,train
6138,plan_06138,7537,train
6139,plan_06139,7538,train
6140,plan_06140,7539,train
6141,plan_06141,7540,train
6142,plan_06142,7541,train
6143,plan_06143,7542,train
6144,plan_06144,7543,train
6145,plan_06145,7544,train
6146,plan_06146,7545,train
6147,plan_06147,7546,train
6148,plan_06148,7547,train
6149,plan_06149,7548,train
6150,plan_06150,7549,train
6151,plan_06151,7550,train
6152,plan_06152,7551,train
6153,plan_06153,7552,train
6154,plan_06154,7553,train
6155,plan_06155,7555,train
6156,plan_06156,7556,train
6157,plan_06157,7557,train
6158,plan_06158,7558,train
6159,plan_06159,7559,train
6160,plan_06160,7560,train
6161,plan_06161,7561,train
6162,plan_06162,7562,train
6163,plan_06163,7563,train
6164,plan_06164,7564,train
6165,plan_06165,7565,train
6166,plan_06166,7566,train
6167,plan_06167,7568,train
6168,plan_06168,7570,train
6169,plan_06169,7571,train
6170,plan_06170,7572,train
6171,plan_06171,7573,train
6172,plan_06172,7574,train
6173,plan_06173,7575,train
6174,plan_06174,7576,train
6175,plan_06175,7577,train
6176,plan_06176,7578,train
6177,plan_06177,7580,train
6178,plan_06178,7581,train
6179,plan_06179,7582,train
6180,plan_06180,7583,train
6181,plan_06181,7585,train
6182,plan_06182,7586,train
6183,plan_06183,7587,train
6184,plan_06184,7588,train
6185,plan_06185,7589,train
6186,plan_06186,7590,train
6187,plan_06187,7591,train
6188,plan_06188,7592,train
6189,plan_06189,7593,train
6190,plan_06190,7594,train
6191,plan_06191,7595,train
6192,plan_06192,7596,train
6193,plan_06193,7597,train
6194,plan_06194,7598,train
6195,plan_06195,7599,train
6196,plan_06196,7600,train
6197,plan_06197,7601,train
6198,plan_06198,7602,train
6199,plan_06199,7603,train
6200,plan_06200,7605,train
6201,plan_06201,7606,train
6202,plan_06202,7607,train
6203,plan_06203,7609,train
6204,plan_06204,7610,train
6205,plan_06205,7620,train
6206,plan_06206,7621,train
6207,plan_06207,7622,train
6208,plan_06208,7623,train
6209,plan_06209,7624,train
6210,plan_06210,7625,train
6211,plan_06211,7626,train
6212,plan_06212,7627,train
6213,plan_06213,7628,train
6214,plan_06214,7629,train
6215,plan_06215,7630,train
6216,plan_06216,7631,train
6217,plan_06217,7632,train
6218,plan_06218,7634,train
6219,plan_06219,7635,train
6220,plan_06220,7636,train
6221,plan_06221,7637,train
6222,plan_06222,7638,train
6223,plan_06223,7639,train
6224,plan_06224,7640,train
6225,plan_06225,7641,train
6226,plan_06226,7643,train
6227,plan_06227,7644,train
6228,plan_06228,7645,train
6229,plan_06229,7646,train
6230,plan_06230,7648,train
6231,plan_06231,7649,train
6232,plan_06232,7650,train
6233,plan_06233,7651,train
6234,plan_06234,7652,train
6235,plan_06235,7655,train
6236,plan_06236,7656,train
6237,plan_06237,7657,train
6238,plan_06238,7658,train
6239,plan_06239,7659,train
6240,plan_06240,7660,train
6241,plan_06241,7661,train
6242,plan_06242,7662,train
6243,plan_06243,7663,train
6244,plan_06244,7664,train
6245,plan_06245,7665,train
6246,plan_06246,7666,train
6247,plan_06247,7668,train
6248,plan_06248,7669,train
6249,plan_06249,7670,train
6250,plan_06250,7671,train
6251,plan_06251,7672,train
6252,plan_06252,7675,train
6253,plan_06253,7676,train
6254,plan_06254,7679,train
6255,plan_06255,7680,train
6256,plan_06256,7681,train
6257,plan_06257,7682,train
6258,plan_06258,7684,train
6259,plan_06259,7685,train
6260,plan_06260,7686,train
6261,plan_06261,7687,train
6262,plan_06262,7688,train
6263,plan_06263,7689,train
6264,plan_06264,7690,train
6265,plan_06265,7691,train
6266,plan_06266,7692,train
6267,plan_06267,7693,train
6268,plan_06268,7695,train
6269,plan_06269,7696,train
6270,plan_06270,7697,train
6271,plan_06271,7698,train
6272,plan_06272,7699,train
6273,plan_06273,7700,train
6274,plan_06274,7701,train
6275,plan_06275,7702,train
6276,plan_06276,7703,train
6277,plan_06277,7704,train
6278,plan_06278,7710,train
6279,plan_06279,7711,train
6280,plan_06280,7712,train
6281,plan_06281,7713,train
6282,plan_06282,7714,train
6283,plan_06283,7715,train
6284,plan_06284,7717,train
6285,plan_06285,7718,train
6286,plan_06286,7719,train
6287,plan_06287,7720,train
6288,plan_06288,7721,train
6289,plan_06289,7722,train
6290,plan_06290,7723,train
6291,plan_06291,7724,train
6292,plan_06292,7725,train
6293,plan_06293,7726,train
6294,plan_06294,7727,train
6295,plan_06295,7728,train
6296,plan_06296,7729,train
6297,plan_06297,7730,train
6298,plan_06298,7731,train
6299,plan_06299,7732,train
6300,plan_06300,7733,train
6301,plan_06301,7734,train
6302,plan_06302,7735,train
6303,plan_06303,7736,train
6304,plan_06304,7737,train
6305,plan_06305,7739,train
6306,plan_06306,7740,train
6307,plan_06307,7741,train
6308,plan_06308,7742,train
6309,plan_06309,7743,train
6310,plan_06310,7744,train
6311,plan_06311,7745,train
6312,plan_06312,7746,train
6313,plan_06313,7747,train
6314,plan_06314,7748,train
6315,plan_06315,7749,train
6316,plan_06316,7750,train
6317,plan_06317,7751,train
6318,plan_06318,7752,train
6319,plan_06319,7753,train
6320,plan_06320,7755,train
6321,plan_06321,7757,train
6322,plan_06322,7758,train
6323,plan_06323,7759,train
6324,plan_06324,7760,train
6325,plan_06325,7761,train
6326,plan_06326,7763,train
6327,plan_06327,7764,train
6328,plan_06328,7766,train
6329,plan_06329,7768,train
6330,plan_06330,7769,train
6331,plan_06331,7770,train
6332,plan_06332,7771,train
6333,plan_06333,7772,train
6334,plan_06334,7773,train
6335,plan_06335,7774,train
6336,plan_06336,7775,train
6337,plan_06337,7776,train
6338,plan_06338,7777,train
6339,plan_06339,7778,train
6340,plan_06340,7779,train
6341,plan_06341,7780,train
6342,plan_06342,7781,train
6343,plan_06343,7783,train
6344,plan_06344,7786,train
6345,plan_06345,7787,train
6346,plan_06346,7788,train
6347,plan_06347,7789,train
6348,plan_06348,7790,train
6349,plan_06349,7791,train
6350,plan_06350,7793,train
6351,plan_06351,7794,train
6352,plan_06352,7796,train
6353,plan_06353,7797,train
6354,plan_06354,7798,train
6355,plan_06355,7800,train
6356,plan_06356,7801,train
6357,plan_06357,7802,train
6358,plan_06358,7803,train
6359,plan_06359,7804,train
6360,plan_06360,7806,train
6361,plan_06361,7807,train
6362,plan_06362,7808,train
6363,plan_06363,7809,train
6364,plan_06364,7810,train
6365,plan_06365,7811,train
6366,plan_06366,7812,train
6367,plan_06367,7814,train
6368,plan_06368,7815,train
6369,plan_06369,7816,train
6370,plan_06370,7817,train
6371,plan_06371,7818,train
6372,plan_06372,7819,train
6373,plan_06373,7820,train
6374,plan_06374,7821,train
6375,plan_06375,7822,train
6376,plan_06376,7823,train
6377,plan_06377,7824,train
6378,plan_06378,7825,train
6379,plan_06379,7826,train
6380,plan_06380,7827,train
6381,plan_06381,7828,train
6382,plan_06382,7829,train
6383,plan_06383,7831,train
6384,plan_06384,7832,train
6385,plan_06385,7833,train
6386,plan_06386,7834,train
6387,plan_06387,7835,train
6388,plan_06388,7838,train
6389,plan_06389,7839,train
6390,plan_06390,7840,train
6391,plan_06391,7841,train
6392,plan_06392,7842,train
6393,plan_06393,7843,train
6394,plan_06394,7844,train
6395,plan_06395,7845,train
6396,plan_06396,7846,train
6397,plan_06397,7848,train
6398,plan_06398,7849,train
6399,plan_06399,7851,train
6400,plan_06400,7852,train
6401,plan_06401,7853,train
6402,plan_06402,7855,train
6403,plan_06403,7856,train
6404,plan_06404,7858,train
6405,plan_06405,7859,train
6406,plan_06406,7861,train
6407,plan_06407,7862,train
6408,plan_06408,7868,train
6409,plan_06409,7869,train
6410,plan_06410,7871,train
6411,plan_06411,7872,train
6412,plan_06412,7874,train
6413,plan_06413,7875,train
6414,plan_06414,7876,train
6415,plan_06415,7878,train
6416,plan_06416,7879,train
6417,plan_06417,7880,train
6418,plan_06418,7881,train
6419,plan_06419,7882,train
6420,plan_06420,7883,train
6421,plan_06421,7884,train
6422,plan_06422,7885,train
6423,plan_06423,7886,train
6424,plan_06424,7887,train
6425,plan_06425,7888,train
6426,plan_06426,7889,train
6427,plan_06427,7890,train
6428,plan_06428,7891,train
6429,plan_06429,7893,train
6430,plan_06430,7896,train
6431,plan_06431,7897,train
6432,plan_06432,7898,train
6433,plan_06433,7899,train
6434,plan_06434,7900,train
6435,plan_06435,7901,train
6436,plan_06436,7902,train
6437,plan_06437,7903,train
6438,plan_06438,7904,train
6439,plan_06439,7906,train
6440,plan_06440,7907,train
6441,plan_06441,7908,train
6442,plan_06442,7909,train
6443,plan_06443,7910,train
6444,plan_06444,7911,train
6445,plan_06445,7913,train
6446,plan_06446,7915,train
6447,plan_06447,7917,train
6448,plan_06448,7918,train
6449,plan_06449,7919,train
6450,plan_06450,7920,train
6451,plan_06451,7921,train
6452,plan_06452,7922,train
6453,plan_06453,7923,train
6454,plan_06454,7924,train
6455,plan_06455,7925,train
6456,plan_06456,7926,train
6457,plan_06457,7927,train
6458,plan_06458,7928,train
6459,plan_06459,7930,train
6460,plan_06460,7931,train
6461,plan_06461,7932,train
6462,plan_06462,7933,train
6463,plan_06463,7934,train
6464,plan_06464,7935,train
6465,plan_06465,7936,train
6466,plan_06466,7937,train
6467,plan_06467,7938,train
6468,plan_06468,7939,train
6469,plan_06469,7940,train
6470,plan_06470,7941,train
6471,plan_06471,7942,train
6472,plan_06472,7943,train
6473,plan_06473,7944,train
6474,plan_06474,7945,train
6475,plan_06475,7946,train
6476,plan_06476,7947,train
6477,plan_06477,7949,train
6478,plan_06478,7950,train
6479,plan_06479,7951,train
6480,plan_06480,7952,train
6481,plan_06481,7954,train
6482,plan_06482,7955,train
6483,plan_06483,7957,train
6484,plan_06484,7958,train
6485,plan_06485,7959,train
6486,plan_06486,7960,train
6487,plan_06487,7963,train
6488,plan_06488,7964,train
6489,plan_06489,7966,train
6490,plan_06490,7967,train
6491,plan_06491,7968,train
6492,plan_06492,7969,train
6493,plan_06493,7970,train
6494,plan_06494,7971,train
6495,plan_06495,7972,train
6496,plan_06496,7973,train
6497,plan_06497,7974,train
6498,plan_06498,7975,train
6499,plan_06499,7976,train
6500,plan_06500,7977,train
6501,plan_06501,7979,train
6502,plan_06502,7980,train
6503,plan_06503,7981,train
6504,plan_06504,7982,train
6505,plan_06505,7983,train
6506,plan_06506,7984,train
6507,plan_06507,7985,train
6508,plan_06508,7986,train
6509,plan_06509,7987,train
6510,plan_06510,7988,train
6511,plan_06511,7989,train
6512,plan_06512,7990,train
6513,plan_06513,7991,train
6514,plan_06514,7993,train
6515,plan_06515,7994,train
6516,plan_06516,7995,train
6517,plan_06517,7996,train
6518,plan_06518,7997,train
6519,plan_06519,7998,train
6520,plan_06520,7999,train
6521,plan_06521,8000,train
6522,plan_06522,8001,train
6523,plan_06523,8002,train
6524,plan_06524,8003,train
6525,plan_06525,8004,train
6526,plan_06526,8005,train
6527,plan_06527,8006,train
6528,plan_06528,8007,train
6529,plan_06529,8008,train
6530,plan_06530,8010,train
6531,plan_06531,8011,train
6532,plan_06532,8013,train
6533,plan_06533,8014,train
6534,plan_06534,8015,train
6535,plan_06535,8016,train
6536,plan_06536,8018,train
6537,plan_06537,8019,train
6538,plan_06538,8020,train
6539,plan_06539,8021,train
6540,plan_06540,8022,train
6541,plan_06541,8023,train
6542,plan_06542,8024,train
6543,plan_06543,8025,train
6544,plan_06544,8028,train
6545,plan_06545,8029,train
6546,plan_06546,8030,train
6547,plan_06547,8031,train
6548,plan_06548,8032,train
6549,plan_06549,8033,train
6550,plan_06550,8034,train
6551,plan_06551,8035,train
6552,plan_06552,8036,train
6553,plan_06553,8037,train
6554,plan_06554,8038,train
6555,plan_06555,8039,train
6556,plan_06556,8040,train
6557,plan_06557,8041,train
6558,plan_06558,8042,train
6559,plan_06559,8043,train
6560,plan_06560,8044,train
6561,plan_06561,8045,train
6562,plan_06562,8046,train
6563,plan_06563,8047,train
6564,plan_06564,8049,train
6565,plan_06565,8050,train
6566,plan_06566,8051,train
6567,plan_06567,8052,train
6568,plan_06568,8053,train
6569,plan_06569,8054,train
6570,plan_06570,8055,train
6571,plan_06571,8057,train
6572,plan_06572,8058,train
6573,plan_06573,8059,train
6574,plan_06574,8060,train
6575,plan_06575,8061,train
6576,plan_06576,8062,train
6577,plan_06577,8063,train
6578,plan_06578,8064,train
6579,plan_06579,8065,train
6580,plan_06580,8066,train
6581,plan_06581,8068,train
6582,plan_06582,8069,train
6583,plan_06583,8070,train
6584,plan_06584,8071,train
6585,plan_06585,8072,train
6586,plan_06586,8074,train
6587,plan_06587,8075,train
6588,plan_06588,8077,train
6589,plan_06589,8078,train
6590,plan_06590,8079,train
6591,plan_06591,8080,train
6592,plan_06592,8081,train
6593,plan_06593,8082,train
6594,plan_06594,8083,train
6595,plan_06595,8085,train
6596,plan_06596,8086,train
6597,plan_06597,8087,train
6598,plan_06598,8089,train
6599,plan_06599,8090,train
6600,plan_06600,8091,train
6601,plan_06601,8092,train
6602,plan_06602,8093,train
6603,plan_06603,8094,train
6604,plan_06604,8095,train
6605,plan_06605,8097,train
6606,plan_06606,8098,train
6607,plan_06607,8099,train
6608,plan_06608,8102,train
6609,plan_06609,8103,train
6610,plan_06610,8104,train
6611,plan_06611,8105,train
6612,plan_06612,8106,train
6613,plan_06613,8107,train
6614,plan_06614,8108,train
6615,plan_06615,8109,train
6616,plan_06616,8110,train
6617,plan_06617,8111,train
6618,plan_06618,8112,train
6619,plan_06619,8113,train
6620,plan_06620,8114,train
6621,plan_06621,8115,train
6622,plan_06622,8117,train
6623,plan_06623,8119,train
6624,plan_06624,8120,train
6625,plan_06625,8121,train
6626,plan_06626,8122,train
6627,plan_06627,8123,train
6628,plan_06628,8124,train
6629,plan_06629,8125,train
6630,plan_06630,8126,train
6631,plan_06631,8127,train
6632,plan_06632,8128,train
6633,plan_06633,8129,train
6634,plan_06634,8130,train
6635,plan_06635,8131,train
6636,plan_06636,8133,train
6637,plan_06637,8134,train
6638,plan_06638,8136,train
6639,plan_06639,8137,train
6640,plan_06640,8139,train
6641,plan_06641,8140,train
6642,plan_06642,8141,train
6643,plan_06643,8142,train
6644,plan_06644,8143,train
6645,plan_06645,8145,train
6646,plan_06646,8146,train
6647,plan_06647,8147,train
6648,plan_06648,8148,train
6649,plan_06649,8149,train
6650,plan_06650,8150,train
6651,plan_06651,8151,train
6652,plan_06652,8152,train
6653,plan_06653,8153,train
6654,plan_06654,8154,train
6655,plan_06655,8156,train
6656,plan_06656,8157,train
6657,plan_06657,8158,train
6658,plan_06658,8160,train
6659,plan_06659,8161,train
6660,plan_06660,8162,train
6661,plan_06661,8163,train
6662,plan_06662,8164,train
6663,plan_06663,8165,train
6664,plan_06664,8167,train
6665,plan_06665,8168,train
6666,plan_06666,8169,train
6667,plan_06667,8170,train
6668,plan_06668,8171,train
6669,plan_06669,8172,train
6670,plan_06670,8173,train
6671,plan_06671,8174,train
6672,plan_06672,8176,train
6673,plan_06673,8178,train
6674,plan_06674,8182,train
6675,plan_06675,8183,train
6676,plan_06676,8184,train
6677,plan_06677,8187,train
6678,plan_06678,8188,train
6679,plan_06679,8190,train
6680,plan_06680,8192,train
6681,plan_06681,8193,train
6682,plan_06682,8194,train
6683,plan_06683,8195,train
6684,plan_06684,8196,train
6685,plan_06685,8197,train
6686,plan_06686,8198,train
6687,plan_06687,8199,train
6688,plan_06688,8200,train
6689,plan_06689,8201,train
6690,plan_06690,8203,train
6691,plan_06691,8204,train
6692,plan_06692,8205,train
6693,plan_06693,8206,train
6694,plan_06694,8207,train
6695,plan_06695,8208,train
6696,plan_06696,8210,train
6697,plan_06697,8211,train
6698,plan_06698,8213,train
6699,plan_06699,8214,train
6700,plan_06700,8215,train
6701,plan_06701,8216,train
6702,plan_06702,8217,train
6703,plan_06703,8218,train
6704,plan_06704,8219,train
6705,plan_06705,8220,train
6706,plan_06706,8222,train
6707,plan_06707,8223,train
6708,plan_06708,8224,train
6709,plan_06709,8226,train
6710,plan_06710,8231,train
6711,plan_06711,8232,train
6712,plan_06712,8233,train
6713,plan_06713,8234,train
6714,plan_06714,8236,train
6715,plan_06715,8237,train
6716,plan_06716,8238,train
6717,plan_06717,8239,train
6718,plan_06718,8240,train
6719,plan_06719,8242,train
6720,plan_06720,8243,train
6721,plan_06721,8244,train
6722,plan_06722,8245,train
6723,plan_06723,8246,train
6724,plan_06724,8247,train
6725,plan_06725,8248,train
6726,plan_06726,8249,train
6727,plan_06727,8251,train
6728,plan_06728,8252,train
6729,plan_06729,8253,train
6730,plan_06730,8255,train
6731,plan_06731,8257,train
6732,plan_06732,8258,train
6733,plan_06733,8259,train
6734,plan_06734,8260,train
6735,plan_06735,8261,train
6736,plan_06736,8262,train
6737,plan_06737,8263,train
6738,plan_06738,8264,train
6739,plan_06739,8265,train
6740,plan_06740,8266,train
6741,plan_06741,8267,train
6742,plan_06742,8268,train
6743,plan_06743,8269,train
6744,plan_06744,8270,train
6745,plan_06745,8271,train
6746,plan_06746,8273,train
6747,plan_06747,8274,train
6748,plan_06748,8275,train
6749,plan_06749,8277,train
6750,plan_06750,8279,train
6751,plan_06751,8280,train
6752,plan_06752,8281,train
6753,plan_06753,8282,train
6754,plan_06754,8283,train
6755,plan_06755,8284,train
6756,plan_06756,8285,train
6757,plan_06757,8286,train
6758,plan_06758,8287,train
6759,plan_06759,8288,train
6760,plan_06760,8293,train
6761,plan_06761,8294,train
6762,plan_06762,8295,train
6763,plan_06763,8296,train
6764,plan_06764,8297,train
6765,plan_06765,8298,train
6766,plan_06766,8300,train
6767,plan_06767,8301,train
6768,plan_06768,8302,train
6769,plan_06769,8303,train
6770,plan_06770,8305,train
6771,plan_06771,8306,train
6772,plan_06772,8308,train
6773,plan_06773,8309,train
6774,plan_06774,8310,train
6775,plan_06775,8311,train
6776,plan_06776,8312,train
6777,plan_06777,8313,train
6778,plan_06778,8317,train
6779,plan_06779,8318,train
6780,plan_06780,8319,train
6781,plan_06781,8320,train
6782,plan_06782,8321,train
6783,plan_06783,8322,train
6784,plan_06784,8323,train
6785,plan_06785,8324,train
6786,plan_06786,8325,train
6787,plan_06787,8326,train
6788,plan_06788,8327,train
6789,plan_06789,8328,train
6790,plan_06790,8329,train
6791,plan_06791,8330,train
6792,plan_06792,8331,train
6793,plan_06793,8332,train
6794,plan_06794,8333,train
6795,plan_06795,8334,train
6796,plan_06796,8335,train
6797,plan_06797,8336,train
6798,plan_06798,8337,train
6799,plan_06799,8338,train
6800,plan_06800,8339,train
6801,plan_06801,8340,train
6802,plan_06802,8341,train
6803,plan_06803,8342,train
6804,plan_06804,8343,train
6805,plan_06805,8344,train
6806,plan_06806,8345,train
6807,plan_06807,8346,train
6808,plan_06808,8347,train
6809,plan_06809,8349,train
6810,plan_06810,8350,train
6811,plan_06811,8351,train
6812,plan_06812,8352,train
6813,plan_06813,8353,train
6814,plan_06814,8355,train
6815,plan_06815,8356,train
6816,plan_06816,8358,train
6817,plan_06817,8359,train
6818,plan_06818,8360,train
6819,plan_06819,8361,train
6820,plan_06820,8362,train
6821,plan_06821,8363,train
6822,plan_06822,8364,train
6823,plan_06823,8365,train
6824,plan_06824,8366,train
6825,plan_06825,8367,train
6826,plan_06826,8368,train
6827,plan_06827,8370,train
6828,plan_06828,8371,train
6829,plan_06829,8372,train
6830,plan_06830,8373,train
6831,plan_06831,8374,train
6832,plan_06832,8376,train
6833,plan_06833,8377,train
6834,plan_06834,8378,train
6835,plan_06835,8379,train
6836,plan_06836,8380,train
6837,plan_06837,8381,train
6838,plan_06838,8382,train
6839,plan_06839,8383,train
6840,plan_06840,8385,train
6841,plan_06841,8386,train
6842,plan_06842,8387,train
6843,plan_06843,8388,train
6844,plan_06844,8389,train
6845,plan_06845,8390,train
6846,plan_06846,8392,train
6847,plan_06847,8393,train
6848,plan_06848,8394,train
6849,plan_06849,8395,train
6850,plan_06850,8396,train
6851,plan_06851,8398,train
6852,plan_06852,8399,train
6853,plan_06853,8400,train
6854,plan_06854,8402,train
6855,plan_06855,8403,train
6856,plan_06856,8404,train
6857,plan_06857,8406,train
6858,plan_06858,8407,train
6859,plan_06859,8408,train
6860,plan_06860,8409,train
6861,plan_06861,8410,train
6862,plan_06862,8411,train
6863,plan_06863,8412,train
6864,plan_06864,8413,train
6865,plan_06865,8415,train
6866,plan_06866,8416,train
6867,plan_06867,8417,train
6868,plan_06868,8418,train
6869,plan_06869,8419,train
6870,plan_06870,8420,train
6871,plan_06871,8421,train
6872,plan_06872,8422,train
6873,plan_06873,8423,train
6874,plan_06874,8424,train
6875,plan_06875,8426,train
6876,plan_06876,8427,train
6877,plan_06877,8428,train
6878,plan_06878,8429,train
6879,plan_06879,8430,train
6880,plan_06880,8431,train
6881,plan_06881,8432,train
6882,plan_06882,8433,train
6883,plan_06883,8434,train
6884,plan_06884,8437,train
6885,plan_06885,8438,train
6886,plan_06886,8440,train
6887,plan_06887,8441,train
6888,plan_06888,8442,train
6889,plan_06889,8443,train
6890,plan_06890,8444,train
6891,plan_06891,8445,train
6892,plan_06892,8447,train
6893,plan_06893,8449,train
6894,plan_06894,8450,train
6895,plan_06895,8451,train
6896,plan_06896,8452,train
6897,plan_06897,8454,train
6898,plan_06898,8455,train
6899,plan_06899,8456,train
6900,plan_06900,8457,train
6901,plan_06901,8458,train
6902,plan_06902,8459,train
6903,plan_06903,8460,train
6904,plan_06904,8461,train
6905,plan_06905,8463,train
6906,plan_06906,8464,train
6907,plan_06907,8465,train
6908,plan_06908,8466,train
6909,plan_06909,8467,train
6910,plan_06910,8468,train
6911,plan_06911,8469,train
6912,plan_06912,8470,train
6913,plan_06913,8471,train
6914,plan_06914,8472,train
6915,plan_06915,8473,train
6916,plan_06916,8475,train
6917,plan_06917,8476,train
6918,plan_06918,8477,train
6919,plan_06919,8478,train
6920,plan_06920,8479,train
6921,plan_06921,8480,train
6922,plan_06922,8481,train
6923,plan_06923,8482,train
6924,plan_06924,8483,train
6925,plan_06925,8485,train
6926,plan_06926,8486,train
6927,plan_06927,8487,train
6928,plan_06928,8489,train
6929,plan_06929,8490,train
6930,plan_06930,8491,train
6931,plan_06931,8493,train
6932,plan_06932,8494,train
6933,plan_06933,8495,train
6934,plan_06934,8496,train
6935,plan_06935,8498,train
6936,plan_06936,8499,train
6937,plan_06937,8500,train
6938,plan_06938,8501,train
6939,plan_06939,8503,train
6940,plan_06940,8504,train
6941,plan_06941,8506,train
6942,plan_06942,8507,train
6943,plan_06943,8508,train
6944,plan_06944,8509,train
6945,plan_06945,8510,train
6946,plan_06946,8511,train
6947,plan_06947,8513,train
6948,plan_06948,8514,train
6949,plan_06949,8515,train
6950,plan_06950,8516,train
6951,plan_06951,8517,train
6952,plan_06952,8518,train
6953,plan_06953,8519,train
6954,plan_06954,8522,train
6955,plan_06955,8523,train
6956,plan_06956,8524,train
6957,plan_06957,8526,train
6958,plan_06958,8528,train
6959,plan_06959,8529,train
6960,plan_06960,8530,train
6961,plan_06961,8531,train
6962,plan_06962,8532,train
6963,plan_06963,8533,train
6964,plan_06964,8534,train
6965,plan_06965,8536,train
6966,plan_06966,8537,train
6967,plan_06967,8538,train
6968,plan_06968,8539,train
6969,plan_06969,8540,train
6970,plan_06970,8542,train
6971,plan_06971,8544,train
6972,plan_06972,8545,train
6973,plan_06973,8546,train
6974,plan_06974,8547,train
6975,plan_06975,8548,train
6976,plan_06976,8549,train
6977,plan_06977,8550,train
6978,plan_06978,8551,train
6979,plan_06979,8552,train
6980,plan_06980,8553,train
6981,plan_06981,8555,train
6982,plan_06982,8556,train
6983,plan_06983,8557,train
6984,plan_06984,8558,train
6985,plan_06985,8559,train
6986,plan_06986,8562,train
6987,plan_06987,8563,train
6988,plan_06988,8564,train
6989,plan_06989,8565,train
6990,plan_06990,8566,train
6991,plan_06991,8567,train
6992,plan_06992,8568,train
6993,plan_06993,8570,train
6994,plan_06994,8571,train
6995,plan_06995,8572,train
6996,plan_06996,8573,train
6997,plan_06997,8574,train
6998,plan_06998,8576,train
6999,plan_06999,8577,train
7000,plan_07000,8578,train
7001,plan_07001,8580,train
7002,plan_07002,8581,train
7003,plan_07003,8582,train
7004,plan_07004,8583,train
7005,plan_07005,8584,train
7006,plan_07006,8587,train
7007,plan_07007,8588,train
7008,plan_07008,8591,train
7009,plan_07009,8592,train
7010,plan_07010,8593,train
7011,plan_07011,8594,train
7012,plan_07012,8595,train
7013,plan_07013,8596,train
7014,plan_07014,8597,train
7015,plan_07015,8599,train
7016,plan_07016,8600,train
7017,plan_07017,8601,train
7018,plan_07018,8602,train
7019,plan_07019,8604,train
7020,plan_07020,8605,train
7021,plan_07021,8607,train
7022,plan_07022,8608,train
7023,plan_07023,8609,train
7024,plan_07024,8611,train
7025,plan_07025,8612,train
7026,plan_07026,8613,train
7027,plan_07027,8614,train
7028,plan_07028,8615,train
7029,plan_07029,8618,train
7030,plan_07030,8619,train
7031,plan_07031,8621,train
7032,plan_07032,8622,train
7033,plan_07033,8623,train
7034,plan_07034,8624,train
7035,plan_07035,8625,train
7036,plan_07036,8626,train
7037,plan_07037,8627,train
7038,plan_07038,8628,train
7039,plan_07039,8629,train
7040,plan_07040,8631,train
7041,plan_07041,8632,train
7042,plan_07042,8633,train
7043,plan_07043,8634,train
7044,plan_07044,8635,train
7045,plan_07045,8636,train
7046,plan_07046,8637,train
7047,plan_07047,8638,train
7048,plan_07048,8639,train
7049,plan_07049,8640,train
7050,plan_07050,8641,train
7051,plan_07051,8643,train
7052,plan_07052,8645,train
7053,plan_07053,8646,train
7054,plan_07054,8647,train
7055,plan_07055,8648,train
7056,plan_07056,8649,train
7057,plan_07057,8650,train
7058,plan_07058,8651,train
7059,plan_07059,8652,train
7060,plan_07060,8653,train
7061,plan_07061,8654,train
7062,plan_07062,8655,train
7063,plan_07063,8656,train
7064,plan_07064,8657,train
7065,plan_07065,8658,train
7066,plan_07066,8659,train
7067,plan_07067,8660,train
7068,plan_07068,8661,train
7069,plan_07069,8662,train
7070,plan_07070,8663,train
7071,plan_07071,8664,train
7072,plan_07072,8665,train
7073,plan_07073,8667,train
7074,plan_07074,8668,train
7075,plan_07075,8669,train
7076,plan_07076,8670,train
7077,plan_07077,8672,train
7078,plan_07078,8674,train
7079,plan_07079,8675,train
7080,plan_07080,8676,train
7081,plan_07081,8677,train
7082,plan_07082,8678,train
7083,plan_07083,8679,train
7084,plan_07084,8680,train
7085,plan_07085,8681,train
7086,plan_07086,8682,train
7087,plan_07087,8684,train
7088,plan_07088,8685,train
7089,plan_07089,8688,train
7090,plan_07090,8689,train
7091,plan_07091,8690,train
7092,plan_07092,8691,train
7093,plan_07093,8692,train
7094,plan_07094,8693,train
7095,plan_07095,8696,train
7096,plan_07096,8697,train
7097,plan_07097,8699,train
7098,plan_07098,8700,train
7099,plan_07099,8701,train
7100,plan_07100,8703,train
7101,plan_07101,8704,train
7102,plan_07102,8705,train
7103,plan_07103,8706,train
7104,plan_07104,8707,train
7105,plan_07105,8708,train
7106,plan_07106,8709,train
7107,plan_07107,8710,train
7108,plan_07108,8712,train
7109,plan_07109,8714,train
7110,plan_07110,8715,train
7111,plan_07111,8717,train
7112,plan_07112,8718,train
7113,plan_07113,8719,train
7114,plan_07114,8721,train
7115,plan_07115,8722,train
7116,plan_07116,8724,train
7117,plan_07117,8725,train
7118,plan_07118,8726,train
7119,plan_07119,8727,train
7120,plan_07120,8728,train
7121,plan_07121,8729,train
7122,plan_07122,8730,train
7123,plan_07123,8731,train
7124,plan_07124,8732,train
7125,plan_07125,8734,train
7126,plan_07126,8735,train
7127,plan_07127,8736,train
7128,plan_07128,8737,train
7129,plan_07129,8739,train
7130,plan_07130,8740,train
7131,plan_07131,8741,train
7132,plan_07132,8742,train
7133,plan_07133,8744,train
7134,plan_07134,8745,train
7135,plan_07135,8747,train
7136,plan_07136,8748,train
7137,plan_07137,8749,train
7138,plan_07138,8750,train
7139,plan_07139,8752,train
7140,plan_07140,8753,train
7141,plan_07141,8754,train
7142,plan_07142,8755,train
7143,plan_07143,8756,train
7144,plan_07144,8757,train
7145,plan_07145,8758,train
7146,plan_07146,8759,train
7147,plan_07147,8760,train
7148,plan_07148,8761,train
7149,plan_07149,8762,train
7150,plan_07150,8763,train
7151,plan_07151,8766,train
7152,plan_07152,8767,train
7153,plan_07153,8768,train
7154,plan_07154,8769,train
7155,plan_07155,8771,train
7156,plan_07156,8772,train
7157,plan_07157,8773,train
7158,plan_07158,8774,train
7159,plan_07159,8775,train
7160,plan_07160,8777,train
7161,plan_07161,8779,train
7162,plan_07162,8780,train
7163,plan_07163,8781,train
7164,plan_07164,8782,train
7165,plan_07165,8783,train
7166,plan_07166,8784,train
7167,plan_07167,8785,train
7168,plan_07168,8786,train
7169,plan_07169,8787,train
7170,plan_07170,8788,train
7171,plan_07171,8789,train
7172,plan_07172,8790,train
7173,plan_07173,8791,train
7174,plan_07174,8792,train
7175,plan_07175,8794,train
7176,plan_07176,8795,train
7177,plan_07177,8796,train
7178,plan_07178,8797,train
7179,plan_07179,8799,train
7180,plan_07180,8800,train
7181,plan_07181,8801,train
7182,plan_07182,8802,train
7183,plan_07183,8803,train
7184,plan_07184,8804,train
7185,plan_07185,8805,train
7186,plan_07186,8807,train
7187,plan_07187,8811,train
7188,plan_07188,8812,train
7189,plan_07189,8813,train
7190,plan_07190,8814,train
7191,plan_07191,8815,train
7192,plan_07192,8816,train
7193,plan_07193,8817,train
7194,plan_07194,8818,train
7195,plan_07195,8819,train
7196,plan_07196,8820,train
7197,plan_07197,8822,train
7198,plan_07198,8824,train
7199,plan_07199,8825,train
7200,plan_07200,8826,train
7201,plan_07201,8828,train
7202,plan_07202,8829,train
7203,plan_07203,8830,train
7204,plan_07204,8831,train
7205,plan_07205,8832,train
7206,plan_07206,8833,train
7207,plan_07207,8834,train
7208,plan_07208,8835,train
7209,plan_07209,8836,train
7210,plan_07210,8837,train
7211,plan_07211,8838,train
7212,plan_07212,8839,train
7213,plan_07213,8840,train
7214,plan_07214,8841,train
7215,plan_07215,8843,train
7216,plan_07216,8844,train
7217,plan_07217,8845,train
7218,plan_07218,8846,train
7219,plan_07219,8847,train
7220,plan_07220,8850,train
7221,plan_07221,8851,train
7222,plan_07222,8852,train
7223,plan_07223,8853,train
7224,plan_07224,8854,train
7225,plan_07225,8855,train
7226,plan_07226,8856,train
7227,plan_07227,8857,train
7228,plan_07228,8858,train
7229,plan_07229,8859,train
7230,plan_07230,8860,train
7231,plan_07231,8861,train
7232,plan_07232,8862,train
7233,plan_07233,8863,train
7234,plan_07234,8865,train
7235,plan_07235,8866,train
7236,plan_07236,8867,train
7237,plan_07237,8868,train
7238,plan_07238,8869,train
7239,plan_07239,8870,train
7240,plan_07240,8873,train
7241,plan_07241,8875,train
7242,plan_07242,8876,train
7243,plan_07243,8878,train
7244,plan_07244,8880,train
7245,plan_07245,8881,train
7246,plan_07246,8883,train
7247,plan_07247,8884,train
7248,plan_07248,8885,train
7249,plan_07249,8886,train
7250,plan_07250,8887,train
7251,plan_07251,8888,train
7252,plan_07252,8889,train
7253,plan_07253,8891,train
7254,plan_07254,8893,train
7255,plan_07255,8894,train
7256,plan_07256,8895,train
7257,plan_07257,8896,train
7258,plan_07258,8897,train
7259,plan_07259,8900,train
7260,plan_07260,8901,train
7261,plan_07261,8903,train
7262,plan_07262,8904,train
7263,plan_07263,8905,train
7264,plan_07264,8907,train
7265,plan_07265,8909,train
7266,plan_07266,8911,train
7267,plan_07267,8913,train
7268,plan_07268,8914,train
7269,plan_07269,8915,train
7270,plan_07270,8917,train
7271,plan_07271,8918,train
7272,plan_07272,8919,train
7273,plan_07273,8920,train
7274,plan_07274,8921,train
7275,plan_07275,8923,train
7276,plan_07276,8924,train
7277,plan_07277,8925,train
7278,plan_07278,8926,train
7279,plan_07279,8928,train
7280,plan_07280,8929,train
7281,plan_07281,8930,train
7282,plan_07282,8931,train
7283,plan_07283,8932,train
7284,plan_07284,8934,train
7285,plan_07285,8935,train
7286,plan_07286,8936,train
7287,plan_07287,8938,train
7288,plan_07288,8939,train
7289,plan_07289,8940,train
7290,plan_07290,8941,train
7291,plan_07291,8942,train
7292,plan_07292,8943,train
7293,plan_07293,8944,train
7294,plan_07294,8945,train
7295,plan_07295,8946,train
7296,plan_07296,8947,train
7297,plan_07297,8948,train
7298,plan_07298,8949,train
7299,plan_07299,8950,train
7300,plan_07300,8951,train
7301,plan_07301,8952,train
7302,plan_07302,8953,train
7303,plan_07303,8954,train
7304,plan_07304,8955,train
7305,plan_07305,8956,train
7306,plan_07306,8958,train
7307,plan_07307,8959,train
7308,plan_07308,8960,train
7309,plan_07309,8961,train
7310,plan_07310,8962,train
7311,plan_07311,8963,train
7312,plan_07312,8964,train
7313,plan_07313,8965,train
7314,plan_07314,8966,train
7315,plan_07315,8967,train
7316,plan_07316,8968,train
7317,plan_07317,8969,train
7318,plan_07318,8970,train
7319,plan_07319,8971,train
7320,plan_07320,8972,train
7321,plan_07321,8973,train
7322,plan_07322,8975,train
7323,plan_07323,8976,train
7324,plan_07324,8977,train
7325,plan_07325,8978,train
7326,plan_07326,8979,train
7327,plan_07327,8980,train
7328,plan_07328,8981,train
7329,plan_07329,8982,train
7330,plan_07330,8983,train
7331,plan_07331,8985,train
7332,plan_07332,8987,train
7333,plan_07333,8988,train
7334,plan_07334,8989,train
7335,plan_07335,8990,train
7336,plan_07336,8991,train
7337,plan_07337,8993,train
7338,plan_07338,8995,train
7339,plan_07339,8996,train
7340,plan_07340,8997,train
7341,plan_07341,8999,train
7342,plan_07342,9000,train
7343,plan_07343,9001,train
7344,plan_07344,9002,train
7345,plan_07345,9004,train
7346,plan_07346,9005,train
7347,plan_07347,9007,train
7348,plan_07348,9008,train
7349,plan_07349,9009,train
7350,plan_07350,9010,train
7351,plan_07351,9011,train
7352,plan_07352,9012,train
7353,plan_07353,9013,train
7354,plan_07354,9014,train
7355,plan_07355,9015,train
7356,plan_07356,9016,train
7357,plan_07357,9017,train
7358,plan_07358,9018,train
7359,plan_07359,9019,train
7360,plan_07360,9021,train
7361,plan_07361,9023,train
7362,plan_07362,9024,train
7363,plan_07363,9025,train
7364,plan_07364,9026,train
7365,plan_07365,9027,train
7366,plan_07366,9028,train
7367,plan_07367,9029,train
7368,plan_07368,9030,train
7369,plan_07369,9032,train
7370,plan_07370,9034,train
7371,plan_07371,9036,train
7372,plan_07372,9037,train
7373,plan_07373,9038,train
7374,plan_07374,9041,train
7375,plan_07375,9042,train
7376,plan_07376,9043,train
7377,plan_07377,9046,train
7378,plan_07378,9048,train
7379,plan_07379,9049,train
7380,plan_07380,9050,train
7381,plan_07381,9051,train
7382,plan_07382,9052,train
7383,plan_07383,9053,train
7384,plan_07384,9054,train
7385,plan_07385,9055,train
7386,plan_07386,9056,train
7387,plan_07387,9058,train
7388,plan_07388,9063,train
7389,plan_07389,9066,train
7390,plan_07390,9067,train
7391,plan_07391,9068,train
7392,plan_07392,9069,train
7393,plan_07393,9070,train
7394,plan_07394,9071,train
7395,plan_07395,9072,train
7396,plan_07396,9073,train
7397,plan_07397,9075,train
7398,plan_07398,9076,train
7399,plan_07399,9077,train
7400,plan_07400,9078,train
7401,plan_07401,9079,train
7402,plan_07402,9081,train
7403,plan_07403,9082,train
7404,plan_07404,9083,train
7405,plan_07405,9084,train
7406,plan_07406,9085,train
7407,plan_07407,9086,train
7408,plan_07408,9087,train
7409,plan_07409,9088,train
7410,plan_07410,9089,train
7411,plan_07411,9090,train
7412,plan_07412,9091,train
7413,plan_07413,9092,train
7414,plan_07414,9093,train
7415,plan_07415,9094,train
7416,plan_07416,9096,train
7417,plan_07417,9097,train
7418,plan_07418,9098,train
7419,plan_07419,9099,train
7420,plan_07420,9100,train
7421,plan_07421,9101,train
7422,plan_07422,9102,train
7423,plan_07423,9103,train
7424,plan_07424,9104,train
7425,plan_07425,9105,train
7426,plan_07426,9106,train
7427,plan_07427,9107,train
7428,plan_07428,9108,train
7429,plan_07429,9110,train
7430,plan_07430,9111,train
7431,plan_07431,9112,train
7432,plan_07432,9113,train
7433,plan_07433,9114,train
7434,plan_07434,9116,train
7435,plan_07435,9119,train
7436,plan_07436,9120,train
7437,plan_07437,9121,train
7438,plan_07438,9122,train
7439,plan_07439,9124,train
7440,plan_07440,9126,train
7441,plan_07441,9127,train
7442,plan_07442,9128,train
7443,plan_07443,9129,train
7444,plan_07444,9131,train
7445,plan_07445,9132,train
7446,plan_07446,9133,train
7447,plan_07447,9134,train
7448,plan_07448,9135,train
7449,plan_07449,9136,train
7450,plan_07450,9137,train
7451,plan_07451,9140,train
7452,plan_07452,9141,train
7453,plan_07453,9142,train
7454,plan_07454,9143,train
7455,plan_07455,9144,train
7456,plan_07456,9145,train
7457,plan_07457,9146,train
7458,plan_07458,9147,train
7459,plan_07459,9148,train
7460,plan_07460,9149,train
7461,plan_07461,9150,train
7462,plan_07462,9151,train
7463,plan_07463,9152,train
7464,plan_07464,9153,train
7465,plan_07465,9154,train
7466,plan_07466,9155,train
7467,plan_07467,9160,train
7468,plan_07468,9161,train
7469,plan_07469,9162,train
7470,plan_07470,9163,train
7471,plan_07471,9164,train
7472,plan_07472,9165,train
7473,plan_07473,9166,train
7474,plan_07474,9167,train
7475,plan_07475,9168,train
7476,plan_07476,9171,train
7477,plan_07477,9172,train
7478,plan_07478,9174,train
7479,plan_07479,9175,train
7480,plan_07480,9176,train
7481,plan_07481,9177,train
7482,plan_07482,9178,train
7483,plan_07483,9179,train
7484,plan_07484,9180,train
7485,plan_07485,9181,train
7486,plan_07486,9182,train
7487,plan_07487,9183,train
7488,plan_07488,9184,train
7489,plan_07489,9185,train
7490,plan_07490,9186,train
7491,plan_07491,9189,train
7492,plan_07492,9190,train
7493,plan_07493,9191,train
7494,plan_07494,9192,train
7495,plan_07495,9193,train
7496,plan_07496,9194,train
7497,plan_07497,9195,train
7498,plan_07498,9196,train
7499,plan_07499,9197,train
7500,plan_07500,9198,train
7501,plan_07501,9199,train
7502,plan_07502,9200,train
7503,plan_07503,9201,train
7504,plan_07504,9202,train
7505,plan_07505,9203,train
7506,plan_07506,9204,train
7507,plan_07507,9205,train
7508,plan_07508,9206,train
7509,plan_07509,9207,train
7510,plan_07510,9208,train
7511,plan_07511,9209,train
7512,plan_07512,9211,train
7513,plan_07513,9212,train
7514,plan_07514,9213,train
7515,plan_07515,9214,train
7516,plan_07516,9216,train
7517,plan_07517,9218,train
7518,plan_07518,9219,train
7519,plan_07519,9220,train
7520,plan_07520,9221,train
7521,plan_07521,9222,train
7522,plan_07522,9223,train
7523,plan_07523,9224,train
7524,plan_07524,9225,train
7525,plan_07525,9226,train
7526,plan_07526,9227,train
7527,plan_07527,9228,train
7528,plan_07528,9229,train
7529,plan_07529,9230,train
7530,plan_07530,9233,train
7531,plan_07531,9235,train
7532,plan_07532,9236,train
7533,plan_07533,9237,train
7534,plan_07534,9239,train
7535,plan_07535,9240,train
7536,plan_07536,9241,train
7537,plan_07537,9244,train
7538,plan_07538,9245,train
7539,plan_07539,9246,train
7540,plan_07540,9247,train
7541,plan_07541,9248,train
7542,plan_07542,9249,train
7543,plan_07543,9250,train
7544,plan_07544,9251,train
7545,plan_07545,9252,train
7546,plan_07546,9253,train
7547,plan_07547,9254,train
7548,plan_07548,9255,train
7549,plan_07549,9256,train
7550,plan_07550,9258,train
7551,plan_07551,9259,train
7552,plan_07552,9260,train
7553,plan_07553,9261,train
7554,plan_07554,9262,train
7555,plan_07555,9263,train
7556,plan_07556,9264,train
7557,plan_07557,9265,train
7558,plan_07558,9266,train
7559,plan_07559,9267,train
7560,plan_07560,9268,train
7561,plan_07561,9269,train
7562,plan_07562,9270,train
7563,plan_07563,9271,train
7564,plan_07564,9274,train
7565,plan_07565,9276,train
7566,plan_07566,9277,train
7567,plan_07567,9280,train
7568,plan_07568,9281,train
7569,plan_07569,9282,train
7570,plan_07570,9283,train
7571,plan_07571,9284,train
7572,plan_07572,9285,train
7573,plan_07573,9287,train
7574,plan_07574,9288,train
7575,plan_07575,9289,train
7576,plan_07576,9293,train
7577,plan_07577,9294,train
7578,plan_07578,9295,train
7579,plan_07579,9296,train
7580,plan_07580,9298,train
7581,plan_07581,9299,train
7582,plan_07582,9302,train
7583,plan_07583,9303,train
7584,plan_07584,9304,train
7585,plan_07585,9305,train
7586,plan_07586,9307,train
7587,plan_07587,9309,train
7588,plan_07588,9310,train
7589,plan_07589,9311,train
7590,plan_07590,9312,train
7591,plan_07591,9313,train
7592,plan_07592,9314,train
7593,plan_07593,9315,train
7594,plan_07594,9316,train
7595,plan_07595,9317,train
7596,plan_07596,9318,train
7597,plan_07597,9319,train
7598,plan_07598,9322,train
7599,plan_07599,9329,train
7600,plan_07600,9330,train
7601,plan_07601,9331,train
7602,plan_07602,9332,train
7603,plan_07603,9334,train
7604,plan_07604,9335,train
7605,plan_07605,9336,train
7606,plan_07606,9338,train
7607,plan_07607,9339,train
7608,plan_07608,9340,train
7609,plan_07609,9341,train
7610,plan_07610,9342,train
7611,plan_07611,9343,train
7612,plan_07612,9344,train
7613,plan_07613,9346,train
7614,plan_07614,9349,train
7615,plan_07615,9350,train
7616,plan_07616,9352,train
7617,plan_07617,9353,train
7618,plan_07618,9356,train
7619,plan_07619,9357,train
7620,plan_07620,9358,train
7621,plan_07621,9360,train
7622,plan_07622,9361,train
7623,plan_07623,9363,train
7624,plan_07624,9364,train
7625,plan_07625,9365,train
7626,plan_07626,9367,train
7627,plan_07627,9368,train
7628,plan_07628,9369,train
7629,plan_07629,9370,train
7630,plan_07630,9371,train
7631,plan_07631,9372,train
7632,plan_07632,9374,train
7633,plan_07633,9375,train
7634,plan_07634,9376,train
7635,plan_07635,9377,train
7636,plan_07636,9378,train
7637,plan_07637,9380,train
7638,plan_07638,9381,train
7639,plan_07639,9382,train
7640,plan_07640,9383,train
7641,plan_07641,9384,train
7642,plan_07642,9385,train
7643,plan_07643,9386,train
7644,plan_07644,9387,train
7645,plan_07645,9388,train
7646,plan_07646,9389,train
7647,plan_07647,9390,train
7648,plan_07648,9394,train
7649,plan_07649,9395,train
7650,plan_07650,9396,train
7651,plan_07651,9397,train
7652,plan_07652,9398,train
7653,plan_07653,9399,train
7654,plan_07654,9400,train
7655,plan_07655,9401,train
7656,plan_07656,9402,train
7657,plan_07657,9406,train
7658,plan_07658,9407,train
7659,plan_07659,9408,train
7660,plan_07660,9409,train
7661,plan_07661,9410,train
7662,plan_07662,9411,train
7663,plan_07663,9412,train
7664,plan_07664,9413,train
7665,plan_07665,9414,train
7666,plan_07666,9415,train
7667,plan_07667,9416,train
7668,plan_07668,9417,train
7669,plan_07669,9418,train
7670,plan_07670,9419,train
7671,plan_07671,9420,train
7672,plan_07672,9421,train
7673,plan_07673,9425,train
7674,plan_07674,9426,train
7675,plan_07675,9427,train
7676,plan_07676,9428,train
7677,plan_07677,9429,train
7678,plan_07678,9430,train
7679,plan_07679,9431,train
7680,plan_07680,9433,train
7681,plan_07681,9434,train
7682,plan_07682,9436,train
7683,plan_07683,9437,train
7684,plan_07684,9438,train
7685,plan_07685,9439,train
7686,plan_07686,9441,train
7687,plan_07687,9442,train
7688,plan_07688,9444,train
7689,plan_07689,9446,train
7690,plan_07690,9447,train
7691,plan_07691,9448,train
7692,plan_07692,9449,train
7693,plan_07693,9450,train
7694,plan_07694,9451,train
7695,plan_07695,9452,train
7696,plan_07696,9454,train
7697,plan_07697,9455,train
7698,plan_07698,9456,train
7699,plan_07699,9457,train
7700,plan_07700,9458,train
7701,plan_07701,9459,train
7702,plan_07702,9460,train
7703,plan_07703,9461,train
7704,plan_07704,9462,train
7705,plan_07705,9463,train
7706,plan_07706,9464,train
7707,plan_07707,9466,train
7708,plan_07708,9467,train
7709,plan_07709,9468,train
7710,plan_07710,9469,train
7711,plan_07711,9470,train
7712,plan_07712,9471,train
7713,plan_07713,9472,train
7714,plan_07714,9473,train
7715,plan_07715,9474,train
7716,plan_07716,9475,train
7717,plan_07717,9476,train
7718,plan_07718,9478,train
7719,plan_07719,9480,train
7720,plan_07720,9481,train
7721,plan_07721,9482,train
7722,plan_07722,9483,train
7723,plan_07723,9484,train
7724,plan_07724,9485,train
7725,plan_07725,9486,train
7726,plan_07726,9487,train
7727,plan_07727,9488,train
7728,plan_07728,9489,train
7729,plan_07729,9490,train
7730,plan_07730,9491,train
7731,plan_07731,9492,train
7732,plan_07732,9494,train
7733,plan_07733,9495,train
7734,plan_07734,9496,train
7735,plan_07735,9497,train
7736,plan_07736,9498,train
7737,plan_07737,9505,train
7738,plan_07738,9506,train
7739,plan_07739,9507,train
7740,plan_07740,9508,train
7741,plan_07741,9509,train
7742,plan_07742,9510,train
7743,plan_07743,9511,train
7744,plan_07744,9512,train
7745,plan_07745,9514,train
7746,plan_07746,9515,train
7747,plan_07747,9517,train
7748,plan_07748,9518,train
7749,plan_07749,9519,train
7750,plan_07750,9521,train
7751,plan_07751,9523,train
7752,plan_07752,9525,train
7753,plan_07753,9527,train
7754,plan_07754,9528,train
7755,plan_07755,9529,train
7756,plan_07756,9530,train
7757,plan_07757,9531,train
7758,plan_07758,9534,train
7759,plan_07759,9535,train
7760,plan_07760,9536,train
7761,plan_07761,9537,train
7762,plan_07762,9538,train
7763,plan_07763,9539,train
7764,plan_07764,9542,train
7765,plan_07765,9543,train
7766,plan_07766,9544,train
7767,plan_07767,9546,train
7768,plan_07768,9547,train
7769,plan_07769,9548,train
7770,plan_07770,9549,train
7771,plan_07771,9550,train
7772,plan_07772,9551,train
7773,plan_07773,9552,train
7774,plan_07774,9553,train
7775,plan_07775,9554,train
7776,plan_07776,9555,train
7777,plan_07777,9557,train
7778,plan_07778,9559,train
7779,plan_07779,9560,train
7780,plan_07780,9561,train
7781,plan_07781,9562,train
7782,plan_07782,9563,train
7783,plan_07783,9564,train
7784,plan_07784,9565,train
7785,plan_07785,9566,train
7786,plan_07786,9568,train
7787,plan_07787,9569,train
7788,plan_07788,9570,train
7789,plan_07789,9571,train
7790,plan_07790,9572,train
7791,plan_07791,9573,train
7792,plan_07792,9575,train
7793,plan_07793,9576,train
7794,plan_07794,9577,train
7795,plan_07795,9578,train
7796,plan_07796,9579,train
7797,plan_07797,9580,train
7798,plan_07798,9582,train
7799,plan_07799,9583,train
7800,plan_07800,9585,train
7801,plan_07801,9586,train
7802,plan_07802,9587,train
7803,plan_07803,9588,train
7804,plan_07804,9589,train
7805,plan_07805,9591,train
7806,plan_07806,9592,train
7807,plan_07807,9593,train
7808,plan_07808,9594,train
7809,plan_07809,9596,train
7810,plan_07810,9597,train
7811,plan_07811,9598,train
7812,plan_07812,9599,train
7813,plan_07813,9600,train
7814,plan_07814,9601,train
7815,plan_07815,9602,train
7816,plan_07816,9604,train
7817,plan_07817,9605,train
7818,plan_07818,9606,train
7819,plan_07819,9607,train
7820,plan_07820,9608,train
7821,plan_07821,9609,train
7822,plan_07822,9610,train
7823,plan_07823,9611,train
7824,plan_07824,9612,train
7825,plan_07825,9613,train
7826,plan_07826,9614,train
7827,plan_07827,9615,train
7828,plan_07828,9616,train
7829,plan_07829,9617,train
7830,plan_07830,9618,train
7831,plan_07831,9619,train
7832,plan_07832,9620,train
7833,plan_07833,9622,train
7834,plan_07834,9623,train
7835,plan_07835,9624,train
7836,plan_07836,9625,train
7837,plan_07837,9626,train
7838,plan_07838,9627,train
7839,plan_07839,9629,train
7840,plan_07840,9630,train
7841,plan_07841,9631,train
7842,plan_07842,9632,train
7843,plan_07843,9633,train
7844,plan_07844,9634,train
7845,plan_07845,9636,train
7846,plan_07846,9638,train
7847,plan_07847,9639,train
7848,plan_07848,9640,train
7849,plan_07849,9642,train
7850,plan_07850,9643,train
7851,plan_07851,9644,train
7852,plan_07852,9645,train
7853,plan_07853,9646,train
7854,plan_07854,9647,train
7855,plan_07855,9648,train
7856,plan_07856,9649,train
7857,plan_07857,9650,train
7858,plan_07858,9651,train
7859,plan_07859,9652,train
7860,plan_07860,9653,train
7861,plan_07861,9654,train
7862,plan_07862,9655,train
7863,plan_07863,9656,train
7864,plan_07864,9657,train
7865,plan_07865,9658,train
7866,plan_07866,9659,train
7867,plan_07867,9660,train
7868,plan_07868,9661,train
7869,plan_07869,9663,train
7870,plan_07870,9664,train
7871,plan_07871,9665,train
7872,plan_07872,9666,train
7873,plan_07873,9667,train
7874,plan_07874,9668,train
7875,plan_07875,9669,train
7876,plan_07876,9670,train
7877,plan_07877,9671,train
7878,plan_07878,9672,train
7879,plan_07879,9673,train
7880,plan_07880,9674,train
7881,plan_07881,9675,train
7882,plan_07882,9676,train
7883,plan_07883,9677,train
7884,plan_07884,9678,train
7885,plan_07885,9680,train
7886,plan_07886,9681,train
7887,plan_07887,9682,train
7888,plan_07888,9683,train
7889,plan_07889,9686,train
7890,plan_07890,9687,train
7891,plan_07891,9688,train
7892,plan_07892,9689,train
7893,plan_07893,9690,train
7894,plan_07894,9692,train
7895,plan_07895,9693,train
7896,plan_07896,9695,train
7897,plan_07897,9696,train
7898,plan_07898,9697,train
7899,plan_07899,9698,train
7900,plan_07900,9699,train
7901,plan_07901,9700,train
7902,plan_07902,9701,train
7903,plan_07903,9702,train
7904,plan_07904,9703,train
7905,plan_07905,9704,train
7906,plan_07906,9705,train
7907,plan_07907,9708,train
7908,plan_07908,9709,train
7909,plan_07909,9710,train
7910,plan_07910,9711,train
7911,plan_07911,9712,train
7912,plan_07912,9714,train
7913,plan_07913,9715,train
7914,plan_07914,9716,train
7915,plan_07915,9717,train
7916,plan_07916,9718,train
7917,plan_07917,9719,train
7918,plan_07918,9720,train
7919,plan_07919,9721,train
7920,plan_07920,9722,train
7921,plan_07921,9723,train
7922,plan_07922,9724,train
7923,plan_07923,9725,train
7924,plan_07924,9726,train
7925,plan_07925,9727,train
7926,plan_07926,9728,train
7927,plan_07927,9729,train
7928,plan_07928,9730,train
7929,plan_07929,9731,train
7930,plan_07930,9732,train
7931,plan_07931,9735,train
7932,plan_07932,9736,train
7933,plan_07933,9737,train
7934,plan_07934,9738,train
7935,plan_07935,9739,train
7936,plan_07936,9740,train
7937,plan_07937,9741,train
7938,plan_07938,9742,train
7939,plan_07939,9743,train
7940,plan_07940,9744,train
7941,plan_07941,9745,train
7942,plan_07942,9746,train
7943,plan_07943,9747,train
7944,plan_07944,9748,train
7945,plan_07945,9749,train
7946,plan_07946,9750,train
7947,plan_07947,9751,train
7948,plan_07948,9752,train
7949,plan_07949,9753,train
7950,plan_07950,9754,train
7951,plan_07951,9755,train
7952,plan_07952,9756,train
7953,plan_07953,9757,train
7954,plan_07954,9758,train
7955,plan_07955,9760,train
7956,plan_07956,9761,train
7957,plan_07957,9762,train
7958,plan_07958,9763,train
7959,plan_07959,9764,train
7960,plan_07960,9765,train
7961,plan_07961,9766,train
7962,plan_07962,9767,train
7963,plan_07963,9769,train
7964,plan_07964,9770,train
7965,plan_07965,9771,train
7966,plan_07966,9772,train
7967,plan_07967,9773,train
7968,plan_07968,9776,train
7969,plan_07969,9778,train
7970,plan_07970,9779,train
7971,plan_07971,9780,train
7972,plan_07972,9781,train
7973,plan_07973,9782,train
7974,plan_07974,9783,train
7975,plan_07975,9784,train
7976,plan_07976,9785,train
7977,plan_07977,9786,train
7978,plan_07978,9787,train
7979,plan_07979,9788,train
7980,plan_07980,9789,train
7981,plan_07981,9790,train
7982,plan_07982,9792,train
7983,plan_07983,9793,train
7984,plan_07984,9796,train
7985,plan_07985,9798,train
7986,plan_07986,9799,train
7987,plan_07987,9801,train
7988,plan_07988,9802,train
7989,plan_07989,9803,train
7990,plan_07990,9805,train
7991,plan_07991,9806,train
7992,plan_07992,9807,train
7993,plan_07993,9808,train
7994,plan_07994,9809,train
7995,plan_07995,9811,train
7996,plan_07996,9812,train
7997,plan_07997,9813,train
7998,plan_07998,9814,train
7999,plan_07999,9815,train
8000,plan_08000,9816,train
8001,plan_08001,9817,train
8002,plan_08002,9818,train
8003,plan_08003,9819,train
8004,plan_08004,9820,train
8005,plan_08005,9823,train
8006,plan_08006,9825,train
8007,plan_08007,9826,train
8008,plan_08008,9827,train
8009,plan_08009,9828,train
8010,plan_08010,9830,train
8011,plan_08011,9831,train
8012,plan_08012,9832,train
8013,plan_08013,9833,train
8014,plan_08014,9834,train
8015,plan_08015,9836,train
8016,plan_08016,9837,train
8017,plan_08017,9839,train
8018,plan_08018,9840,train
8019,plan_08019,9841,train
8020,plan_08020,9842,train
8021,plan_08021,9844,train
8022,plan_08022,9845,train
8023,plan_08023,9846,train
8024,plan_08024,9847,train
8025,plan_08025,9848,train
8026,plan_08026,9849,train
8027,plan_08027,9850,train
8028,plan_08028,9852,train
8029,plan_08029,9853,train
8030,plan_08030,9854,train
8031,plan_08031,9855,train
8032,plan_08032,9856,train
8033,plan_08033,9857,train
8034,plan_08034,9858,train
8035,plan_08035,9859,train
8036,plan_08036,9860,train
8037,plan_08037,9861,train
8038,plan_08038,9862,train
8039,plan_08039,9863,train
8040,plan_08040,9864,train
8041,plan_08041,9867,train
8042,plan_08042,9868,train
8043,plan_08043,9869,train
8044,plan_08044,9870,train
8045,plan_08045,9871,train
8046,plan_08046,9872,train
8047,plan_08047,9873,train
8048,plan_08048,9874,train
8049,plan_08049,9875,train
8050,plan_08050,9876,train
8051,plan_08051,9877,train
8052,plan_08052,9878,train
8053,plan_08053,9879,train
8054,plan_08054,9880,train
8055,plan_08055,9881,train
8056,plan_08056,9882,train
8057,plan_08057,9883,train
8058,plan_08058,9884,train
8059,plan_08059,9885,train
8060,plan_08060,9886,train
8061,plan_08061,9887,train
8062,plan_08062,9888,train
8063,plan_08063,9889,train
8064,plan_08064,9891,train
8065,plan_08065,9892,train
8066,plan_08066,9893,train
8067,plan_08067,9894,train
8068,plan_08068,9896,train
8069,plan_08069,9897,train
8070,plan_08070,9898,train
8071,plan_08071,9899,train
8072,plan_08072,9900,train
8073,plan_08073,9901,train
8074,plan_08074,9902,train
8075,plan_08075,9903,train
8076,plan_08076,9904,train
8077,plan_08077,9905,train
8078,plan_08078,9906,train
8079,plan_08079,9907,train
8080,plan_08080,9908,train
8081,plan_08081,9909,train
8082,plan_08082,9911,train
8083,plan_08083,9914,train
8084,plan_08084,9915,train
8085,plan_08085,9916,train
8086,plan_08086,9918,train
8087,plan_08087,9919,train
8088,plan_08088,9920,train
8089,plan_08089,9921,train
8090,plan_08090,9922,train
8091,plan_08091,9923,train
8092,plan_08092,9924,train
8093,plan_08093,9925,train
8094,plan_08094,9926,train
8095,plan_08095,9927,train
8096,plan_08096,9928,train
8097,plan_08097,9929,train
8098,plan_08098,9930,train
8099,plan_08099,9931,train
8100,plan_08100,9932,train
8101,plan_08101,9933,train
8102,plan_08102,9935,train
8103,plan_08103,9936,train
8104,plan_08104,9937,train
8105,plan_08105,9938,train
8106,plan_08106,9939,train
8107,plan_08107,9940,train
8108,plan_08108,9941,train
8109,plan_08109,9942,train
8110,plan_08110,9943,train
8111,plan_08111,9944,train
8112,plan_08112,9946,train
8113,plan_08113,9947,train
8114,plan_08114,9950,train
8115,plan_08115,9951,train
8116,plan_08116,9952,train
8117,plan_08117,9953,train
8118,plan_08118,9954,train
8119,plan_08119,9955,train
8120,plan_08120,9956,train
8121,plan_08121,9957,train
8122,plan_08122,9958,train
8123,plan_08123,9959,train
8124,plan_08124,9960,train
8125,plan_08125,9962,train
8126,plan_08126,9963,train
8127,plan_08127,9964,train
8128,plan_08128,9966,train
8129,plan_08129,9967,train
8130,plan_08130,9968,train
8131,plan_08131,9970,train
8132,plan_08132,9971,train
8133,plan_08133,9973,train
8134,plan_08134,9974,train
8135,plan_08135,9975,train
8136,plan_08136,9976,train
8137,plan_08137,9977,train
8138,plan_08138,9979,train
8139,plan_08139,9980,train
8140,plan_08140,9981,train
8141,plan_08141,9983,train
8142,plan_08142,9984,train
8143,plan_08143,9985,train
8144,plan_08144,9986,train
8145,plan_08145,9987,train
8146,plan_08146,9988,train
8147,plan_08147,9989,train
8148,plan_08148,9990,train
8149,plan_08149,9991,train
8150,plan_08150,9992,train
8151,plan_08151,9994,train
8152,plan_08152,9995,train
8153,plan_08153,9996,train
8154,plan_08154,9998,train
8155,plan_08155,9999,train
8156,plan_08156,10001,train
8157,plan_08157,10002,train
8158,plan_08158,10003,train
8159,plan_08159,10004,train
8160,plan_08160,10005,train
8161,plan_08161,10006,train
8162,plan_08162,10007,train
8163,plan_08163,10009,train
8164,plan_08164,10011,train
8165,plan_08165,10012,train
8166,plan_08166,10013,train
8167,plan_08167,10014,train
8168,plan_08168,10015,train
8169,plan_08169,10016,train
8170,plan_08170,10017,train
8171,plan_08171,10018,train
8172,plan_08172,10019,train
8173,plan_08173,10020,train
8174,plan_08174,10021,train
8175,plan_08175,10022,train
8176,plan_08176,10023,train
8177,plan_08177,10024,train
8178,plan_08178,10025,train
8179,plan_08179,10026,train
8180,plan_08180,10027,train
8181,plan_08181,10028,train
8182,plan_08182,10029,train
8183,plan_08183,10030,train
8184,plan_08184,10031,train
8185,plan_08185,10032,train
8186,plan_08186,10033,train
8187,plan_08187,10034,train
8188,plan_08188,10035,train
8189,plan_08189,10037,train
8190,plan_08190,10038,train
8191,plan_08191,10040,train
8192,plan_08192,10041,train
8193,plan_08193,10042,train
8194,plan_08194,10043,train
8195,plan_08195,10044,train
8196,plan_08196,10046,train
8197,plan_08197,10047,train
8198,plan_08198,10048,train
8199,plan_08199,10050,train
8200,plan_08200,10051,train
8201,plan_08201,10052,train
8202,plan_08202,10053,train
8203,plan_08203,10054,train
8204,plan_08204,10055,train
8205,plan_08205,10056,train
8206,plan_08206,10058,train
8207,plan_08207,10059,train
8208,plan_08208,10060,train
8209,plan_08209,10061,train
8210,plan_08210,10062,train
8211,plan_08211,10063,train
8212,plan_08212,10064,train
8213,plan_08213,10065,train
8214,plan_08214,10066,train
8215,plan_08215,10067,train
8216,plan_08216,10068,train
8217,plan_08217,10069,train
8218,plan_08218,10070,train
8219,plan_08219,10072,train
8220,plan_08220,10073,train
8221,plan_08221,10078,train
8222,plan_08222,10079,train
8223,plan_08223,10080,train
8224,plan_08224,10081,train
8225,plan_08225,10082,train
8226,plan_08226,10083,train
8227,plan_08227,10084,train
8228,plan_08228,10086,train
8229,plan_08229,10087,train
8230,plan_08230,10089,train
8231,plan_08231,10090,train
8232,plan_08232,10091,train
8233,plan_08233,10092,train
8234,plan_08234,10093,train
8235,plan_08235,10094,train
8236,plan_08236,10095,train
8237,plan_08237,10096,train
8238,plan_08238,10097,train
8239,plan_08239,10098,train
8240,plan_08240,10099,train
8241,plan_08241,10100,train
8242,plan_08242,10102,train
8243,plan_08243,10104,train
8244,plan_08244,10105,train
8245,plan_08245,10106,train
8246,plan_08246,10107,train
8247,plan_08247,10108,train
8248,plan_08248,10109,train
8249,plan_08249,10110,train
8250,plan_08250,10111,train
8251,plan_08251,10112,train
8252,plan_08252,10113,train
8253,plan_08253,10114,train
8254,plan_08254,10115,train
8255,plan_08255,10116,train
8256,plan_08256,10117,train
8257,plan_08257,10118,train
8258,plan_08258,10119,train
8259,plan_08259,10120,train
8260,plan_08260,10121,train
8261,plan_08261,10122,train
8262,plan_08262,10123,train
8263,plan_08263,10124,train
8264,plan_08264,10125,train
8265,plan_08265,10126,train
8266,plan_08266,10127,train
8267,plan_08267,10128,train
8268,plan_08268,10129,train
8269,plan_08269,10130,train
8270,plan_08270,10131,train
8271,plan_08271,10132,train
8272,plan_08272,10133,train
8273,plan_08273,10134,train
8274,plan_08274,10135,train
8275,plan_08275,10136,train
8276,plan_08276,10137,train
8277,plan_08277,10138,train
8278,plan_08278,10139,train
8279,plan_08279,10140,train
8280,plan_08280,10141,train
8281,plan_08281,10143,train
8282,plan_08282,10144,train
8283,plan_08283,10145,train
8284,plan_08284,10146,train
8285,plan_08285,10147,train
8286,plan_08286,10148,train
8287,plan_08287,10149,train
8288,plan_08288,10150,train
8289,plan_08289,10151,train
8290,plan_08290,10152,train
8291,plan_08291,10153,train
8292,plan_08292,10154,train
8293,plan_08293,10155,train
8294,plan_08294,10156,train
8295,plan_08295,10157,train
8296,plan_08296,10159,train
8297,plan_08297,10160,train
8298,plan_08298,10161,train
8299,plan_08299,10162,train
8300,plan_08300,10163,train
8301,plan_08301,10164,train
8302,plan_08302,10166,train
8303,plan_08303,10167,train
8304,plan_08304,10168,train
8305,plan_08305,10170,train
8306,plan_08306,10171,train
8307,plan_08307,10172,train
8308,plan_08308,10173,train
8309,plan_08309,10174,train
8310,plan_08310,10175,train
8311,plan_08311,10176,train
8312,plan_08312,10177,train
8313,plan_08313,10178,train
8314,plan_08314,10179,train
8315,plan_08315,10180,train
8316,plan_08316,10181,train
8317,plan_08317,10182,train
8318,plan_08318,10183,train
8319,plan_08319,10184,train
8320,plan_08320,10185,train
8321,plan_08321,10186,train
8322,plan_08322,10187,train
8323,plan_08323,10188,train
8324,plan_08324,10189,train
8325,plan_08325,10190,train
8326,plan_08326,10191,train
8327,plan_08327,10192,train
8328,plan_08328,10193,train
8329,plan_08329,10194,train
8330,plan_08330,10195,train
8331,plan_08331,10196,train
8332,plan_08332,10198,train
8333,plan_08333,10199,train
8334,plan_08334,10200,train
8335,plan_08335,10201,train
8336,plan_08336,10202,train
8337,plan_08337,10203,train
8338,plan_08338,10205,train
8339,plan_08339,10206,train
8340,plan_08340,10207,train
8341,plan_08341,10208,train
8342,plan_08342,10209,train
8343,plan_08343,10211,train
8344,plan_08344,10212,train
8345,plan_08345,10214,train
8346,plan_08346,10215,train
8347,plan_08347,10216,train
8348,plan_08348,10217,train
8349,plan_08349,10218,train
8350,plan_08350,10219,train
8351,plan_08351,10220,train
8352,plan_08352,10221,train
8353,plan_08353,10224,train
8354,plan_08354,10227,train
8355,plan_08355,10228,train
8356,plan_08356,10229,train
8357,plan_08357,10230,train
8358,plan_08358,10231,train
8359,plan_08359,10232,train
8360,plan_08360,10233,train
8361,plan_08361,10235,train
8362,plan_08362,10236,train
8363,plan_08363,10238,train
8364,plan_08364,10239,train
8365,plan_08365,10241,train
8366,plan_08366,10242,train
8367,plan_08367,10243,train
8368,plan_08368,10245,train
8369,plan_08369,10246,train
8370,plan_08370,10247,train
8371,plan_08371,10248,train
8372,plan_08372,10249,train
8373,plan_08373,10250,train
8374,plan_08374,10251,train
8375,plan_08375,10252,train
8376,plan_08376,10253,train
8377,plan_08377,10255,train
8378,plan_08378,10256,train
8379,plan_08379,10259,train
8380,plan_08380,10260,train
8381,plan_08381,10261,train
8382,plan_08382,10262,train
8383,plan_08383,10263,train
8384,plan_08384,10265,train
8385,plan_08385,10266,train
8386,plan_08386,10267,train
8387,plan_08387,10268,train
8388,plan_08388,10269,train
8389,plan_08389,10270,train
8390,plan_08390,10272,train
8391,plan_08391,10273,train
8392,plan_08392,10274,train
8393,plan_08393,10276,train
8394,plan_08394,10277,train
8395,plan_08395,10278,train
8396,plan_08396,10279,train
8397,plan_08397,10280,train
8398,plan_08398,10282,train
8399,plan_08399,10283,train
8400,plan_08400,10284,train
8401,plan_08401,10285,train
8402,plan_08402,10286,train
8403,plan_08403,10288,train
8404,plan_08404,10289,train
8405,plan_08405,10291,train
8406,plan_08406,10292,train
8407,plan_08407,10293,train
8408,plan_08408,10295,train
8409,plan_08409,10296,train
8410,plan_08410,10297,train
8411,plan_08411,10298,train
8412,plan_08412,10299,train
8413,plan_08413,10301,train
8414,plan_08414,10302,train
8415,plan_08415,10303,train
8416,plan_08416,10304,train
8417,plan_08417,10305,train
8418,plan_08418,10306,train
8419,plan_08419,10307,train
8420,plan_08420,10308,train
8421,plan_08421,10309,train
8422,plan_08422,10310,train
8423,plan_08423,10311,train
8424,plan_08424,10312,train
8425,plan_08425,10313,train
8426,plan_08426,10315,train
8427,plan_08427,10316,train
8428,plan_08428,10317,train
8429,plan_08429,10318,train
8430,plan_08430,10319,train
8431,plan_08431,10320,train
8432,plan_08432,10321,train
8433,plan_08433,10322,train
8434,plan_08434,10323,train
8435,plan_08435,10324,train
8436,plan_08436,10325,train
8437,plan_08437,10327,train
8438,plan_08438,10328,train
8439,plan_08439,10329,train
8440,plan_08440,10330,train
8441,plan_08441,10331,train
8442,plan_08442,10332,train
8443,plan_08443,10333,train
8444,plan_08444,10334,train
8445,plan_08445,10336,train
8446,plan_08446,10338,train
8447,plan_08447,10339,train
8448,plan_08448,10340,train
8449,plan_08449,10341,train
8450,plan_08450,10342,train
8451,plan_08451,10343,train
8452,plan_08452,10344,train
8453,plan_08453,10345,train
8454,plan_08454,10346,train
8455,plan_08455,10348,train
8456,plan_08456,10349,train
8457,plan_08457,10350,train
8458,plan_08458,10351,train
8459,plan_08459,10352,train
8460,plan_08460,10353,train
8461,plan_08461,10355,train
8462,plan_08462,10357,train
8463,plan_08463,10358,train
8464,plan_08464,10359,train
8465,plan_08465,10361,train
8466,plan_08466,10362,train
8467,plan_08467,10363,train
8468,plan_08468,10367,train
8469,plan_08469,10368,train
8470,plan_08470,10369,train
8471,plan_08471,10370,train
8472,plan_08472,10371,train
8473,plan_08473,10372,train
8474,plan_08474,10373,train
8475,plan_08475,10375,train
8476,plan_08476,10376,train
8477,plan_08477,10377,train
8478,plan_08478,10378,train
8479,plan_08479,10379,train
8480,plan_08480,10380,train
8481,plan_08481,10381,train
8482,plan_08482,10382,train
8483,plan_08483,10383,train
8484,plan_08484,10384,train
8485,plan_08485,10385,train
8486,plan_08486,10386,train
8487,plan_08487,10390,train
8488,plan_08488,10392,train
8489,plan_08489,10393,train
8490,plan_08490,10394,train
8491,plan_08491,10396,train
8492,plan_08492,10397,train
8493,plan_08493,10398,train
8494,plan_08494,10399,train
8495,plan_08495,10400,train
8496,plan_08496,10401,train
8497,plan_08497,10402,train
8498,plan_08498,10403,train
8499,plan_08499,10404,train
8500,plan_08500,10405,train
8501,plan_08501,10406,train
8502,plan_08502,10407,train
8503,plan_08503,10408,train
8504,plan_08504,10410,train
8505,plan_08505,10412,train
8506,plan_08506,10413,train
8507,plan_08507,10415,train
8508,plan_08508,10416,train
8509,plan_08509,10417,train
8510,plan_08510,10418,train
8511,plan_08511,10419,train
8512,plan_08512,10420,train
8513,plan_08513,10421,train
8514,plan_08514,10422,train
8515,plan_08515,10423,train
8516,plan_08516,10424,train
8517,plan_08517,10425,train
8518,plan_08518,10427,train
8519,plan_08519,10428,train
8520,plan_08520,10429,train
8521,plan_08521,10431,train
8522,plan_08522,10432,train
8523,plan_08523,10433,train
8524,plan_08524,10434,train
8525,plan_08525,10435,train
8526,plan_08526,10436,train
8527,plan_08527,10438,train
8528,plan_08528,10439,train
8529,plan_08529,10440,train
8530,plan_08530,10441,train
8531,plan_08531,10442,train
8532,plan_08532,10443,train
8533,plan_08533,10444,train
8534,plan_08534,10446,train
8535,plan_08535,10447,train
8536,plan_08536,10448,train
8537,plan_08537,10450,train
8538,plan_08538,10451,train
8539,plan_08539,10452,train
8540,plan_08540,10453,train
8541,plan_08541,10454,train
8542,plan_08542,10455,train
8543,plan_08543,10458,train
8544,plan_08544,10459,train
8545,plan_08545,10461,train
8546,plan_08546,10462,train
8547,plan_08547,10463,train
8548,plan_08548,10464,train
8549,plan_08549,10465,train
8550,plan_08550,10466,train
8551,plan_08551,10467,train
8552,plan_08552,10468,train
8553,plan_08553,10469,train
8554,plan_08554,10470,train
8555,plan_08555,10471,train
8556,plan_08556,10472,train
8557,plan_08557,10473,train
8558,plan_08558,10474,train
8559,plan_08559,10475,train
8560,plan_08560,10476,train
8561,plan_08561,10477,train
8562,plan_08562,10478,train
8563,plan_08563,10479,train
8564,plan_08564,10480,train
8565,plan_08565,10481,train
8566,plan_08566,10482,train
8567,plan_08567,10485,train
8568,plan_08568,10487,train
8569,plan_08569,10488,train
8570,plan_08570,10489,train
8571,plan_08571,10490,train
8572,plan_08572,10491,train
8573,plan_08573,10493,train
8574,plan_08574,10494,train
8575,plan_08575,10495,train
8576,plan_08576,10496,train
8577,plan_08577,10497,train
8578,plan_08578,10498,train
8579,plan_08579,10499,train
8580,plan_08580,10500,train
8581,plan_08581,10501,train
8582,plan_08582,10503,train
8583,plan_08583,10504,train
8584,plan_08584,10505,train
8585,plan_08585,10506,train
8586,plan_08586,10507,train
8587,plan_08587,10508,train
8588,plan_08588,10509,train
8589,plan_08589,10510,train
8590,plan_08590,10511,train
8591,plan_08591,10512,train
8592,plan_08592,10513,train
8593,plan_08593,10514,train
8594,plan_08594,10516,train
8595,plan_08595,10518,train
8596,plan_08596,10519,train
8597,plan_08597,10520,train
8598,plan_08598,10521,train
8599,plan_08599,10522,train
8600,plan_08600,10526,train
8601,plan_08601,10527,train
8602,plan_08602,10528,train
8603,plan_08603,10529,train
8604,plan_08604,10530,train
8605,plan_08605,10531,train
8606,plan_08606,10533,train
8607,plan_08607,10534,train
8608,plan_08608,10535,train
8609,plan_08609,10536,train
8610,plan_08610,10537,train
8611,plan_08611,10538,train
8612,plan_08612,10539,train
8613,plan_08613,10540,train
8614,plan_08614,10541,train
8615,plan_08615,10542,train
8616,plan_08616,10543,train
8617,plan_08617,10545,train
8618,plan_08618,10546,train
8619,plan_08619,10547,train
8620,plan_08620,10548,train
8621,plan_08621,10550,train
8622,plan_08622,10551,train
8623,plan_08623,10552,train
8624,plan_08624,10553,train
8625,plan_08625,10554,train
8626,plan_08626,10557,train
8627,plan_08627,10559,train
8628,plan_08628,10560,train
8629,plan_08629,10561,train
8630,plan_08630,10562,train
8631,plan_08631,10563,train
8632,plan_08632,10564,train
8633,plan_08633,10565,train
8634,plan_08634,10567,train
8635,plan_08635,10569,train
8636,plan_08636,10570,train
8637,plan_08637,10572,train
8638,plan_08638,10573,train
8639,plan_08639,10574,train
8640,plan_08640,10575,train
8641,plan_08641,10576,train
8642,plan_08642,10579,train
8643,plan_08643,10580,train
8644,plan_08644,10581,train
8645,plan_08645,10582,train
8646,plan_08646,10583,train
8647,plan_08647,10584,train
8648,plan_08648,10585,train
8649,plan_08649,10586,train
8650,plan_08650,10587,train
8651,plan_08651,10589,train
8652,plan_08652,10590,train
8653,plan_08653,10591,train
8654,plan_08654,10592,train
8655,plan_08655,10594,train
8656,plan_08656,10595,train
8657,plan_08657,10596,train
8658,plan_08658,10598,train
8659,plan_08659,10599,train
8660,plan_08660,10600,train
8661,plan_08661,10601,train
8662,plan_08662,10602,train
8663,plan_08663,10603,train
8664,plan_08664,10604,train
8665,plan_08665,10605,train
8666,plan_08666,10606,train
8667,plan_08667,10607,train
8668,plan_08668,10608,train
8669,plan_08669,10609,train
8670,plan_08670,10610,train
8671,plan_08671,10611,train
8672,plan_08672,10612,train
8673,plan_08673,10614,train
8674,plan_08674,10616,train
8675,plan_08675,10618,train
8676,plan_08676,10619,train
8677,plan_08677,10620,train
8678,plan_08678,10621,train
8679,plan_08679,10622,train
8680,plan_08680,10623,train
8681,plan_08681,10624,train
8682,plan_08682,10625,train
8683,plan_08683,10626,train
8684,plan_08684,10628,train
8685,plan_08685,10629,train
8686,plan_08686,10630,train
8687,plan_08687,10631,train
8688,plan_08688,10632,train
8689,plan_08689,10633,train
8690,plan_08690,10634,train
8691,plan_08691,10635,train
8692,plan_08692,10636,train
8693,plan_08693,10637,train
8694,plan_08694,10638,train
8695,plan_08695,10641,train
8696,plan_08696,10642,train
8697,plan_08697,10643,train
8698,plan_08698,10644,train
8699,plan_08699,10645,train
8700,plan_08700,10646,train
8701,plan_08701,10647,train
8702,plan_08702,10648,train
8703,plan_08703,10649,train
8704,plan_08704,10650,train
8705,plan_08705,10651,train
8706,plan_08706,10652,train
8707,plan_08707,10653,train
8708,plan_08708,10654,train
8709,plan_08709,10655,train
8710,plan_08710,10656,train
8711,plan_08711,10658,train
8712,plan_08712,10659,train
8713,plan_08713,10660,train
8714,plan_08714,10661,train
8715,plan_08715,10662,train
8716,plan_08716,10665,train
8717,plan_08717,10666,train
8718,plan_08718,10667,train
8719,plan_08719,10668,train
8720,plan_08720,10669,train
8721,plan_08721,10670,train
8722,plan_08722,10672,train
8723,plan_08723,10673,train
8724,plan_08724,10674,train
8725,plan_08725,10676,train
8726,plan_08726,10678,train
8727,plan_08727,10679,train
8728,plan_08728,10680,train
8729,plan_08729,10681,train
8730,plan_08730,10682,train
8731,plan_08731,10683,train
8732,plan_08732,10684,train
8733,plan_08733,10686,train
8734,plan_08734,10687,train
8735,plan_08735,10688,train
8736,plan_08736,10690,train
8737,plan_08737,10691,train
8738,plan_08738,10693,train
8739,plan_08739,10694,train
8740,plan_08740,10695,train
8741,plan_08741,10696,train
8742,plan_08742,10697,train
8743,plan_08743,10698,train
8744,plan_08744,10700,train
8745,plan_08745,10701,train
8746,plan_08746,10702,train
8747,plan_08747,10703,train
8748,plan_08748,10704,train
8749,plan_08749,10706,train
8750,plan_08750,10707,train
8751,plan_08751,10708,train
8752,plan_08752,10709,train
8753,plan_08753,10710,train
8754,plan_08754,10711,train
8755,plan_08755,10712,train
8756,plan_08756,10713,train
8757,plan_08757,10714,train
8758,plan_08758,10715,train
8759,plan_08759,10718,train
8760,plan_08760,10720,train
8761,plan_08761,10721,train
8762,plan_08762,10722,train
8763,plan_08763,10723,train
8764,plan_08764,10724,train
8765,plan_08765,10725,train
8766,plan_08766,10726,train
8767,plan_08767,10727,train
8768,plan_08768,10728,train
8769,plan_08769,10729,train
8770,plan_08770,10730,train
8771,plan_08771,10731,train
8772,plan_08772,10732,train
8773,plan_08773,10733,train
8774,plan_08774,10734,train
8775,plan_08775,10735,train
8776,plan_08776,10736,train
8777,plan_08777,10737,train
8778,plan_08778,10738,train
8779,plan_08779,10739,train
8780,plan_08780,10740,train
8781,plan_08781,10741,train
8782,plan_08782,10742,train
8783,plan_08783,10745,train
8784,plan_08784,10746,train
8785,plan_08785,10749,train
8786,plan_08786,10750,train
8787,plan_08787,10751,train
8788,plan_08788,10752,train
8789,plan_08789,10753,train
8790,plan_08790,10754,train
8791,plan_08791,10756,train
8792,plan_08792,10757,train
8793,plan_08793,10759,train
8794,plan_08794,10760,train
8795,plan_08795,10761,train
8796,plan_08796,10762,train
8797,plan_08797,10764,train
8798,plan_08798,10765,train
8799,plan_08799,10766,train
8800,plan_08800,10767,train
8801,plan_08801,10768,train
8802,plan_08802,10769,train
8803,plan_08803,10770,train
8804,plan_08804,10771,train
8805,plan_08805,10772,train
8806,plan_08806,10773,train
8807,plan_08807,10774,train
8808,plan_08808,10775,train
8809,plan_08809,10776,train
8810,plan_08810,10777,train
8811,plan_08811,10778,train
8812,plan_08812,10779,train
8813,plan_08813,10780,train
8814,plan_08814,10781,train
8815,plan_08815,10782,train
8816,plan_08816,10783,train
8817,plan_08817,10784,train
8818,plan_08818,10785,train
8819,plan_08819,10786,train
8820,plan_08820,10787,train
8821,plan_08821,10789,train
8822,plan_08822,10790,train
8823,plan_08823,10791,train
8824,plan_08824,10792,train
8825,plan_08825,10793,train
8826,plan_08826,10795,train
8827,plan_08827,10797,train
8828,plan_08828,10799,train
8829,plan_08829,10800,train
8830,plan_08830,10801,train
8831,plan_08831,10803,train
8832,plan_08832,10806,train
8833,plan_08833,10807,train
8834,plan_08834,10808,train
8835,plan_08835,10809,train
8836,plan_08836,10811,train
8837,plan_08837,10812,train
8838,plan_08838,10814,train
8839,plan_08839,10815,train
8840,plan_08840,10816,train
8841,plan_08841,10817,train
8842,plan_08842,10818,train
8843,plan_08843,10819,train
8844,plan_08844,10820,train
8845,plan_08845,10821,train
8846,plan_08846,10823,train
8847,plan_08847,10824,train
8848,plan_08848,10825,train
8849,plan_08849,10826,train
8850,plan_08850,10827,train
8851,plan_08851,10828,train
8852,plan_08852,10829,train
8853,plan_08853,10830,train
8854,plan_08854,10831,train
8855,plan_08855,10832,train
8856,plan_08856,10833,train
8857,plan_08857,10836,train
8858,plan_08858,10837,train
8859,plan_08859,10839,train
8860,plan_08860,10840,train
8861,plan_08861,10841,train
8862,plan_08862,10842,train
8863,plan_08863,10843,train
8864,plan_08864,10844,train
8865,plan_08865,10845,train
8866,plan_08866,10846,train
8867,plan_08867,10847,train
8868,plan_08868,10848,train
8869,plan_08869,10849,train
8870,plan_08870,10851,train
8871,plan_08871,10852,train
8872,plan_08872,10853,train
8873,plan_08873,10854,train
8874,plan_08874,10855,train
8875,plan_08875,10858,train
8876,plan_08876,10859,train
8877,plan_08877,10860,train
8878,plan_08878,10861,train
8879,plan_08879,10862,train
8880,plan_08880,10863,train
8881,plan_08881,10865,train
8882,plan_08882,10866,train
8883,plan_08883,10867,train
8884,plan_08884,10868,train
8885,plan_08885,10869,train
8886,plan_08886,10872,train
8887,plan_08887,10873,train
8888,plan_08888,10874,train
8889,plan_08889,10876,train
8890,plan_08890,10877,train
8891,plan_08891,10879,train
8892,plan_08892,10880,train
8893,plan_08893,10881,train
8894,plan_08894,10882,train
8895,plan_08895,10883,train
8896,plan_08896,10884,train
8897,plan_08897,10885,train
8898,plan_08898,10886,train
8899,plan_08899,10887,train
8900,plan_08900,10888,train
8901,plan_08901,10889,train
8902,plan_08902,10890,train
8903,plan_08903,10891,train
8904,plan_08904,10892,train
8905,plan_08905,10893,train
8906,plan_08906,10895,train
8907,plan_08907,10897,train
8908,plan_08908,10898,train
8909,plan_08909,10899,train
8910,plan_08910,10900,train
8911,plan_08911,10901,train
8912,plan_08912,10902,train
8913,plan_08913,10903,train
8914,plan_08914,10904,train
8915,plan_08915,10905,train
8916,plan_08916,10907,train
8917,plan_08917,10909,train
8918,plan_08918,10910,train
8919,plan_08919,10912,train
8920,plan_08920,10913,train
8921,plan_08921,10914,train
8922,plan_08922,10915,train
8923,plan_08923,10916,train
8924,plan_08924,10918,train
8925,plan_08925,10919,train
8926,plan_08926,10920,train
8927,plan_08927,10921,train
8928,plan_08928,10922,train
8929,plan_08929,10924,train
8930,plan_08930,10925,train
8931,plan_08931,10926,train
8932,plan_08932,10928,train
8933,plan_08933,10929,train
8934,plan_08934,10930,train
8935,plan_08935,10931,train
8936,plan_08936,10932,train
8937,plan_08937,10933,train
8938,plan_08938,10934,train
8939,plan_08939,10935,train
8940,plan_08940,10936,train
8941,plan_08941,10937,train
8942,plan_08942,10938,train
8943,plan_08943,10939,train
8944,plan_08944,10940,train
8945,plan_08945,10941,train
8946,plan_08946,10942,train
8947,plan_08947,10943,train
8948,plan_08948,10944,train
8949,plan_08949,10945,train
8950,plan_08950,10946,train
8951,plan_08951,10947,train
8952,plan_08952,10948,train
8953,plan_08953,10949,train
8954,plan_08954,10951,train
8955,plan_08955,10952,train
8956,plan_08956,10953,train
8957,plan_08957,10954,train
8958,plan_08958,10955,train
8959,plan_08959,10956,train
8960,plan_08960,10957,train
8961,plan_08961,10958,train
8962,plan_08962,10960,train
8963,plan_08963,10961,train
8964,plan_08964,10963,train
8965,plan_08965,10964,train
8966,plan_08966,10965,train
8967,plan_08967,10966,train
8968,plan_08968,10967,train
8969,plan_08969,10968,train
8970,plan_08970,10969,train
8971,plan_08971,10971,train
8972,plan_08972,10972,train
8973,plan_08973,10973,train
8974,plan_08974,10974,train
8975,plan_08975,10977,train
8976,plan_08976,10978,train
8977,plan_08977,10979,train
8978,plan_08978,10981,train
8979,plan_08979,10982,train
8980,plan_08980,10984,train
8981,plan_08981,10985,train
8982,plan_08982,10987,train
8983,plan_08983,10988,train
8984,plan_08984,10989,train
8985,plan_08985,10991,train
8986,plan_08986,10993,train
8987,plan_08987,10994,train
8988,plan_08988,10995,train
8989,plan_08989,10996,train
8990,plan_08990,10997,train
8991,plan_08991,10998,train
8992,plan_08992,10999,train
8993,plan_08993,11001,train
8994,plan_08994,11002,train
8995,plan_08995,11003,train
8996,plan_08996,11004,train
8997,plan_08997,11006,train
8998,plan_08998,11007,train
8999,plan_08999,11008,train
9000,plan_09000,11009,train
9001,plan_09001,11010,train
9002,plan_09002,11012,train
9003,plan_09003,11014,train
9004,plan_09004,11015,train
9005,plan_09005,11018,train
9006,plan_09006,11019,train
9007,plan_09007,11020,train
9008,plan_09008,11021,train
9009,plan_09009,11022,train
9010,plan_09010,11023,train
9011,plan_09011,11024,train
9012,plan_09012,11027,train
9013,plan_09013,11029,train
9014,plan_09014,11030,train
9015,plan_09015,11031,train
9016,plan_09016,11032,train
9017,plan_09017,11034,train
9018,plan_09018,11035,train
9019,plan_09019,11036,train
9020,plan_09020,11037,train
9021,plan_09021,11038,train
9022,plan_09022,11039,train
9023,plan_09023,11040,train
9024,plan_09024,11041,train
9025,plan_09025,11042,train
9026,plan_09026,11043,train
9027,plan_09027,11044,train
9028,plan_09028,11045,train
9029,plan_09029,11046,train
9030,plan_09030,11048,train
9031,plan_09031,11049,train
9032,plan_09032,11051,train
9033,plan_09033,11052,train
9034,plan_09034,11054,train
9035,plan_09035,11055,train
9036,plan_09036,11056,train
9037,plan_09037,11057,train
9038,plan_09038,11058,train
9039,plan_09039,11059,train
9040,plan_09040,11060,train
9041,plan_09041,11061,train
9042,plan_09042,11062,train
9043,plan_09043,11064,train
9044,plan_09044,11065,train
9045,plan_09045,11066,train
9046,plan_09046,11067,train
9047,plan_09047,11068,train
9048,plan_09048,11070,train
9049,plan_09049,11071,train
9050,plan_09050,11072,train
9051,plan_09051,11073,train
9052,plan_09052,11074,train
9053,plan_09053,11075,train
9054,plan_09054,11076,train
9055,plan_09055,11077,train
9056,plan_09056,11078,train
9057,plan_09057,11079,train
9058,plan_09058,11080,train
9059,plan_09059,11081,train
9060,plan_09060,11082,train
9061,plan_09061,11083,train
9062,plan_09062,11084,train
9063,plan_09063,11085,train
9064,plan_09064,11086,train
9065,plan_09065,11087,train
9066,plan_09066,11088,train
9067,plan_09067,11089,train
9068,plan_09068,11091,train
9069,plan_09069,11092,train
9070,plan_09070,11093,train
9071,plan_09071,11094,train
9072,plan_09072,11095,train
9073,plan_09073,11096,train
9074,plan_09074,11097,train
9075,plan_09075,11098,train
9076,plan_09076,11099,train
9077,plan_09077,11100,train
9078,plan_09078,11101,train
9079,plan_09079,11102,train
9080,plan_09080,11103,train
9081,plan_09081,11104,train
9082,plan_09082,11105,train
9083,plan_09083,11107,train
9084,plan_09084,11108,train
9085,plan_09085,11109,train
9086,plan_09086,11110,train
9087,plan_09087,11111,train
9088,plan_09088,11112,train
9089,plan_09089,11113,train
9090,plan_09090,11114,train
9091,plan_09091,11115,train
9092,plan_09092,11117,train
9093,plan_09093,11118,train
9094,plan_09094,11119,train
9095,plan_09095,11120,train
9096,plan_09096,11121,train
9097,plan_09097,11123,train
9098,plan_09098,11125,train
9099,plan_09099,11126,train
9100,plan_09100,11127,train
9101,plan_09101,11128,train
9102,plan_09102,11129,train
9103,plan_09103,11130,train
9104,plan_09104,11132,train
9105,plan_09105,11134,train
9106,plan_09106,11137,train
9107,plan_09107,11138,train
9108,plan_09108,11139,train
9109,plan_09109,11140,train
9110,plan_09110,11141,train
9111,plan_09111,11143,train
9112,plan_09112,11144,train
9113,plan_09113,11145,train
9114,plan_09114,11146,train
9115,plan_09115,11147,train
9116,plan_09116,11148,train
9117,plan_09117,11149,train
9118,plan_09118,11150,train
9119,plan_09119,11151,train
9120,plan_09120,11152,train
9121,plan_09121,11153,train
9122,plan_09122,11154,train
9123,plan_09123,11156,train
9124,plan_09124,11157,train
9125,plan_09125,11158,train
9126,plan_09126,11159,train
9127,plan_09127,11161,train
9128,plan_09128,11162,train
9129,plan_09129,11163,train
9130,plan_09130,11164,train
9131,plan_09131,11165,train
9132,plan_09132,11166,train
9133,plan_09133,11167,train
9134,plan_09134,11168,train
9135,plan_09135,11169,train
9136,plan_09136,11170,train
9137,plan_09137,11171,train
9138,plan_09138,11173,train
9139,plan_09139,11174,train
9140,plan_09140,11175,train
9141,plan_09141,11176,train
9142,plan_09142,11177,train
9143,plan_09143,11178,train
9144,plan_09144,11179,train
9145,plan_09145,11180,train
9146,plan_09146,11181,train
9147,plan_09147,11182,train
9148,plan_09148,11183,train
9149,plan_09149,11184,train
9150,plan_09150,11185,train
9151,plan_09151,11186,train
9152,plan_09152,11187,train
9153,plan_09153,11189,train
9154,plan_09154,11191,train
9155,plan_09155,11192,train
9156,plan_09156,11193,train
9157,plan_09157,11194,train
9158,plan_09158,11195,train
9159,plan_09159,11196,train
9160,plan_09160,11198,train
9161,plan_09161,11199,train
9162,plan_09162,11201,train
9163,plan_09163,11202,train
9164,plan_09164,11203,train
9165,plan_09165,11205,train
9166,plan_09166,11206,train
9167,plan_09167,11207,train
9168,plan_09168,11208,train
9169,plan_09169,11209,train
9170,plan_09170,11210,train
9171,plan_09171,11211,train
9172,plan_09172,11212,train
9173,plan_09173,11213,train
9174,plan_09174,11214,train
9175,plan_09175,11215,train
9176,plan_09176,11216,train
9177,plan_09177,11217,train
9178,plan_09178,11218,train
9179,plan_09179,11221,train
9180,plan_09180,11222,train
9181,plan_09181,11223,train
9182,plan_09182,11224,train
9183,plan_09183,11225,train
9184,plan_09184,11226,train
9185,plan_09185,11228,train
9186,plan_09186,11229,train
9187,plan_09187,11230,train
9188,plan_09188,11231,train
9189,plan_09189,11232,train
9190,plan_09190,11233,train
9191,plan_09191,11234,train
9192,plan_09192,11235,train
9193,plan_09193,11236,train
9194,plan_09194,11237,train
9195,plan_09195,11239,train
9196,plan_09196,11240,train
9197,plan_09197,11241,train
9198,plan_09198,11242,train
9199,plan_09199,11243,train
9200,plan_09200,11244,train
9201,plan_09201,11245,train
9202,plan_09202,11246,train
9203,plan_09203,11247,train
9204,plan_09204,11248,train
9205,plan_09205,11249,train
9206,plan_09206,11251,train
9207,plan_09207,11252,train
9208,plan_09208,11256,train
9209,plan_09209,11258,train
9210,plan_09210,11259,train
9211,plan_09211,11260,train
9212,plan_09212,11261,train
9213,plan_09213,11262,train
9214,plan_09214,11263,train
9215,plan_09215,11264,train
9216,plan_09216,11265,train
9217,plan_09217,11266,train
9218,plan_09218,11267,train
9219,plan_09219,11268,train
9220,plan_09220,11269,train
9221,plan_09221,11270,train
9222,plan_09222,11271,train
9223,plan_09223,11273,train
9224,plan_09224,11274,train
9225,plan_09225,11275,train
9226,plan_09226,11276,train
9227,plan_09227,11277,train
9228,plan_09228,11279,train
9229,plan_09229,11280,train
9230,plan_09230,11281,train
9231,plan_09231,11283,train
9232,plan_09232,11284,train
9233,plan_09233,11285,train
9234,plan_09234,11286,train
9235,plan_09235,11287,train
9236,plan_09236,11288,train
9237,plan_09237,11289,train
9238,plan_09238,11290,train
9239,plan_09239,11291,train
9240,plan_09240,11292,train
9241,plan_09241,11294,train
9242,plan_09242,11295,train
9243,plan_09243,11296,train
9244,plan_09244,11297,train
9245,plan_09245,11298,train
9246,plan_09246,11299,train
9247,plan_09247,11300,train
9248,plan_09248,11301,train
9249,plan_09249,11302,train
9250,plan_09250,11303,train
9251,plan_09251,11304,train
9252,plan_09252,11305,train
9253,plan_09253,11306,train
9254,plan_09254,11307,train
9255,plan_09255,11308,train
9256,plan_09256,11309,train
9257,plan_09257,11310,train
9258,plan_09258,11311,train
9259,plan_09259,11312,train
9260,plan_09260,11314,train
9261,plan_09261,11315,train
9262,plan_09262,11316,train
9263,plan_09263,11317,train
9264,plan_09264,11318,train
9265,plan_09265,11319,train
9266,plan_09266,11320,train
9267,plan_09267,11321,train
9268,plan_09268,11323,train
9269,plan_09269,11324,train
9270,plan_09270,11325,train
9271,plan_09271,11326,train
9272,plan_09272,11327,train
9273,plan_09273,11328,train
9274,plan_09274,11329,train
9275,plan_09275,11330,train
9276,plan_09276,11331,train
9277,plan_09277,11333,train
9278,plan_09278,11334,train
9279,plan_09279,11335,train
9280,plan_09280,11336,train
9281,plan_09281,11338,train
9282,plan_09282,11339,train
9283,plan_09283,11342,train
9284,plan_09284,11343,train
9285,plan_09285,11344,train
9286,plan_09286,11345,train
9287,plan_09287,11346,train
9288,plan_09288,11347,train
9289,plan_09289,11348,train
9290,plan_09290,11349,train
9291,plan_09291,11350,train
9292,plan_09292,11351,train
9293,plan_09293,11352,train
9294,plan_09294,11355,train
9295,plan_09295,11356,train
9296,plan_09296,11357,train
9297,plan_09297,11362,train
9298,plan_09298,11363,train
9299,plan_09299,11364,train
9300,plan_09300,11365,train
9301,plan_09301,11367,train
9302,plan_09302,11368,train
9303,plan_09303,11369,train
9304,plan_09304,11371,train
9305,plan_09305,11372,train
9306,plan_09306,11373,train
9307,plan_09307,11374,train
9308,plan_09308,11375,train
9309,plan_09309,11377,train
9310,plan_09310,11379,train
9311,plan_09311,11380,train
9312,plan_09312,11381,train
9313,plan_09313,11382,train
9314,plan_09314,11383,train
9315,plan_09315,11384,train
9316,plan_09316,11385,train
9317,plan_09317,11386,train
9318,plan_09318,11387,train
9319,plan_09319,11389,train
9320,plan_09320,11390,train
9321,plan_09321,11392,train
9322,plan_09322,11393,train
9323,plan_09323,11394,train
9324,plan_09324,11395,train
9325,plan_09325,11397,train
9326,plan_09326,11398,train
9327,plan_09327,11399,train
9328,plan_09328,11400,train
9329,plan_09329,11401,train
9330,plan_09330,11403,train
9331,plan_09331,11404,train
9332,plan_09332,11405,train
9333,plan_09333,11407,train
9334,plan_09334,11408,train
9335,plan_09335,11409,train
9336,plan_09336,11410,train
9337,plan_09337,11411,train
9338,plan_09338,11413,train
9339,plan_09339,11414,train
9340,plan_09340,11415,train
9341,plan_09341,11416,train
9342,plan_09342,11417,train
9343,plan_09343,11418,train
9344,plan_09344,11419,train
9345,plan_09345,11420,train
9346,plan_09346,11421,train
9347,plan_09347,11422,train
9348,plan_09348,11423,train
9349,plan_09349,11424,train
9350,plan_09350,11425,train
9351,plan_09351,11426,train
9352,plan_09352,11427,train
9353,plan_09353,11428,train
9354,plan_09354,11429,train
9355,plan_09355,11430,train
9356,plan_09356,11431,train
9357,plan_09357,11432,train
9358,plan_09358,11433,train
9359,plan_09359,11434,train
9360,plan_09360,11435,train
9361,plan_09361,11437,train
9362,plan_09362,11438,train
9363,plan_09363,11440,train
9364,plan_09364,11442,train
9365,plan_09365,11443,train
9366,plan_09366,11444,train
9367,plan_09367,11445,train
9368,plan_09368,11446,train
9369,plan_09369,11447,train
9370,plan_09370,11448,train
9371,plan_09371,11449,train
9372,plan_09372,11451,train
9373,plan_09373,11452,train
9374,plan_09374,11455,train
9375,plan_09375,11456,train
9376,plan_09376,11458,train
9377,plan_09377,11463,train
9378,plan_09378,11465,train
9379,plan_09379,11467,train
9380,plan_09380,11468,train
9381,plan_09381,11469,train
9382,plan_09382,11484,train
9383,plan_09383,11485,train
9384,plan_09384,11487,train
9385,plan_09385,11491,train
9386,plan_09386,11492,train
9387,plan_09387,11493,train
9388,plan_09388,11503,train
9389,plan_09389,11522,train
9390,plan_09390,11523,train
9391,plan_09391,11524,train
9392,plan_09392,11525,train
9393,plan_09393,11534,train
9394,plan_09394,11535,train
9395,plan_09395,11538,train
9396,plan_09396,11568,train
9397,plan_09397,11569,train
9398,plan_09398,11570,train
9399,plan_09399,11571,train
9400,plan_09400,11572,train
9401,plan_09401,11573,train
9402,plan_09402,11574,train
9403,plan_09403,11575,train
9404,plan_09404,11576,train
9405,plan_09405,11577,train
9406,plan_09406,11578,train
9407,plan_09407,11579,train
9408,plan_09408,11581,train
9409,plan_09409,11582,train
9410,plan_09410,11583,train
9411,plan_09411,11584,train
9412,plan_09412,11585,train
9413,plan_09413,11587,train
9414,plan_09414,11589,train
9415,plan_09415,11590,train
9416,plan_09416,11591,train
9417,plan_09417,11592,train
9418,plan_09418,11593,train
9419,plan_09419,11594,train
9420,plan_09420,11596,train
9421,plan_09421,11599,train
9422,plan_09422,11601,train
9423,plan_09423,11602,train
9424,plan_09424,11603,train
9425,plan_09425,11604,train
9426,plan_09426,11605,train
9427,plan_09427,11607,train
9428,plan_09428,11608,train
9429,plan_09429,11610,train
9430,plan_09430,11611,train
9431,plan_09431,11612,train
9432,plan_09432,11613,train
9433,plan_09433,11614,train
9434,plan_09434,11615,train
9435,plan_09435,11616,train
9436,plan_09436,11617,train
9437,plan_09437,11619,train
9438,plan_09438,11620,train
9439,plan_09439,11621,train
9440,plan_09440,11622,train
9441,plan_09441,11623,train
9442,plan_09442,11625,train
9443,plan_09443,11626,train
9444,plan_09444,11627,train
9445,plan_09445,11628,train
9446,plan_09446,11629,train
9447,plan_09447,11630,train
9448,plan_09448,11631,train
9449,plan_09449,11633,train
9450,plan_09450,11634,train
9451,plan_09451,11635,train
9452,plan_09452,11637,train
9453,plan_09453,11638,train
9454,plan_09454,11639,train
9455,plan_09455,11640,train
9456,plan_09456,11641,train
9457,plan_09457,11642,train
9458,plan_09458,11644,train
9459,plan_09459,11645,train
9460,plan_09460,11646,train
9461,plan_09461,11647,train
9462,plan_09462,11648,train
9463,plan_09463,11649,train
9464,plan_09464,11650,train
9465,plan_09465,11651,train
9466,plan_09466,11652,train
9467,plan_09467,11653,train
9468,plan_09468,11654,train
9469,plan_09469,11655,train
9470,plan_09470,11657,train
9471,plan_09471,11658,train
9472,plan_09472,11659,train
9473,plan_09473,11660,train
9474,plan_09474,11661,train
9475,plan_09475,11662,train
9476,plan_09476,11666,train
9477,plan_09477,11667,train
9478,plan_09478,11668,train
9479,plan_09479,11669,train
9480,plan_09480,11670,train
9481,plan_09481,11671,train
9482,plan_09482,11672,train
9483,plan_09483,11673,train
9484,plan_09484,11674,train
9485,plan_09485,11675,train
9486,plan_09486,11676,train
9487,plan_09487,11677,train
9488,plan_09488,11678,train
9489,plan_09489,11679,train
9490,plan_09490,11680,train
9491,plan_09491,11681,train
9492,plan_09492,11682,train
9493,plan_09493,11683,train
9494,plan_09494,11684,train
9495,plan_09495,11685,train
9496,plan_09496,11686,train
9497,plan_09497,11687,train
9498,plan_09498,11688,train
9499,plan_09499,11689,train
9500,plan_09500,11690,train
9501,plan_09501,11691,train
9502,plan_09502,11692,train
9503,plan_09503,11693,train
9504,plan_09504,11694,train
9505,plan_09505,11695,train
9506,plan_09506,11697,train
9507,plan_09507,11698,train
9508,plan_09508,11699,train
9509,plan_09509,11700,train
9510,plan_09510,11701,train
9511,plan_09511,11702,train
9512,plan_09512,11703,train
9513,plan_09513,11704,train
9514,plan_09514,11706,train
9515,plan_09515,11707,train
9516,plan_09516,11708,train
9517,plan_09517,11709,train
9518,plan_09518,11710,train
9519,plan_09519,11711,train
9520,plan_09520,11713,train
9521,plan_09521,11714,train
9522,plan_09522,11715,train
9523,plan_09523,11716,train
9524,plan_09524,11717,train
9525,plan_09525,11718,train
9526,plan_09526,11719,train
9527,plan_09527,11720,train
9528,plan_09528,11721,train
9529,plan_09529,11722,train
9530,plan_09530,11723,train
9531,plan_09531,11724,train
9532,plan_09532,11726,train
9533,plan_09533,11727,train
9534,plan_09534,11728,train
9535,plan_09535,11729,train
9536,plan_09536,11730,train
9537,plan_09537,11731,train
9538,plan_09538,11732,train
9539,plan_09539,11733,train
9540,plan_09540,11734,train
9541,plan_09541,11735,train
9542,plan_09542,11737,train
9543,plan_09543,11738,train
9544,plan_09544,11739,train
9545,plan_09545,11742,train
9546,plan_09546,11743,train
9547,plan_09547,11744,train
9548,plan_09548,11745,train
9549,plan_09549,11746,train
9550,plan_09550,11747,train
9551,plan_09551,11748,train
9552,plan_09552,11749,train
9553,plan_09553,11750,train
9554,plan_09554,11751,train
9555,plan_09555,11752,train
9556,plan_09556,11753,train
9557,plan_09557,11754,train
9558,plan_09558,11755,train
9559,plan_09559,11756,train
9560,plan_09560,11757,train
9561,plan_09561,11758,train
9562,plan_09562,11759,train
9563,plan_09563,11760,train
9564,plan_09564,11761,train
9565,plan_09565,11762,train
9566,plan_09566,11763,train
9567,plan_09567,11764,train
9568,plan_09568,11766,train
9569,plan_09569,11767,train
9570,plan_09570,11768,train
9571,plan_09571,11769,train
9572,plan_09572,11770,train
9573,plan_09573,11771,train
9574,plan_09574,11772,train
9575,plan_09575,11773,train
9576,plan_09576,11774,train
9577,plan_09577,11775,train
9578,plan_09578,11776,train
9579,plan_09579,11777,train
9580,plan_09580,11778,train
9581,plan_09581,11779,train
9582,plan_09582,11780,train
9583,plan_09583,11781,train
9584,plan_09584,11782,train
9585,plan_09585,11783,train
9586,plan_09586,11784,train
9587,plan_09587,11785,train
9588,plan_09588,11786,train
9589,plan_09589,11787,train
9590,plan_09590,11790,train
9591,plan_09591,11791,train
9592,plan_09592,11792,train
9593,plan_09593,11793,train
9594,plan_09594,11795,train
9595,plan_09595,11796,train
9596,plan_09596,11797,train
9597,plan_09597,11798,train
9598,plan_09598,11799,train
9599,plan_09599,11800,train
9600,plan_09600,11802,train
9601,plan_09601,11804,train
9602,plan_09602,11805,train
9603,plan_09603,11806,train
9604,plan_09604,11807,train
9605,plan_09605,11808,train
9606,plan_09606,11809,train
9607,plan_09607,11810,train
9608,plan_09608,11811,train
9609,plan_09609,11813,train
9610,plan_09610,11814,train
9611,plan_09611,11815,train
9612,plan_09612,11816,train
9613,plan_09613,11817,train
9614,plan_09614,11818,train
9615,plan_09615,11819,train
9616,plan_09616,11820,train
9617,plan_09617,11821,train
9618,plan_09618,11823,train
9619,plan_09619,11824,train
9620,plan_09620,11825,train
9621,plan_09621,11826,train
9622,plan_09622,11827,train
9623,plan_09623,11828,train
9624,plan_09624,11829,train
9625,plan_09625,11830,train
9626,plan_09626,11831,train
9627,plan_09627,11832,train
9628,plan_09628,11833,train
9629,plan_09629,11834,train
9630,plan_09630,11835,train
9631,plan_09631,11836,train
9632,plan_09632,11837,train
9633,plan_09633,11839,train
9634,plan_09634,11840,train
9635,plan_09635,11841,train
9636,plan_09636,11842,train
9637,plan_09637,11843,train
9638,plan_09638,11844,train
9639,plan_09639,11845,train
9640,plan_09640,11846,train
9641,plan_09641,11847,train
9642,plan_09642,11848,train
9643,plan_09643,11849,train
9644,plan_09644,11850,train
9645,plan_09645,11851,train
9646,plan_09646,11852,train
9647,plan_09647,11853,train
9648,plan_09648,11854,train
9649,plan_09649,11855,train
9650,plan_09650,11856,train
9651,plan_09651,11857,train
9652,plan_09652,11858,train
9653,plan_09653,11859,train
9654,plan_09654,11861,train
9655,plan_09655,11862,train
9656,plan_09656,11864,train
9657,plan_09657,11865,train
9658,plan_09658,11866,train
9659,plan_09659,11867,train
9660,plan_09660,11868,train
9661,plan_09661,11869,train
9662,plan_09662,11870,train
9663,plan_09663,11871,train
9664,plan_09664,11873,train
9665,plan_09665,11875,train
9666,plan_09666,11877,train
9667,plan_09667,11878,train
9668,plan_09668,11879,train
9669,plan_09669,11880,train
9670,plan_09670,11881,train
9671,plan_09671,11883,train
9672,plan_09672,11884,train
9673,plan_09673,11886,train
9674,plan_09674,11887,train
9675,plan_09675,11888,train
9676,plan_09676,11889,train
9677,plan_09677,11890,train
9678,plan_09678,11891,train
9679,plan_09679,11893,train
9680,plan_09680,11894,train
9681,plan_09681,11895,train
9682,plan_09682,11896,train
9683,plan_09683,11897,train
9684,plan_09684,11899,train
9685,plan_09685,11900,train
9686,plan_09686,11901,train
9687,plan_09687,11902,train
9688,plan_09688,11903,train
9689,plan_09689,11905,train
9690,plan_09690,11906,train
9691,plan_09691,11907,train
9692,plan_09692,11909,train
9693,plan_09693,11910,train
9694,plan_09694,11912,train
9695,plan_09695,11913,train
9696,plan_09696,11914,train
9697,plan_09697,11915,train
9698,plan_09698,11916,train
9699,plan_09699,11917,train
9700,plan_09700,11918,train
9701,plan_09701,11919,train
9702,plan_09702,11920,train
9703,plan_09703,11922,train
9704,plan_09704,11923,train
9705,plan_09705,11924,train
9706,plan_09706,11925,train
9707,plan_09707,11926,train
9708,plan_09708,11928,train
9709,plan_09709,11929,train
9710,plan_09710,11930,train
9711,plan_09711,11931,train
9712,plan_09712,11932,train
9713,plan_09713,11933,train
9714,plan_09714,11934,train
9715,plan_09715,11935,train
9716,plan_09716,11936,train
9717,plan_09717,11937,train
9718,plan_09718,11938,train
9719,plan_09719,11939,train
9720,plan_09720,11940,train
9721,plan_09721,11941,train
9722,plan_09722,11943,train
9723,plan_09723,11944,train
9724,plan_09724,11945,train
9725,plan_09725,11946,train
9726,plan_09726,11947,train
9727,plan_09727,11948,train
9728,plan_09728,11949,train
9729,plan_09729,11950,train
9730,plan_09730,11952,train
9731,plan_09731,11953,train
9732,plan_09732,11954,train
9733,plan_09733,11955,train
9734,plan_09734,11956,train
9735,plan_09735,11958,train
9736,plan_09736,11960,train
9737,plan_09737,11961,train
9738,plan_09738,11962,train
9739,plan_09739,11963,train
9740,plan_09740,11964,train
9741,plan_09741,11965,train
9742,plan_09742,11967,train
9743,plan_09743,11968,train
9744,plan_09744,11969,train
9745,plan_09745,11970,train
9746,plan_09746,11971,train
9747,plan_09747,11973,train
9748,plan_09748,11974,train
9749,plan_09749,11977,train
9750,plan_09750,11978,train
9751,plan_09751,11979,train
9752,plan_09752,11980,train
9753,plan_09753,11981,train
9754,plan_09754,11984,train
9755,plan_09755,11985,train
9756,plan_09756,11987,train
9757,plan_09757,11988,train
9758,plan_09758,11989,train
9759,plan_09759,11990,train
9760,plan_09760,11991,train
9761,plan_09761,11992,train
9762,plan_09762,11993,train
9763,plan_09763,11994,train
9764,plan_09764,11995,train
9765,plan_09765,11996,train
9766,plan_09766,11997,train
9767,plan_09767,11999,train
9768,plan_09768,12001,train
9769,plan_09769,12003,train
9770,plan_09770,12004,train
9771,plan_09771,12005,train
9772,plan_09772,12006,train
9773,plan_09773,12007,train
9774,plan_09774,12008,train
9775,plan_09775,12010,train
9776,plan_09776,12011,train
9777,plan_09777,12012,train
9778,plan_09778,12014,train
9779,plan_09779,12016,train
9780,plan_09780,12018,train
9781,plan_09781,12020,train
9782,plan_09782,12022,train
9783,plan_09783,12025,train
9784,plan_09784,12026,train
9785,plan_09785,12027,train
9786,plan_09786,12028,train
9787,plan_09787,12029,train
9788,plan_09788,12030,train
9789,plan_09789,12031,train
9790,plan_09790,12032,train
9791,plan_09791,12033,train
9792,plan_09792,12034,train
9793,plan_09793,12035,train
9794,plan_09794,12036,train
9795,plan_09795,12037,train
9796,plan_09796,12038,train
9797,plan_09797,12039,train
9798,plan_09798,12041,train
9799,plan_09799,12042,train
9800,plan_09800,12043,train
9801,plan_09801,12044,train
9802,plan_09802,12045,train
9803,plan_09803,12046,train
9804,plan_09804,12047,train
9805,plan_09805,12048,train
9806,plan_09806,12049,train
9807,plan_09807,12050,train
9808,plan_09808,12051,train
9809,plan_09809,12052,train
9810,plan_09810,12053,train
9811,plan_09811,12054,train
9812,plan_09812,12055,train
9813,plan_09813,12056,train
9814,plan_09814,12058,train
9815,plan_09815,12059,train
9816,plan_09816,12060,train
9817,plan_09817,12061,train
9818,plan_09818,12062,train
9819,plan_09819,12064,train
9820,plan_09820,12065,train
9821,plan_09821,12067,train
9822,plan_09822,12068,train
9823,plan_09823,12070,train
9824,plan_09824,12071,train
9825,plan_09825,12072,train
9826,plan_09826,12073,train
9827,plan_09827,12075,train
9828,plan_09828,12076,train
9829,plan_09829,12077,train
9830,plan_09830,12079,train
9831,plan_09831,12080,train
9832,plan_09832,12081,train
9833,plan_09833,12082,train
9834,plan_09834,12083,train
9835,plan_09835,12084,train
9836,plan_09836,12085,train
9837,plan_09837,12087,train
9838,plan_09838,12088,train
9839,plan_09839,12089,train
9840,plan_09840,12090,train
9841,plan_09841,12091,train
9842,plan_09842,12092,train
9843,plan_09843,12093,train
9844,plan_09844,12094,train
9845,plan_09845,12096,train
9846,plan_09846,12097,train
9847,plan_09847,12098,train
9848,plan_09848,12099,train
9849,plan_09849,12100,train
9850,plan_09850,12101,train
9851,plan_09851,12102,train
9852,plan_09852,12103,train
9853,plan_09853,12104,train
9854,plan_09854,12105,train
9855,plan_09855,12106,train
9856,plan_09856,12107,train
9857,plan_09857,12109,train
9858,plan_09858,12110,train
9859,plan_09859,12111,train
9860,plan_09860,12113,train
9861,plan_09861,12114,train
9862,plan_09862,12115,train
9863,plan_09863,12116,train
9864,plan_09864,12117,train
9865,plan_09865,12119,train
9866,plan_09866,12120,train
9867,plan_09867,12121,train
9868,plan_09868,12123,train
9869,plan_09869,12124,train
9870,plan_09870,12125,train
9871,plan_09871,12131,train
9872,plan_09872,12132,train
9873,plan_09873,12133,train
9874,plan_09874,12136,train
9875,plan_09875,12137,train
9876,plan_09876,12138,train
9877,plan_09877,12139,train
9878,plan_09878,12140,train
9879,plan_09879,12141,train
9880,plan_09880,12142,train
9881,plan_09881,12143,train
9882,plan_09882,12145,train
9883,plan_09883,12146,train
9884,plan_09884,12147,train
9885,plan_09885,12149,train
9886,plan_09886,12151,train
9887,plan_09887,12152,train
9888,plan_09888,12153,train
9889,plan_09889,12154,train
9890,plan_09890,12157,train
9891,plan_09891,12158,train
9892,plan_09892,12159,train
9893,plan_09893,12160,train
9894,plan_09894,12162,train
9895,plan_09895,12163,train
9896,plan_09896,12164,train
9897,plan_09897,12165,train
9898,plan_09898,12166,train
9899,plan_09899,12167,train
9900,plan_09900,12168,train
9901,plan_09901,12169,train
9902,plan_09902,12170,train
9903,plan_09903,12171,train
9904,plan_09904,12173,train
9905,plan_09905,12174,train
9906,plan_09906,12175,train
9907,plan_09907,12176,train
9908,plan_09908,12177,train
9909,plan_09909,12178,train
9910,plan_09910,12179,train
9911,plan_09911,12180,train
9912,plan_09912,12181,train
9913,plan_09913,12182,train
9914,plan_09914,12183,train
9915,plan_09915,12184,train
9916,plan_09916,12185,train
9917,plan_09917,12186,train
9918,plan_09918,12187,train
9919,plan_09919,12191,train
9920,plan_09920,12192,train
9921,plan_09921,12195,train
9922,plan_09922,12196,train
9923,plan_09923,12197,train
9924,plan_09924,12198,train
9925,plan_09925,12199,train
9926,plan_09926,12200,train
9927,plan_09927,12201,train
9928,plan_09928,12202,train
9929,plan_09929,12206,train
9930,plan_09930,12207,train
9931,plan_09931,12208,train
9932,plan_09932,12210,train
9933,plan_09933,12211,train
9934,plan_09934,12212,train
9935,plan_09935,12213,train
9936,plan_09936,12214,train
9937,plan_09937,12215,train
9938,plan_09938,12216,train
9939,plan_09939,12217,train
9940,plan_09940,12218,train
9941,plan_09941,12219,train
9942,plan_09942,12220,train
9943,plan_09943,12221,train
9944,plan_09944,12222,train
9945,plan_09945,12223,train
9946,plan_09946,12224,train
9947,plan_09947,12225,train
9948,plan_09948,12226,train
9949,plan_09949,12227,train
9950,plan_09950,12233,train
9951,plan_09951,12236,train
9952,plan_09952,12237,train
9953,plan_09953,12238,train
9954,plan_09954,12239,train
9955,plan_09955,12240,train
9956,plan_09956,12241,train
9957,plan_09957,12242,train
9958,plan_09958,12243,train
9959,plan_09959,12244,train
9960,plan_09960,12246,train
9961,plan_09961,12247,train
9962,plan_09962,12248,train
9963,plan_09963,12249,train
9964,plan_09964,12250,train
9965,plan_09965,12251,train
9966,plan_09966,12252,train
9967,plan_09967,12253,train
9968,plan_09968,12254,train
9969,plan_09969,12256,train
9970,plan_09970,12257,train
9971,plan_09971,12259,train
9972,plan_09972,12260,train
9973,plan_09973,12261,train
9974,plan_09974,12262,train
9975,plan_09975,12263,train
9976,plan_09976,12264,train
9977,plan_09977,12265,train
9978,plan_09978,12266,train
9979,plan_09979,12268,train
9980,plan_09980,12269,train
9981,plan_09981,12270,train
9982,plan_09982,12271,train
9983,plan_09983,12273,train
9984,plan_09984,12274,train
9985,plan_09985,12275,train
9986,plan_09986,12277,train
9987,plan_09987,12279,train
9988,plan_09988,12280,train
9989,plan_09989,12281,train
9990,plan_09990,12283,train
9991,plan_09991,12284,train
9992,plan_09992,12285,train
9993,plan_09993,12286,train
9994,plan_09994,12287,train
9995,plan_09995,12289,train
9996,plan_09996,12290,train
9997,plan_09997,12291,train
9998,plan_09998,12292,train
9999,plan_09999,12293,train
10000,plan_10000,12294,train
10001,plan_10001,12295,train
10002,plan_10002,12296,train
10003,plan_10003,12297,train
10004,plan_10004,12298,train
10005,plan_10005,12299,train
10006,plan_10006,12300,train
10007,plan_10007,12301,train
10008,plan_10008,12302,train
10009,plan_10009,12303,train
10010,plan_10010,12304,train
10011,plan_10011,12305,train
10012,plan_10012,12306,train
10013,plan_10013,12307,train
10014,plan_10014,12308,train
10015,plan_10015,12309,train
10016,plan_10016,12310,train
10017,plan_10017,12311,train
10018,plan_10018,12312,train
10019,plan_10019,12313,train
10020,plan_10020,12314,train
10021,plan_10021,12315,train
10022,plan_10022,12316,train
10023,plan_10023,12317,train
10024,plan_10024,12318,train
10025,plan_10025,12319,train
10026,plan_10026,12320,train
10027,plan_10027,12321,train
10028,plan_10028,12322,train
10029,plan_10029,12323,train
10030,plan_10030,12324,train
10031,plan_10031,12325,train
10032,plan_10032,12326,train
10033,plan_10033,12327,train
10034,plan_10034,12329,train
10035,plan_10035,12331,train
10036,plan_10036,12332,train
10037,plan_10037,12333,train
10038,plan_10038,12334,train
10039,plan_10039,12335,train
10040,plan_10040,12336,train
10041,plan_10041,12337,train
10042,plan_10042,12338,train
10043,plan_10043,12339,train
10044,plan_10044,12340,train
10045,plan_10045,12343,train
10046,plan_10046,12345,train
10047,plan_10047,12347,train
10048,plan_10048,12348,train
10049,plan_10049,12349,train
10050,plan_10050,12350,train
10051,plan_10051,12351,train
10052,plan_10052,12356,train
10053,plan_10053,12357,train
10054,plan_10054,12358,train
10055,plan_10055,12359,train
10056,plan_10056,12360,train
10057,plan_10057,12361,train
10058,plan_10058,12362,train
10059,plan_10059,12363,train
10060,plan_10060,12364,train
10061,plan_10061,12365,train
10062,plan_10062,12366,train
10063,plan_10063,12367,train
10064,plan_10064,12370,train
10065,plan_10065,12371,train
10066,plan_10066,12373,train
10067,plan_10067,12374,train
10068,plan_10068,12375,train
10069,plan_10069,12376,train
10070,plan_10070,12377,train
10071,plan_10071,12378,train
10072,plan_10072,12379,train
10073,plan_10073,12380,train
10074,plan_10074,12381,train
10075,plan_10075,12382,train
10076,plan_10076,12383,train
10077,plan_10077,12384,train
10078,plan_10078,12386,train
10079,plan_10079,12387,train
10080,plan_10080,12388,train
10081,plan_10081,12390,train
10082,plan_10082,12391,train
10083,plan_10083,12394,train
10084,plan_10084,12395,train
10085,plan_10085,12396,train
10086,plan_10086,12397,train
10087,plan_10087,12398,train
10088,plan_10088,12399,train
10089,plan_10089,12400,train
10090,plan_10090,12401,train
10091,plan_10091,12402,train
10092,plan_10092,12403,train
10093,plan_10093,12405,train
10094,plan_10094,12406,train
10095,plan_10095,12407,train
10096,plan_10096,12408,train
10097,plan_10097,12409,train
10098,plan_10098,12410,train
10099,plan_10099,12411,train
10100,plan_10100,12412,train
10101,plan_10101,12413,train
10102,plan_10102,12414,train
10103,plan_10103,12415,train
10104,plan_10104,12416,train
10105,plan_10105,12417,train
10106,plan_10106,12418,train
10107,plan_10107,12420,train
10108,plan_10108,12421,train
10109,plan_10109,12422,train
10110,plan_10110,12423,train
10111,plan_10111,12424,train
10112,plan_10112,12425,train
10113,plan_10113,12426,train
10114,plan_10114,12427,train
10115,plan_10115,12428,train
10116,plan_10116,12429,train
10117,plan_10117,12430,train
10118,plan_10118,12432,train
10119,plan_10119,12434,train
10120,plan_10120,12435,train
10121,plan_10121,12436,train
10122,plan_10122,12438,train
10123,plan_10123,12439,train
10124,plan_10124,12440,train
10125,plan_10125,12441,train
10126,plan_10126,12442,train
10127,plan_10127,12443,train
10128,plan_10128,12444,train
10129,plan_10129,12445,train
10130,plan_10130,12446,train
10131,plan_10131,12447,train
10132,plan_10132,12448,train
10133,plan_10133,12449,train
10134,plan_10134,12450,train
10135,plan_10135,12452,train
10136,plan_10136,12453,train
10137,plan_10137,12454,train
10138,plan_10138,12455,train
10139,plan_10139,12456,train
10140,plan_10140,12458,train
10141,plan_10141,12459,train
10142,plan_10142,12460,train
10143,plan_10143,12461,train
10144,plan_10144,12463,train
10145,plan_10145,12465,train
10146,plan_10146,12466,train
10147,plan_10147,12467,train
10148,plan_10148,12468,train
10149,plan_10149,12469,train
10150,plan_10150,12470,train
10151,plan_10151,12472,train
10152,plan_10152,12473,train
10153,plan_10153,12474,train
10154,plan_10154,12476,train
10155,plan_10155,12477,train
10156,plan_10156,12478,train
10157,plan_10157,12480,train
10158,plan_10158,12481,train
10159,plan_10159,12482,train
10160,plan_10160,12484,train
10161,plan_10161,12485,train
10162,plan_10162,12486,train
10163,plan_10163,12487,train
10164,plan_10164,12488,train
10165,plan_10165,12489,train
10166,plan_10166,12490,train
10167,plan_10167,12501,train
10168,plan_10168,12502,train
10169,plan_10169,12503,train
10170,plan_10170,12504,train
10171,plan_10171,12505,train
10172,plan_10172,12506,train
10173,plan_10173,12507,train
10174,plan_10174,12508,train
10175,plan_10175,12509,train
10176,plan_10176,12510,train
10177,plan_10177,12511,train
10178,plan_10178,12512,train
10179,plan_10179,12513,train
10180,plan_10180,12514,train
10181,plan_10181,12515,train
10182,plan_10182,12516,train
10183,plan_10183,12517,train
10184,plan_10184,12518,train
10185,plan_10185,12519,train
10186,plan_10186,12520,train
10187,plan_10187,12522,train
10188,plan_10188,12523,train
10189,plan_10189,12524,train
10190,plan_10190,12526,train
10191,plan_10191,12529,train
10192,plan_10192,12530,train
10193,plan_10193,12531,train
10194,plan_10194,12532,train
10195,plan_10195,12533,train
10196,plan_10196,12534,train
10197,plan_10197,12535,train
10198,plan_10198,12536,train
10199,plan_10199,12539,train
10200,plan_10200,12540,train
10201,plan_10201,12542,train
10202,plan_10202,12543,train
10203,plan_10203,12544,train
10204,plan_10204,12545,train
10205,plan_10205,12546,train
10206,plan_10206,12547,train
10207,plan_10207,12549,train
10208,plan_10208,12550,train
10209,plan_10209,12551,train
10210,plan_10210,12553,train
10211,plan_10211,12554,train
10212,plan_10212,12555,train
10213,plan_10213,12557,train
10214,plan_10214,12559,train
10215,plan_10215,12560,train
10216,plan_10216,12561,train
10217,plan_10217,12562,train
10218,plan_10218,12563,train
10219,plan_10219,12564,train
10220,plan_10220,12565,train
10221,plan_10221,12566,train
10222,plan_10222,12567,train
10223,plan_10223,12568,train
10224,plan_10224,12569,train
10225,plan_10225,12570,train
10226,plan_10226,12571,train
10227,plan_10227,12572,train
10228,plan_10228,12574,train
10229,plan_10229,12575,train
10230,plan_10230,12576,train
10231,plan_10231,12577,train
10232,plan_10232,12578,train
10233,plan_10233,12579,train
10234,plan_10234,12580,train
10235,plan_10235,12581,train
10236,plan_10236,12582,train
10237,plan_10237,12584,train
10238,plan_10238,12585,train
10239,plan_10239,12586,train
10240,plan_10240,12587,train
10241,plan_10241,12588,train
10242,plan_10242,12589,train
10243,plan_10243,12590,train
10244,plan_10244,12591,train
10245,plan_10245,12592,train
10246,plan_10246,12593,train
10247,plan_10247,12594,train
10248,plan_10248,12595,train
10249,plan_10249,12596,train
10250,plan_10250,12597,train
10251,plan_10251,12598,train
10252,plan_10252,12599,train
10253,plan_10253,12600,train
10254,plan_10254,12601,train
10255,plan_10255,12602,train
10256,plan_10256,12603,train
10257,plan_10257,12604,train
10258,plan_10258,12605,train
10259,plan_10259,12609,train
10260,plan_10260,12611,train
10261,plan_10261,12612,train
10262,plan_10262,12613,train
10263,plan_10263,12614,train
10264,plan_10264,12618,train
10265,plan_10265,12619,train
10266,plan_10266,12621,train
10267,plan_10267,12622,train
10268,plan_10268,12624,train
10269,plan_10269,12626,train
10270,plan_10270,12627,train
10271,plan_10271,12632,train
10272,plan_10272,12633,train
10273,plan_10273,12634,train
10274,plan_10274,12635,train
10275,plan_10275,12636,train
10276,plan_10276,12637,train
10277,plan_10277,12638,train
10278,plan_10278,12639,train
10279,plan_10279,12640,train
10280,plan_10280,12642,train
10281,plan_10281,12644,train
10282,plan_10282,12645,train
10283,plan_10283,12646,train
10284,plan_10284,12647,train
10285,plan_10285,12648,train
10286,plan_10286,12649,train
10287,plan_10287,12650,train
10288,plan_10288,12651,train
10289,plan_10289,12652,train
10290,plan_10290,12653,train
10291,plan_10291,12655,train
10292,plan_10292,12656,train
10293,plan_10293,12657,train
10294,plan_10294,12658,train
10295,plan_10295,12660,train
10296,plan_10296,12662,train
10297,plan_10297,12663,train
10298,plan_10298,12664,train
10299,plan_10299,12665,train
10300,plan_10300,12666,train
10301,plan_10301,12667,train
10302,plan_10302,12668,train
10303,plan_10303,12669,train
10304,plan_10304,12670,train
10305,plan_10305,12671,train
10306,plan_10306,12674,train
10307,plan_10307,12675,train
10308,plan_10308,12676,train
10309,plan_10309,12678,train
10310,plan_10310,12679,train
10311,plan_10311,12681,train
10312,plan_10312,12685,train
10313,plan_10313,12686,train
10314,plan_10314,12687,train
10315,plan_10315,12688,train
10316,plan_10316,12690,train
10317,plan_10317,12692,train
10318,plan_10318,12693,train
10319,plan_10319,12694,train
10320,plan_10320,12697,train
10321,plan_10321,12699,train
10322,plan_10322,12700,train
10323,plan_10323,12701,train
10324,plan_10324,12702,train
10325,plan_10325,12703,train
10326,plan_10326,12704,train
10327,plan_10327,12705,train
10328,plan_10328,12706,train
10329,plan_10329,12707,train
10330,plan_10330,12708,train
10331,plan_10331,12709,train
10332,plan_10332,12710,train
10333,plan_10333,12711,train
10334,plan_10334,12714,train
10335,plan_10335,12715,train
10336,plan_10336,12716,train
10337,plan_10337,12717,train
10338,plan_10338,12719,train
10339,plan_10339,12720,train
10340,plan_10340,12721,train
10341,plan_10341,12722,train
10342,plan_10342,12723,train
10343,plan_10343,12724,train
10344,plan_10344,12725,train
10345,plan_10345,12726,train
10346,plan_10346,12727,train
10347,plan_10347,12730,train
10348,plan_10348,12731,train
10349,plan_10349,12732,train
10350,plan_10350,12733,train
10351,plan_10351,12734,train
10352,plan_10352,12735,train
10353,plan_10353,12736,train
10354,plan_10354,12737,train
10355,plan_10355,12738,train
10356,plan_10356,12739,train
10357,plan_10357,12741,train
10358,plan_10358,12743,train
10359,plan_10359,12747,train
10360,plan_10360,12748,train
10361,plan_10361,12749,train
10362,plan_10362,12750,train
10363,plan_10363,12751,train
10364,plan_10364,12752,train
10365,plan_10365,12753,train
10366,plan_10366,12754,train
10367,plan_10367,12755,train
10368,plan_10368,12756,train
10369,plan_10369,12757,train
10370,plan_10370,12758,train
10371,plan_10371,12759,train
10372,plan_10372,12760,train
10373,plan_10373,12761,train
10374,plan_10374,12762,train
10375,plan_10375,12763,train
10376,plan_10376,12764,train
10377,plan_10377,12765,train
10378,plan_10378,12766,train
10379,plan_10379,12767,train
10380,plan_10380,12768,train
10381,plan_10381,12769,train
10382,plan_10382,12770,train
10383,plan_10383,12771,train
10384,plan_10384,12772,train
10385,plan_10385,12773,train
10386,plan_10386,12774,train
10387,plan_10387,12776,train
10388,plan_10388,12777,train
10389,plan_10389,12778,train
10390,plan_10390,12779,train
10391,plan_10391,12781,train
10392,plan_10392,12782,train
10393,plan_10393,12783,train
10394,plan_10394,12784,train
10395,plan_10395,12786,train
10396,plan_10396,12787,train
10397,plan_10397,12788,train
10398,plan_10398,12789,train
10399,plan_10399,12790,train
10400,plan_10400,12793,train
10401,plan_10401,12794,train
10402,plan_10402,12795,train
10403,plan_10403,12796,train
10404,plan_10404,12797,train
10405,plan_10405,12798,train
10406,plan_10406,12799,train
10407,plan_10407,12800,train
10408,plan_10408,12801,train
10409,plan_10409,12802,train
10410,plan_10410,12803,train
10411,plan_10411,12805,train
10412,plan_10412,12807,train
10413,plan_10413,12808,train
10414,plan_10414,12809,train
10415,plan_10415,12810,train
10416,plan_10416,12811,train
10417,plan_10417,12812,train
10418,plan_10418,12813,train
10419,plan_10419,12814,train
10420,plan_10420,12815,train
10421,plan_10421,12817,train
10422,plan_10422,12818,train
10423,plan_10423,12819,train
10424,plan_10424,12820,train
10425,plan_10425,12821,train
10426,plan_10426,12822,train
10427,plan_10427,12823,train
10428,plan_10428,12824,train
10429,plan_10429,12826,train
10430,plan_10430,12827,train
10431,plan_10431,12828,train
10432,plan_10432,12829,train
10433,plan_10433,12830,train
10434,plan_10434,12831,train
10435,plan_10435,12832,train
10436,plan_10436,12833,train
10437,plan_10437,12834,train
10438,plan_10438,12836,train
10439,plan_10439,12838,train
10440,plan_10440,12839,train
10441,plan_10441,12840,train
10442,plan_10442,12841,train
10443,plan_10443,12842,train
10444,plan_10444,12843,train
10445,plan_10445,12844,train
10446,plan_10446,12845,train
10447,plan_10447,12846,train
10448,plan_10448,12847,train
10449,plan_10449,12848,train
10450,plan_10450,12850,train
10451,plan_10451,12851,train
10452,plan_10452,12852,train
10453,plan_10453,12853,train
10454,plan_10454,12854,train
10455,plan_10455,12856,train
10456,plan_10456,12857,train
10457,plan_10457,12858,train
10458,plan_10458,12859,train
10459,plan_10459,12860,train
10460,plan_10460,12861,train
10461,plan_10461,12862,train
10462,plan_10462,12863,train
10463,plan_10463,12864,train
10464,plan_10464,12867,train
10465,plan_10465,12868,train
10466,plan_10466,12869,train
10467,plan_10467,12870,train
10468,plan_10468,12871,train
10469,plan_10469,12872,train
10470,plan_10470,12873,train
10471,plan_10471,12874,train
10472,plan_10472,12875,train
10473,plan_10473,12876,train
10474,plan_10474,12877,train
10475,plan_10475,12878,train
10476,plan_10476,12879,train
10477,plan_10477,12881,train
10478,plan_10478,12882,train
10479,plan_10479,12883,train
10480,plan_10480,12884,train
10481,plan_10481,12885,train
10482,plan_10482,12886,train
10483,plan_10483,12887,train
10484,plan_10484,12888,train
10485,plan_10485,12889,train
10486,plan_10486,12890,train
10487,plan_10487,12891,train
10488,plan_10488,12892,train
10489,plan_10489,12894,train
10490,plan_10490,12895,train
10491,plan_10491,12896,train
10492,plan_10492,12897,train
10493,plan_10493,12898,train
10494,plan_10494,12899,train
10495,plan_10495,12900,train
10496,plan_10496,12902,train
10497,plan_10497,12903,train
10498,plan_10498,12904,train
10499,plan_10499,12905,train
10500,plan_10500,12906,train
10501,plan_10501,12907,train
10502,plan_10502,12908,train
10503,plan_10503,12909,train
10504,plan_10504,12910,train
10505,plan_10505,12911,train
10506,plan_10506,12912,train
10507,plan_10507,12913,train
10508,plan_10508,12916,train
10509,plan_10509,12917,train
10510,plan_10510,12918,train
10511,plan_10511,12919,train
10512,plan_10512,12920,train
10513,plan_10513,12921,train
10514,plan_10514,12922,train
10515,plan_10515,12923,train
10516,plan_10516,12924,train
10517,plan_10517,12926,train
10518,plan_10518,12927,train
10519,plan_10519,12928,train
10520,plan_10520,12929,train
10521,plan_10521,12930,train
10522,plan_10522,12931,train
10523,plan_10523,12932,train
10524,plan_10524,12933,train
10525,plan_10525,12935,train
10526,plan_10526,12936,train
10527,plan_10527,12937,train
10528,plan_10528,12938,train
10529,plan_10529,12939,train
10530,plan_10530,12940,train
10531,plan_10531,12941,train
10532,plan_10532,12942,train
10533,plan_10533,12943,train
10534,plan_10534,12944,train
10535,plan_10535,12945,train
10536,plan_10536,12946,train
10537,plan_10537,12947,train
10538,plan_10538,12948,train
10539,plan_10539,12949,train
10540,plan_10540,12950,train
10541,plan_10541,12951,train
10542,plan_10542,12952,train
10543,plan_10543,12954,train
10544,plan_10544,12955,train
10545,plan_10545,12959,train
10546,plan_10546,12960,train
10547,plan_10547,12962,train
10548,plan_10548,12963,train
10549,plan_10549,12965,train
10550,plan_10550,12966,train
10551,plan_10551,12967,train
10552,plan_10552,12968,train
10553,plan_10553,12969,train
10554,plan_10554,12970,train
10555,plan_10555,12972,train
10556,plan_10556,12973,train
10557,plan_10557,12974,train
10558,plan_10558,12975,train
10559,plan_10559,12977,train
10560,plan_10560,12978,train
10561,plan_10561,12979,train
10562,plan_10562,12980,train
10563,plan_10563,12981,train
10564,plan_10564,12982,train
10565,plan_10565,12983,train
10566,plan_10566,12984,train
10567,plan_10567,12985,train
10568,plan_10568,12986,train
10569,plan_10569,12987,train
10570,plan_10570,12988,train
10571,plan_10571,12989,train
10572,plan_10572,12990,train
10573,plan_10573,12991,train
10574,plan_10574,12993,train
10575,plan_10575,12994,train
10576,plan_10576,12995,train
10577,plan_10577,12996,train
10578,plan_10578,12997,train
10579,plan_10579,12998,train
10580,plan_10580,12999,train
10581,plan_10581,13000,train
10582,plan_10582,13002,train
10583,plan_10583,13004,train
10584,plan_10584,13005,train
10585,plan_10585,13008,train
10586,plan_10586,13009,train
10587,plan_10587,13010,train
10588,plan_10588,13015,train
10589,plan_10589,13016,train
10590,plan_10590,13017,train
10591,plan_10591,13018,train
10592,plan_10592,13019,train
10593,plan_10593,13020,train
10594,plan_10594,13021,train
10595,plan_10595,13022,train
10596,plan_10596,13023,train
10597,plan_10597,13025,train
10598,plan_10598,13026,train
10599,plan_10599,13027,train
10600,plan_10600,13028,train
10601,plan_10601,13029,train
10602,plan_10602,13033,train
10603,plan_10603,13034,train
10604,plan_10604,13035,train
10605,plan_10605,13036,train
10606,plan_10606,13037,train
10607,plan_10607,13038,train
10608,plan_10608,13039,train
10609,plan_10609,13041,train
10610,plan_10610,13042,train
10611,plan_10611,13043,train
10612,plan_10612,13044,train
10613,plan_10613,13045,train
10614,plan_10614,13046,train
10615,plan_10615,13047,train
10616,plan_10616,13049,train
10617,plan_10617,13050,train
10618,plan_10618,13051,train
10619,plan_10619,13052,train
10620,plan_10620,13053,train
10621,plan_10621,13054,train
10622,plan_10622,13055,train
10623,plan_10623,13056,train
10624,plan_10624,13057,train
10625,plan_10625,13058,train
10626,plan_10626,13060,train
10627,plan_10627,13061,train
10628,plan_10628,13062,train
10629,plan_10629,13063,train
10630,plan_10630,13064,train
10631,plan_10631,13065,train
10632,plan_10632,13066,train
10633,plan_10633,13067,train
10634,plan_10634,13068,train
10635,plan_10635,13069,train
10636,plan_10636,13070,train
10637,plan_10637,13071,train
10638,plan_10638,13072,train
10639,plan_10639,13073,train
10640,plan_10640,13074,train
10641,plan_10641,13075,train
10642,plan_10642,13076,train
10643,plan_10643,13078,train
10644,plan_10644,13079,train
10645,plan_10645,13080,train
10646,plan_10646,13081,train
10647,plan_10647,13083,train
10648,plan_10648,13085,train
10649,plan_10649,13086,train
10650,plan_10650,13087,train
10651,plan_10651,13088,train
10652,plan_10652,13089,train
10653,plan_10653,13090,train
10654,plan_10654,13091,train
10655,plan_10655,13092,train
10656,plan_10656,13093,train
10657,plan_10657,13095,train
10658,plan_10658,13096,train
10659,plan_10659,13098,train
10660,plan_10660,13101,train
10661,plan_10661,13102,train
10662,plan_10662,13103,train
10663,plan_10663,13106,train
10664,plan_10664,13107,train
10665,plan_10665,13108,train
10666,plan_10666,13109,train
10667,plan_10667,13110,train
10668,plan_10668,13111,train
10669,plan_10669,13112,train
10670,plan_10670,13113,train
10671,plan_10671,13114,train
10672,plan_10672,13115,train
10673,plan_10673,13116,train
10674,plan_10674,13117,train
10675,plan_10675,13118,train
10676,plan_10676,13119,train
10677,plan_10677,13120,train
10678,plan_10678,13121,train
10679,plan_10679,13124,train
10680,plan_10680,13125,train
10681,plan_10681,13126,train
10682,plan_10682,13127,train
10683,plan_10683,13129,train
10684,plan_10684,13130,train
10685,plan_10685,13132,train
10686,plan_10686,13133,train
10687,plan_10687,13136,train
10688,plan_10688,13137,train
10689,plan_10689,13138,train
10690,plan_10690,13139,train
10691,plan_10691,13140,train
10692,plan_10692,13141,train
10693,plan_10693,13143,train
10694,plan_10694,13144,train
10695,plan_10695,13145,train
10696,plan_10696,13146,train
10697,plan_10697,13147,train
10698,plan_10698,13148,train
10699,plan_10699,13149,train
10700,plan_10700,13150,train
10701,plan_10701,13152,train
10702,plan_10702,13153,train
10703,plan_10703,13154,train
10704,plan_10704,13155,train
10705,plan_10705,13156,train
10706,plan_10706,13158,train
10707,plan_10707,13159,train
10708,plan_10708,13160,train
10709,plan_10709,13161,train
10710,plan_10710,13164,train
10711,plan_10711,13165,train
10712,plan_10712,13166,train
10713,plan_10713,13167,train
10714,plan_10714,13168,train
10715,plan_10715,13169,train
10716,plan_10716,13170,train
10717,plan_10717,13172,train
10718,plan_10718,13173,train
10719,plan_10719,13174,train
10720,plan_10720,13175,train
10721,plan_10721,13176,train
10722,plan_10722,13177,train
10723,plan_10723,13178,train
10724,plan_10724,13179,train
10725,plan_10725,13180,train
10726,plan_10726,13181,train
10727,plan_10727,13182,train
10728,plan_10728,13183,train
10729,plan_10729,13184,train
10730,plan_10730,13185,train
10731,plan_10731,13186,train
10732,plan_10732,13187,train
10733,plan_10733,13189,train
10734,plan_10734,13190,train
10735,plan_10735,13191,train
10736,plan_10736,13192,train
10737,plan_10737,13193,train
10738,plan_10738,13195,train
10739,plan_10739,13196,train
10740,plan_10740,13197,train
10741,plan_10741,13198,train
10742,plan_10742,13199,train
10743,plan_10743,13200,train
10744,plan_10744,13201,train
10745,plan_10745,13202,train
10746,plan_10746,13205,train
10747,plan_10747,13206,train
10748,plan_10748,13207,train
10749,plan_10749,13208,train
10750,plan_10750,13209,train
10751,plan_10751,13210,train
10752,plan_10752,13211,train
10753,plan_10753,13212,train
10754,plan_10754,13213,train
10755,plan_10755,13214,train
10756,plan_10756,13215,train
10757,plan_10757,13217,train
10758,plan_10758,13219,train
10759,plan_10759,13220,train
10760,plan_10760,13221,train
10761,plan_10761,13223,train
10762,plan_10762,13224,train
10763,plan_10763,13225,train
10764,plan_10764,13226,train
10765,plan_10765,13227,train
10766,plan_10766,13228,train
10767,plan_10767,13230,train
10768,plan_10768,13231,train
10769,plan_10769,13232,train
10770,plan_10770,13234,train
10771,plan_10771,13235,train
10772,plan_10772,13236,train
10773,plan_10773,13237,train
10774,plan_10774,13238,train
10775,plan_10775,13240,train
10776,plan_10776,13241,train
10777,plan_10777,13242,train
10778,plan_10778,13243,train
10779,plan_10779,13244,train
10780,plan_10780,13245,train
10781,plan_10781,13247,train
10782,plan_10782,13248,train
10783,plan_10783,13249,train
10784,plan_10784,13250,train
10785,plan_10785,13251,train
10786,plan_10786,13252,train
10787,plan_10787,13253,train
10788,plan_10788,13254,train
10789,plan_10789,13255,train
10790,plan_10790,13256,train
10791,plan_10791,13258,train
10792,plan_10792,13259,train
10793,plan_10793,13261,train
10794,plan_10794,13262,train
10795,plan_10795,13264,train
10796,plan_10796,13270,train
10797,plan_10797,13272,train
10798,plan_10798,13273,train
10799,plan_10799,13274,train
10800,plan_10800,13276,train
10801,plan_10801,13277,train
10802,plan_10802,13278,train
10803,plan_10803,13279,train
10804,plan_10804,13280,train
10805,plan_10805,13281,train
10806,plan_10806,13283,train
10807,plan_10807,13284,train
10808,plan_10808,13285,train
10809,plan_10809,13286,train
10810,plan_10810,13287,train
10811,plan_10811,13288,train
10812,plan_10812,13289,train
10813,plan_10813,13290,train
10814,plan_10814,13291,train
10815,plan_10815,13292,train
10816,plan_10816,13293,train
10817,plan_10817,13294,train
10818,plan_10818,13295,train
10819,plan_10819,13296,train
10820,plan_10820,13298,train
10821,plan_10821,13299,train
10822,plan_10822,13300,train
10823,plan_10823,13301,train
10824,plan_10824,13302,train
10825,plan_10825,13304,train
10826,plan_10826,13306,train
10827,plan_10827,13307,train
10828,plan_10828,13308,train
10829,plan_10829,13309,train
10830,plan_10830,13310,train
10831,plan_10831,13311,train
10832,plan_10832,13312,train
10833,plan_10833,13314,train
10834,plan_10834,13315,train
10835,plan_10835,13316,train
10836,plan_10836,13317,train
10837,plan_10837,13318,train
10838,plan_10838,13319,train
10839,plan_10839,13320,train
10840,plan_10840,13322,train
10841,plan_10841,13323,train
10842,plan_10842,13324,train
10843,plan_10843,13325,train
10844,plan_10844,13326,train
10845,plan_10845,13327,train
10846,plan_10846,13328,train
10847,plan_10847,13329,train
10848,plan_10848,13330,train
10849,plan_10849,13331,train
10850,plan_10850,13332,train
10851,plan_10851,13333,train
10852,plan_10852,13334,train
10853,plan_10853,13335,train
10854,plan_10854,13336,train
10855,plan_10855,13337,train
10856,plan_10856,13338,train
10857,plan_10857,13339,train
10858,plan_10858,13341,train
10859,plan_10859,13342,train
10860,plan_10860,13343,train
10861,plan_10861,13344,train
10862,plan_10862,13346,train
10863,plan_10863,13347,train
10864,plan_10864,13348,train
10865,plan_10865,13349,train
10866,plan_10866,13350,train
10867,plan_10867,13351,train
10868,plan_10868,13352,train
10869,plan_10869,13353,train
10870,plan_10870,13354,train
10871,plan_10871,13355,train
10872,plan_10872,13357,train
10873,plan_10873,13358,train
10874,plan_10874,13360,train
10875,plan_10875,13361,train
10876,plan_10876,13362,train
10877,plan_10877,13364,train
10878,plan_10878,13366,train
10879,plan_10879,13367,train
10880,plan_10880,13368,train
10881,plan_10881,13369,train
10882,plan_10882,13370,train
10883,plan_10883,13371,train
10884,plan_10884,13372,train
10885,plan_10885,13373,train
10886,plan_10886,13374,train
10887,plan_10887,13375,train
10888,plan_10888,13376,train
10889,plan_10889,13377,train
10890,plan_10890,13378,train
10891,plan_10891,13380,train
10892,plan_10892,13381,train
10893,plan_10893,13382,train
10894,plan_10894,13384,train
10895,plan_10895,13385,train
10896,plan_10896,13386,train
10897,plan_10897,13387,train
10898,plan_10898,13388,train
10899,plan_10899,13397,train
10900,plan_10900,13398,train
10901,plan_10901,13399,train
10902,plan_10902,13400,train
10903,plan_10903,13402,train
10904,plan_10904,13403,train
10905,plan_10905,13404,train
10906,plan_10906,13405,train
10907,plan_10907,13407,train
10908,plan_10908,13408,train
10909,plan_10909,13409,train
10910,plan_10910,13410,train
10911,plan_10911,13411,train
10912,plan_10912,13412,train
10913,plan_10913,13413,train
10914,plan_10914,13414,train
10915,plan_10915,13415,train
10916,plan_10916,13416,train
10917,plan_10917,13418,train
10918,plan_10918,13419,train
10919,plan_10919,13421,train
10920,plan_10920,13422,train
10921,plan_10921,13423,train
10922,plan_10922,13424,train
10923,plan_10923,13425,train
10924,plan_10924,13426,train
10925,plan_10925,13427,train
10926,plan_10926,13428,train
10927,plan_10927,13429,train
10928,plan_10928,13430,train
10929,plan_10929,13432,train
10930,plan_10930,13433,train
10931,plan_10931,13434,train
10932,plan_10932,13435,train
10933,plan_10933,13436,train
10934,plan_10934,13437,train
10935,plan_10935,13438,train
10936,plan_10936,13439,train
10937,plan_10937,13441,train
10938,plan_10938,13442,train
10939,plan_10939,13443,train
10940,plan_10940,13444,train
10941,plan_10941,13445,train
10942,plan_10942,13446,train
10943,plan_10943,13447,train
10944,plan_10944,13448,train
10945,plan_10945,13450,train
10946,plan_10946,13451,train
10947,plan_10947,13452,train
10948,plan_10948,13453,train
10949,plan_10949,13454,train
10950,plan_10950,13455,train
10951,plan_10951,13456,train
10952,plan_10952,13457,train
10953,plan_10953,13459,train
10954,plan_10954,13460,train
10955,plan_10955,13461,train
10956,plan_10956,13462,train
10957,plan_10957,13463,train
10958,plan_10958,13464,train
10959,plan_10959,13465,train
10960,plan_10960,13466,train
10961,plan_10961,13467,train
10962,plan_10962,13468,train
10963,plan_10963,13469,train
10964,plan_10964,13470,train
10965,plan_10965,13472,train
10966,plan_10966,13473,train
10967,plan_10967,13474,train
10968,plan_10968,13475,train
10969,plan_10969,13476,train
10970,plan_10970,13477,train
10971,plan_10971,13478,train
10972,plan_10972,13479,train
10973,plan_10973,13481,train
10974,plan_10974,13482,train
10975,plan_10975,13483,train
10976,plan_10976,13484,train
10977,plan_10977,13485,train
10978,plan_10978,13486,train
10979,plan_10979,13487,train
10980,plan_10980,13488,train
10981,plan_10981,13489,train
10982,plan_10982,13490,train
10983,plan_10983,13491,train
10984,plan_10984,13492,train
10985,plan_10985,13493,train
10986,plan_10986,13494,train
10987,plan_10987,13495,train
10988,plan_10988,13496,train
10989,plan_10989,13499,train
10990,plan_10990,13501,train
10991,plan_10991,13502,train
10992,plan_10992,13503,train
10993,plan_10993,13504,train
10994,plan_10994,13505,train
10995,plan_10995,13507,train
10996,plan_10996,13508,train
10997,plan_10997,13509,train
10998,plan_10998,13510,train
10999,plan_10999,13511,train
11000,plan_11000,13512,train
11001,plan_11001,13513,train
11002,plan_11002,13515,train
11003,plan_11003,13516,train
11004,plan_11004,13517,train
11005,plan_11005,13518,train
11006,plan_11006,13519,train
11007,plan_11007,13521,train
11008,plan_11008,13522,train
11009,plan_11009,13523,train
11010,plan_11010,13524,train
11011,plan_11011,13525,train
11012,plan_11012,13526,train
11013,plan_11013,13527,train
11014,plan_11014,13528,train
11015,plan_11015,13529,train
11016,plan_11016,13530,train
11017,plan_11017,13531,train
11018,plan_11018,13533,train
11019,plan_11019,13534,train
11020,plan_11020,13535,train
11021,plan_11021,13536,train
11022,plan_11022,13537,train
11023,plan_11023,13538,train
11024,plan_11024,13539,train
11025,plan_11025,13540,train
11026,plan_11026,13542,train
11027,plan_11027,13543,train
11028,plan_11028,13544,train
11029,plan_11029,13545,train
11030,plan_11030,13546,train
11031,plan_11031,13547,train
11032,plan_11032,13548,train
11033,plan_11033,13549,train
11034,plan_11034,13550,train
11035,plan_11035,13551,train
11036,plan_11036,13552,train
11037,plan_11037,13554,train
11038,plan_11038,13555,train
11039,plan_11039,13557,train
11040,plan_11040,13558,train
11041,plan_11041,13559,train
11042,plan_11042,13560,train
11043,plan_11043,13561,train
11044,plan_11044,13562,train
11045,plan_11045,13563,train
11046,plan_11046,13564,train
11047,plan_11047,13566,train
11048,plan_11048,13567,train
11049,plan_11049,13568,train
11050,plan_11050,13569,train
11051,plan_11051,13570,train
11052,plan_11052,13571,train
11053,plan_11053,13572,train
11054,plan_11054,13573,train
11055,plan_11055,13574,train
11056,plan_11056,13575,train
11057,plan_11057,13576,train
11058,plan_11058,13578,train
11059,plan_11059,13579,train
11060,plan_11060,13580,train
11061,plan_11061,13581,train
11062,plan_11062,13582,train
11063,plan_11063,13583,train
11064,plan_11064,13584,train
11065,plan_11065,13585,train
11066,plan_11066,13587,train
11067,plan_11067,13588,train
11068,plan_11068,13589,train
11069,plan_11069,13590,train
11070,plan_11070,13591,train
11071,plan_11071,13594,train
11072,plan_11072,13595,train
11073,plan_11073,13596,train
11074,plan_11074,13597,train
11075,plan_11075,13598,train
11076,plan_11076,13599,train
11077,plan_11077,13600,train
11078,plan_11078,13601,train
11079,plan_11079,13602,train
11080,plan_11080,13603,train
11081,plan_11081,13604,train
11082,plan_11082,13605,train
11083,plan_11083,13606,train
11084,plan_11084,13608,train
11085,plan_11085,13610,train
11086,plan_11086,13611,train
11087,plan_11087,13612,train
11088,plan_11088,13613,train
11089,plan_11089,13614,train
11090,plan_11090,13615,train
11091,plan_11091,13616,train
11092,plan_11092,13617,train
11093,plan_11093,13618,train
11094,plan_11094,13619,train
11095,plan_11095,13620,train
11096,plan_11096,13621,train
11097,plan_11097,13622,train
11098,plan_11098,13623,train
11099,plan_11099,13624,train
11100,plan_11100,13625,train
11101,plan_11101,13626,train
11102,plan_11102,13627,train
11103,plan_11103,13628,train
11104,plan_11104,13629,train
11105,plan_11105,13630,train
11106,plan_11106,13631,train
11107,plan_11107,13632,train
11108,plan_11108,13633,train
11109,plan_11109,13635,train
11110,plan_11110,13636,train
11111,plan_11111,13637,train
11112,plan_11112,13638,train
11113,plan_11113,13639,train
11114,plan_11114,13640,train
11115,plan_11115,13641,train
11116,plan_11116,13642,train
11117,plan_11117,13643,train
11118,plan_11118,13644,train
11119,plan_11119,13645,train
11120,plan_11120,13646,train
11121,plan_11121,13647,train
11122,plan_11122,13648,train
11123,plan_11123,13649,train
11124,plan_11124,13650,train
11125,plan_11125,13651,train
11126,plan_11126,13652,train
11127,plan_11127,13653,train
11128,plan_11128,13654,train
11129,plan_11129,13656,train
11130,plan_11130,13657,train
11131,plan_11131,13658,train
11132,plan_11132,13659,train
11133,plan_11133,13660,train
11134,plan_11134,13661,train
11135,plan_11135,13662,train
11136,plan_11136,13663,train
11137,plan_11137,13665,train
11138,plan_11138,13666,train
11139,plan_11139,13667,train
11140,plan_11140,13668,train
11141,plan_11141,13669,train
11142,plan_11142,13670,train
11143,plan_11143,13674,train
11144,plan_11144,13675,train
11145,plan_11145,13676,train
11146,plan_11146,13677,train
11147,plan_11147,13678,train
11148,plan_11148,13679,train
11149,plan_11149,13680,train
11150,plan_11150,13682,train
11151,plan_11151,13683,train
11152,plan_11152,13684,train
11153,plan_11153,13685,train
11154,plan_11154,13686,train
11155,plan_11155,13688,train
11156,plan_11156,13689,train
11157,plan_11157,13690,train
11158,plan_11158,13692,train
11159,plan_11159,13694,train
11160,plan_11160,13696,train
11161,plan_11161,13697,train
11162,plan_11162,13698,train
11163,plan_11163,13699,train
11164,plan_11164,13700,train
11165,plan_11165,13701,train
11166,plan_11166,13703,train
11167,plan_11167,13704,train
11168,plan_11168,13705,train
11169,plan_11169,13706,train
11170,plan_11170,13707,train
11171,plan_11171,13708,train
11172,plan_11172,13709,train
11173,plan_11173,13710,train
11174,plan_11174,13711,train
11175,plan_11175,13716,train
11176,plan_11176,13723,train
11177,plan_11177,13725,train
11178,plan_11178,13726,train
11179,plan_11179,13727,train
11180,plan_11180,13728,train
11181,plan_11181,13729,train
11182,plan_11182,13730,train
11183,plan_11183,13731,train
11184,plan_11184,13733,train
11185,plan_11185,13734,train
11186,plan_11186,13735,train
11187,plan_11187,13736,train
11188,plan_11188,13737,train
11189,plan_11189,13738,train
11190,plan_11190,13739,train
11191,plan_11191,13740,train
11192,plan_11192,13741,train
11193,plan_11193,13742,train
11194,plan_11194,13743,train
11195,plan_11195,13744,train
11196,plan_11196,13745,train
11197,plan_11197,13746,train
11198,plan_11198,13748,train
11199,plan_11199,13749,train
11200,plan_11200,13750,train
11201,plan_11201,13752,train
11202,plan_11202,13753,train
11203,plan_11203,13754,train
11204,plan_11204,13755,train
11205,plan_11205,13756,train
11206,plan_11206,13757,train
11207,plan_11207,13758,train
11208,plan_11208,13759,train
11209,plan_11209,13760,train
11210,plan_11210,13761,train
11211,plan_11211,13762,train
11212,plan_11212,13763,train
11213,plan_11213,13764,train
11214,plan_11214,13765,train
11215,plan_11215,13766,train
11216,plan_11216,13767,train
11217,plan_11217,13768,train
11218,plan_11218,13769,train
11219,plan_11219,13770,train
11220,plan_11220,13771,train
11221,plan_11221,13772,train
11222,plan_11222,13773,train
11223,plan_11223,13774,train
11224,plan_11224,13775,train
11225,plan_11225,13776,train
11226,plan_11226,13777,train
11227,plan_11227,13778,train
11228,plan_11228,13779,train
11229,plan_11229,13781,train
11230,plan_11230,13782,train
11231,plan_11231,13783,train
11232,plan_11232,13784,train
11233,plan_11233,13785,train
11234,plan_11234,13787,train
11235,plan_11235,13788,train
11236,plan_11236,13789,train
11237,plan_11237,13791,train
11238,plan_11238,13792,train
11239,plan_11239,13793,train
11240,plan_11240,13794,train
11241,plan_11241,13795,train
11242,plan_11242,13796,train
11243,plan_11243,13797,train
11244,plan_11244,13798,train
11245,plan_11245,13799,train
11246,plan_11246,13800,train
11247,plan_11247,13801,train
11248,plan_11248,13802,train
11249,plan_11249,13803,train
11250,plan_11250,13805,train
11251,plan_11251,13806,train
11252,plan_11252,13808,train
11253,plan_11253,13809,train
11254,plan_11254,13810,train
11255,plan_11255,13811,train
11256,plan_11256,13812,train
11257,plan_11257,13813,train
11258,plan_11258,13815,train
11259,plan_11259,13817,train
11260,plan_11260,13818,train
11261,plan_11261,13820,train
11262,plan_11262,13821,train
11263,plan_11263,13822,train
11264,plan_11264,13823,train
11265,plan_11265,13824,train
11266,plan_11266,13825,train
11267,plan_11267,13826,train
11268,plan_11268,13827,train
11269,plan_11269,13828,train
11270,plan_11270,13829,train
11271,plan_11271,13830,train
11272,plan_11272,13832,train
11273,plan_11273,13834,train
11274,plan_11274,13835,train
11275,plan_11275,13836,train
11276,plan_11276,13837,train
11277,plan_11277,13838,train
11278,plan_11278,13839,train
11279,plan_11279,13840,train
11280,plan_11280,13841,train
11281,plan_11281,13843,train
11282,plan_11282,13845,train
11283,plan_11283,13846,train
11284,plan_11284,13847,train
11285,plan_11285,13848,train
11286,plan_11286,13849,train
11287,plan_11287,13850,train
11288,plan_11288,13851,train
11289,plan_11289,13852,train
11290,plan_11290,13853,train
11291,plan_11291,13856,train
11292,plan_11292,13857,train
11293,plan_11293,13858,train
11294,plan_11294,13859,train
11295,plan_11295,13860,train
11296,plan_11296,13861,train
11297,plan_11297,13862,train
11298,plan_11298,13863,train
11299,plan_11299,13864,train
11300,plan_11300,13866,train
11301,plan_11301,13867,train
11302,plan_11302,13868,train
11303,plan_11303,13869,train
11304,plan_11304,13870,train
11305,plan_11305,13871,train
11306,plan_11306,13872,train
11307,plan_11307,13873,train
11308,plan_11308,13874,train
11309,plan_11309,13875,train
11310,plan_11310,13876,train
11311,plan_11311,13877,train
11312,plan_11312,13878,train
11313,plan_11313,13879,train
11314,plan_11314,13880,train
11315,plan_11315,13881,train
11316,plan_11316,13882,train
11317,plan_11317,13883,train
11318,plan_11318,13884,train
11319,plan_11319,13885,train
11320,plan_11320,13886,train
11321,plan_11321,13887,train
11322,plan_11322,13888,train
11323,plan_11323,13889,train
11324,plan_11324,13890,train
11325,plan_11325,13891,train
11326,plan_11326,13893,train
11327,plan_11327,13894,train
11328,plan_11328,13895,train
11329,plan_11329,13897,train
11330,plan_11330,13898,train
11331,plan_11331,13899,train
11332,plan_11332,13900,train
11333,plan_11333,13901,train
11334,plan_11334,13902,train
11335,plan_11335,13903,train
11336,plan_11336,13906,train
11337,plan_11337,13907,train
11338,plan_11338,13909,train
11339,plan_11339,13910,train
11340,plan_11340,13911,train
11341,plan_11341,13912,train
11342,plan_11342,13914,train
11343,plan_11343,13915,train
11344,plan_11344,13916,train
11345,plan_11345,13918,train
11346,plan_11346,13919,train
11347,plan_11347,13920,train
11348,plan_11348,13921,train
11349,plan_11349,13922,train
11350,plan_11350,13923,train
11351,plan_11351,13924,train
11352,plan_11352,13926,train
11353,plan_11353,13927,train
11354,plan_11354,13929,train
11355,plan_11355,13930,train
11356,plan_11356,13931,train
11357,plan_11357,13932,train
11358,plan_11358,13933,train
11359,plan_11359,13934,train
11360,plan_11360,13935,train
11361,plan_11361,13936,train
11362,plan_11362,13937,train
11363,plan_11363,13938,train
11364,plan_11364,13939,train
11365,plan_11365,13940,train
11366,plan_11366,13943,train
11367,plan_11367,13944,train
11368,plan_11368,13945,train
11369,plan_11369,13946,train
11370,plan_11370,13947,train
11371,plan_11371,13948,train
11372,plan_11372,13949,train
11373,plan_11373,13950,train
11374,plan_11374,13951,train
11375,plan_11375,13952,train
11376,plan_11376,13953,train
11377,plan_11377,13955,train
11378,plan_11378,13956,train
11379,plan_11379,13957,train
11380,plan_11380,13959,train
11381,plan_11381,13961,train
11382,plan_11382,13962,train
11383,plan_11383,13963,train
11384,plan_11384,13964,train
11385,plan_11385,13965,train
11386,plan_11386,13966,train
11387,plan_11387,13967,train
11388,plan_11388,13968,train
11389,plan_11389,13970,train
11390,plan_11390,13971,train
11391,plan_11391,13972,train
11392,plan_11392,13973,train
11393,plan_11393,13974,train
11394,plan_11394,13975,train
11395,plan_11395,13976,train
11396,plan_11396,13977,train
11397,plan_11397,13978,train
11398,plan_11398,13979,train
11399,plan_11399,13980,train
11400,plan_11400,13981,train
11401,plan_11401,13982,train
11402,plan_11402,13983,train
11403,plan_11403,13984,train
11404,plan_11404,13985,train
11405,plan_11405,13986,train
11406,plan_11406,13988,train
11407,plan_11407,13989,train
11408,plan_11408,13990,train
11409,plan_11409,13991,train
11410,plan_11410,13992,train
11411,plan_11411,13993,train
11412,plan_11412,13994,train
11413,plan_11413,13995,train
11414,plan_11414,13996,train
11415,plan_11415,13997,train
11416,plan_11416,13998,train
11417,plan_11417,13999,train
11418,plan_11418,14000,train
11419,plan_11419,14001,train
11420,plan_11420,14002,train
11421,plan_11421,14003,train
11422,plan_11422,14004,train
11423,plan_11423,14005,train
11424,plan_11424,14006,train
11425,plan_11425,14007,train
11426,plan_11426,14008,train
11427,plan_11427,14009,train
11428,plan_11428,14010,train
11429,plan_11429,14011,train
11430,plan_11430,14012,train
11431,plan_11431,14013,train
11432,plan_11432,14014,train
11433,plan_11433,14015,train
11434,plan_11434,14016,train
11435,plan_11435,14017,train
11436,plan_11436,14018,train
11437,plan_11437,14020,train
11438,plan_11438,14021,train
11439,plan_11439,14023,train
11440,plan_11440,14024,train
11441,plan_11441,14026,train
11442,plan_11442,14027,train
11443,plan_11443,14029,train
11444,plan_11444,14030,train
11445,plan_11445,14031,train
11446,plan_11446,14033,train
11447,plan_11447,14034,train
11448,plan_11448,14035,train
11449,plan_11449,14036,train
11450,plan_11450,14037,train
11451,plan_11451,14038,train
11452,plan_11452,14039,train
11453,plan_11453,14040,train
11454,plan_11454,14041,train
11455,plan_11455,14043,train
11456,plan_11456,14044,train
11457,plan_11457,14045,train
11458,plan_11458,14046,train
11459,plan_11459,14047,train
11460,plan_11460,14048,train
11461,plan_11461,14049,train
11462,plan_11462,14050,train
11463,plan_11463,14052,train
11464,plan_11464,14053,train
11465,plan_11465,14054,train
11466,plan_11466,14056,train
11467,plan_11467,14057,train
11468,plan_11468,14058,train
11469,plan_11469,14060,train
11470,plan_11470,14061,train
11471,plan_11471,14062,train
11472,plan_11472,14063,train
11473,plan_11473,14064,train
11474,plan_11474,14065,train
11475,plan_11475,14066,train
11476,plan_11476,14067,train
11477,plan_11477,14069,train
11478,plan_11478,14070,train
11479,plan_11479,14071,train
11480,plan_11480,14072,train
11481,plan_11481,14073,train
11482,plan_11482,14075,train
11483,plan_11483,14076,train
11484,plan_11484,14077,train
11485,plan_11485,14078,train
11486,plan_11486,14079,train
11487,plan_11487,14080,train
11488,plan_11488,14081,train
11489,plan_11489,14082,train
11490,plan_11490,14083,train
11491,plan_11491,14084,train
11492,plan_11492,14085,train
11493,plan_11493,14086,train
11494,plan_11494,14087,train
11495,plan_11495,14088,train
11496,plan_11496,14090,train
11497,plan_11497,14091,train
11498,plan_11498,14093,train
11499,plan_11499,14094,train
11500,plan_11500,14095,train
11501,plan_11501,14096,train
11502,plan_11502,14097,train
11503,plan_11503,14098,train
11504,plan_11504,14099,train
11505,plan_11505,14100,train
11506,plan_11506,14102,train
11507,plan_11507,14103,train
11508,plan_11508,14104,train
11509,plan_11509,14105,train
11510,plan_11510,14108,train
11511,plan_11511,14109,train
11512,plan_11512,14110,train
11513,plan_11513,14111,train
11514,plan_11514,14112,train
11515,plan_11515,14113,train
11516,plan_11516,14114,train
11517,plan_11517,14115,train
11518,plan_11518,14117,train
11519,plan_11519,14118,train
11520,plan_11520,14119,train
11521,plan_11521,14120,train
11522,plan_11522,14121,train
11523,plan_11523,14122,train
11524,plan_11524,14123,train
11525,plan_11525,14125,train
11526,plan_11526,14126,train
11527,plan_11527,14129,train
11528,plan_11528,14130,train
11529,plan_11529,14131,train
11530,plan_11530,14132,train
11531,plan_11531,14134,train
11532,plan_11532,14135,train
11533,plan_11533,14137,train
11534,plan_11534,14138,train
11535,plan_11535,14139,train
11536,plan_11536,14140,train
11537,plan_11537,14141,train
11538,plan_11538,14143,train
11539,plan_11539,14144,train
11540,plan_11540,14145,train
11541,plan_11541,14146,train
11542,plan_11542,14147,train
11543,plan_11543,14148,train
11544,plan_11544,14149,train
11545,plan_11545,14150,train
11546,plan_11546,14151,train
11547,plan_11547,14152,train
11548,plan_11548,14153,train
11549,plan_11549,14154,train
11550,plan_11550,14155,train
11551,plan_11551,14156,train
11552,plan_11552,14157,train
11553,plan_11553,14158,train
11554,plan_11554,14159,train
11555,plan_11555,14160,train
11556,plan_11556,14161,train
11557,plan_11557,14162,train
11558,plan_11558,14163,train
11559,plan_11559,14164,train
11560,plan_11560,14165,train
11561,plan_11561,14166,train
11562,plan_11562,14167,train
11563,plan_11563,14168,train
11564,plan_11564,14169,train
11565,plan_11565,14170,train
11566,plan_11566,14171,train
11567,plan_11567,14172,train
11568,plan_11568,14173,train
11569,plan_11569,14174,train
11570,plan_11570,14175,train
11571,plan_11571,14177,train
11572,plan_11572,14178,train
11573,plan_11573,14179,train
11574,plan_11574,14180,train
11575,plan_11575,14181,train
11576,plan_11576,14182,train
11577,plan_11577,14183,train
11578,plan_11578,14186,train
11579,plan_11579,14187,train
11580,plan_11580,14188,train
11581,plan_11581,14189,train
11582,plan_11582,14190,train
11583,plan_11583,14192,train
11584,plan_11584,14193,train
11585,plan_11585,14194,train
11586,plan_11586,14195,train
11587,plan_11587,14196,train
11588,plan_11588,14198,train
11589,plan_11589,14199,train
11590,plan_11590,14200,train
11591,plan_11591,14201,train
11592,plan_11592,14202,train
11593,plan_11593,14204,train
11594,plan_11594,14205,train
11595,plan_11595,14206,train
11596,plan_11596,14207,train
11597,plan_11597,14208,train
11598,plan_11598,14209,train
11599,plan_11599,14210,train
11600,plan_11600,14211,train
11601,plan_11601,14213,train
11602,plan_11602,14214,train
11603,plan_11603,14215,train
11604,plan_11604,14217,train
11605,plan_11605,14218,train
11606,plan_11606,14219,train
11607,plan_11607,14220,train
11608,plan_11608,14221,train
11609,plan_11609,14222,train
11610,plan_11610,14223,train
11611,plan_11611,14224,train
11612,plan_11612,14225,train
11613,plan_11613,14226,train
11614,plan_11614,14227,train
11615,plan_11615,14228,train
11616,plan_11616,14230,train
11617,plan_11617,14231,train
11618,plan_11618,14233,train
11619,plan_11619,14234,train
11620,plan_11620,14235,train
11621,plan_11621,14239,train
11622,plan_11622,14240,train
11623,plan_11623,14241,train
11624,plan_11624,14242,train
11625,plan_11625,14243,train
11626,plan_11626,14244,train
11627,plan_11627,14246,train
11628,plan_11628,14247,train
11629,plan_11629,14248,train
11630,plan_11630,14249,train
11631,plan_11631,14250,train
11632,plan_11632,14251,train
11633,plan_11633,14252,train
11634,plan_11634,14254,train
11635,plan_11635,14257,train
11636,plan_11636,14259,train
11637,plan_11637,14260,train
11638,plan_11638,14261,train
11639,plan_11639,14262,train
11640,plan_11640,14263,train
11641,plan_11641,14264,train
11642,plan_11642,14265,train
11643,plan_11643,14266,train
11644,plan_11644,14267,train
11645,plan_11645,14268,train
11646,plan_11646,14269,train
11647,plan_11647,14270,train
11648,plan_11648,14271,train
11649,plan_11649,14273,train
11650,plan_11650,14274,train
11651,plan_11651,14275,train
11652,plan_11652,14276,train
11653,plan_11653,14277,train
11654,plan_11654,14278,train
11655,plan_11655,14279,train
11656,plan_11656,14280,train
11657,plan_11657,14281,train
11658,plan_11658,14283,train
11659,plan_11659,14284,train
11660,plan_11660,14286,train
11661,plan_11661,14287,train
11662,plan_11662,14288,train
11663,plan_11663,14289,train
11664,plan_11664,14290,train
11665,plan_11665,14291,train
11666,plan_11666,14292,train
11667,plan_11667,14294,train
11668,plan_11668,14298,train
11669,plan_11669,14299,train
11670,plan_11670,14300,train
11671,plan_11671,14302,train
11672,plan_11672,14306,train
11673,plan_11673,14307,train
11674,plan_11674,14310,train
11675,plan_11675,14311,train
11676,plan_11676,14313,train
11677,plan_11677,14314,train
11678,plan_11678,14315,train
11679,plan_11679,14316,train
11680,plan_11680,14317,train
11681,plan_11681,14318,train
11682,plan_11682,14319,train
11683,plan_11683,14322,train
11684,plan_11684,14323,train
11685,plan_11685,14324,train
11686,plan_11686,14325,train
11687,plan_11687,14326,train
11688,plan_11688,14327,train
11689,plan_11689,14328,train
11690,plan_11690,14329,train
11691,plan_11691,14330,train
11692,plan_11692,14331,train
11693,plan_11693,14332,train
11694,plan_11694,14333,train
11695,plan_11695,14334,train
11696,plan_11696,14335,train
11697,plan_11697,14337,train
11698,plan_11698,14339,train
11699,plan_11699,14340,train
11700,plan_11700,14341,train
11701,plan_11701,14342,train
11702,plan_11702,14343,train
11703,plan_11703,14344,train
11704,plan_11704,14350,train
11705,plan_11705,14351,train
11706,plan_11706,14352,train
11707,plan_11707,14353,train
11708,plan_11708,14354,train
11709,plan_11709,14356,train
11710,plan_11710,14357,train
11711,plan_11711,14358,train
11712,plan_11712,14359,train
11713,plan_11713,14360,train
11714,plan_11714,14361,train
11715,plan_11715,14362,train
11716,plan_11716,14363,train
11717,plan_11717,14364,train
11718,plan_11718,14365,train
11719,plan_11719,14366,train
11720,plan_11720,14369,train
11721,plan_11721,14371,train
11722,plan_11722,14373,train
11723,plan_11723,14374,train
11724,plan_11724,14375,train
11725,plan_11725,14376,train
11726,plan_11726,14378,train
11727,plan_11727,14379,train
11728,plan_11728,14380,train
11729,plan_11729,14381,train
11730,plan_11730,14383,train
11731,plan_11731,14385,train
11732,plan_11732,14386,train
11733,plan_11733,14387,train
11734,plan_11734,14388,train
11735,plan_11735,14389,train
11736,plan_11736,14390,train
11737,plan_11737,14392,train
11738,plan_11738,14393,train
11739,plan_11739,14394,train
11740,plan_11740,14395,train
11741,plan_11741,14397,train
11742,plan_11742,14398,train
11743,plan_11743,14399,train
11744,plan_11744,14406,train
11745,plan_11745,14407,train
11746,plan_11746,14408,train
11747,plan_11747,14409,train
11748,plan_11748,14410,train
11749,plan_11749,14411,train
11750,plan_11750,14412,train
11751,plan_11751,14413,train
11752,plan_11752,14414,train
11753,plan_11753,14415,train
11754,plan_11754,14416,train
11755,plan_11755,14417,train
11756,plan_11756,14418,train
11757,plan_11757,14421,train
11758,plan_11758,14422,train
11759,plan_11759,14424,train
11760,plan_11760,14425,train
11761,plan_11761,14426,train
11762,plan_11762,14429,train
11763,plan_11763,14430,train
11764,plan_11764,14432,train
11765,plan_11765,14433,train
11766,plan_11766,14434,train
11767,plan_11767,14435,train
11768,plan_11768,14437,train
11769,plan_11769,14438,train
11770,plan_11770,14439,train
11771,plan_11771,14441,train
11772,plan_11772,14443,train
11773,plan_11773,14445,train
11774,plan_11774,14446,train
11775,plan_11775,14447,train
11776,plan_11776,14448,train
11777,plan_11777,14449,train
11778,plan_11778,14450,train
11779,plan_11779,14451,train
11780,plan_11780,14453,train
11781,plan_11781,14454,train
11782,plan_11782,14455,train
11783,plan_11783,14456,train
11784,plan_11784,14458,train
11785,plan_11785,14459,train
11786,plan_11786,14461,train
11787,plan_11787,14462,train
11788,plan_11788,14463,train
11789,plan_11789,14464,train
11790,plan_11790,14465,train
11791,plan_11791,14466,train
11792,plan_11792,14467,train
11793,plan_11793,14468,train
11794,plan_11794,14469,train
11795,plan_11795,14470,train
11796,plan_11796,14471,train
11797,plan_11797,14472,train
11798,plan_11798,14473,train
11799,plan_11799,14474,train
11800,plan_11800,14475,train
11801,plan_11801,14476,train
11802,plan_11802,14477,train
11803,plan_11803,14478,train
11804,plan_11804,14479,train
11805,plan_11805,14480,train
11806,plan_11806,14481,train
11807,plan_11807,14482,train
11808,plan_11808,14484,train
11809,plan_11809,14485,train
11810,plan_11810,14486,train
11811,plan_11811,14487,train
11812,plan_11812,14488,train
11813,plan_11813,14489,train
11814,plan_11814,14491,train
11815,plan_11815,14492,train
11816,plan_11816,14493,train
11817,plan_11817,14494,train
11818,plan_11818,14495,train
11819,plan_11819,14496,train
11820,plan_11820,14498,train
11821,plan_11821,14500,train
11822,plan_11822,14501,train
11823,plan_11823,14503,train
11824,plan_11824,14504,train
11825,plan_11825,14505,train
11826,plan_11826,14506,train
11827,plan_11827,14507,train
11828,plan_11828,14508,train
11829,plan_11829,14509,train
11830,plan_11830,14510,train
11831,plan_11831,14511,train
11832,plan_11832,14512,train
11833,plan_11833,14513,train
11834,plan_11834,14514,train
11835,plan_11835,14515,train
11836,plan_11836,14516,train
11837,plan_11837,14517,train
11838,plan_11838,14518,train
11839,plan_11839,14519,train
11840,plan_11840,14522,train
11841,plan_11841,14524,train
11842,plan_11842,14525,train
11843,plan_11843,14526,train
11844,plan_11844,14527,train
11845,plan_11845,14528,train
11846,plan_11846,14530,train
11847,plan_11847,14531,train
11848,plan_11848,14532,train
11849,plan_11849,14533,train
11850,plan_11850,14534,train
11851,plan_11851,14535,train
11852,plan_11852,14536,train
11853,plan_11853,14537,train
11854,plan_11854,14538,train
11855,plan_11855,14539,train
11856,plan_11856,14540,train
11857,plan_11857,14542,train
11858,plan_11858,14543,train
11859,plan_11859,14544,train
11860,plan_11860,14545,train
11861,plan_11861,14547,train
11862,plan_11862,14548,train
11863,plan_11863,14549,train
11864,plan_11864,14550,train
11865,plan_11865,14551,train
11866,plan_11866,14552,train
11867,plan_11867,14553,train
11868,plan_11868,14554,train
11869,plan_11869,14555,train
11870,plan_11870,14556,train
11871,plan_11871,14557,train
11872,plan_11872,14558,train
11873,plan_11873,14559,train
11874,plan_11874,14561,train
11875,plan_11875,14562,train
11876,plan_11876,14564,train
11877,plan_11877,14565,train
11878,plan_11878,14566,train
11879,plan_11879,14568,train
11880,plan_11880,14570,train
11881,plan_11881,14571,train
11882,plan_11882,14572,train
11883,plan_11883,14573,train
11884,plan_11884,14574,train
11885,plan_11885,14575,train
11886,plan_11886,14576,train
11887,plan_11887,14578,train
11888,plan_11888,14579,train
11889,plan_11889,14580,train
11890,plan_11890,14581,train
11891,plan_11891,14582,train
11892,plan_11892,14583,train
11893,plan_11893,14584,train
11894,plan_11894,14585,train
11895,plan_11895,14587,train
11896,plan_11896,14588,train
11897,plan_11897,14589,train
11898,plan_11898,14590,train
11899,plan_11899,14591,train
11900,plan_11900,14593,train
11901,plan_11901,14594,train
11902,plan_11902,14595,train
11903,plan_11903,14596,train
11904,plan_11904,14598,train
11905,plan_11905,14599,train
11906,plan_11906,14600,train
11907,plan_11907,14601,train
11908,plan_11908,14602,train
11909,plan_11909,14603,train
11910,plan_11910,14604,train
11911,plan_11911,14605,train
11912,plan_11912,14607,train
11913,plan_11913,14608,train
11914,plan_11914,14609,train
11915,plan_11915,14610,train
11916,plan_11916,14611,train
11917,plan_11917,14614,train
11918,plan_11918,14617,train
11919,plan_11919,14618,train
11920,plan_11920,14619,train
11921,plan_11921,14620,train
11922,plan_11922,14623,train
11923,plan_11923,14624,train
11924,plan_11924,14625,train
11925,plan_11925,14627,train
11926,plan_11926,14628,train
11927,plan_11927,14629,train
11928,plan_11928,14630,train
11929,plan_11929,14631,train
11930,plan_11930,14632,train
11931,plan_11931,14633,train
11932,plan_11932,14634,train
11933,plan_11933,14636,train
11934,plan_11934,14637,train
11935,plan_11935,14638,train
11936,plan_11936,14639,train
11937,plan_11937,14640,train
11938,plan_11938,14641,train
11939,plan_11939,14643,train
11940,plan_11940,14645,train
11941,plan_11941,14646,train
11942,plan_11942,14647,train
11943,plan_11943,14648,train
11944,plan_11944,14649,train
11945,plan_11945,14650,train
11946,plan_11946,14651,train
11947,plan_11947,14652,train
11948,plan_11948,14653,train
11949,plan_11949,14654,train
11950,plan_11950,14655,train
11951,plan_11951,14656,train
11952,plan_11952,14657,train
11953,plan_11953,14658,train
11954,plan_11954,14659,train
11955,plan_11955,14660,train
11956,plan_11956,14661,train
11957,plan_11957,14662,train
11958,plan_11958,14663,train
11959,plan_11959,14664,train
11960,plan_11960,14666,train
11961,plan_11961,14668,train
11962,plan_11962,14671,train
11963,plan_11963,14672,train
11964,plan_11964,14673,train
11965,plan_11965,14674,train
11966,plan_11966,14675,train
11967,plan_11967,14676,train
11968,plan_11968,14677,train
11969,plan_11969,14678,train
11970,plan_11970,14679,train
11971,plan_11971,14680,train
11972,plan_11972,14681,train
11973,plan_11973,14682,train
11974,plan_11974,14683,train
11975,plan_11975,14684,train
11976,plan_11976,14685,train
11977,plan_11977,14686,train
11978,plan_11978,14687,train
11979,plan_11979,14688,train
11980,plan_11980,14689,train
11981,plan_11981,14690,train
11982,plan_11982,14691,train
11983,plan_11983,14692,train
11984,plan_11984,14693,train
11985,plan_11985,14694,train
11986,plan_11986,14695,train
11987,plan_11987,14696,train
11988,plan_11988,14697,train
11989,plan_11989,14698,train
11990,plan_11990,14699,train
11991,plan_11991,14700,train
11992,plan_11992,14701,train
11993,plan_11993,14702,train
11994,plan_11994,14703,train
11995,plan_11995,14705,train
11996,plan_11996,14706,train
11997,plan_11997,14707,train
11998,plan_11998,14709,train
11999,plan_11999,14710,train
12000,plan_12000,14711,train
12001,plan_12001,14712,train
12002,plan_12002,14713,train
12003,plan_12003,14714,train
12004,plan_12004,14715,train
12005,plan_12005,14716,train
12006,plan_12006,14717,train
12007,plan_12007,14718,train
12008,plan_12008,14719,train
12009,plan_12009,14720,train
12010,plan_12010,14722,train
12011,plan_12011,14723,train
12012,plan_12012,14724,train
12013,plan_12013,14725,train
12014,plan_12014,14727,train
12015,plan_12015,14728,train
12016,plan_12016,14729,train
12017,plan_12017,14730,train
12018,plan_12018,14731,train
12019,plan_12019,14732,train
12020,plan_12020,14733,train
12021,plan_12021,14734,train
12022,plan_12022,14736,train
12023,plan_12023,14737,train
12024,plan_12024,14738,train
12025,plan_12025,14739,train
12026,plan_12026,14740,train
12027,plan_12027,14741,train
12028,plan_12028,14742,train
12029,plan_12029,14743,train
12030,plan_12030,14744,train
12031,plan_12031,14745,train
12032,plan_12032,14746,train
12033,plan_12033,14747,train
12034,plan_12034,14749,train
12035,plan_12035,14750,train
12036,plan_12036,14751,train
12037,plan_12037,14752,train
12038,plan_12038,14753,train
12039,plan_12039,14754,train
12040,plan_12040,14755,train
12041,plan_12041,14756,train
12042,plan_12042,14757,train
12043,plan_12043,14758,train
12044,plan_12044,14759,train
12045,plan_12045,14761,train
12046,plan_12046,14762,train
12047,plan_12047,14764,train
12048,plan_12048,14765,train
12049,plan_12049,14766,train
12050,plan_12050,14767,train
12051,plan_12051,14768,train
12052,plan_12052,14769,train
12053,plan_12053,14772,train
12054,plan_12054,14773,train
12055,plan_12055,14774,train
12056,plan_12056,14775,train
12057,plan_12057,14776,train
12058,plan_12058,14777,train
12059,plan_12059,14778,train
12060,plan_12060,14779,train
12061,plan_12061,14780,train
12062,plan_12062,14781,train
12063,plan_12063,14782,train
12064,plan_12064,14783,train
12065,plan_12065,14786,train
12066,plan_12066,14788,train
12067,plan_12067,14789,train
12068,plan_12068,14790,train
12069,plan_12069,14791,train
12070,plan_12070,14792,train
12071,plan_12071,14793,train
12072,plan_12072,14794,train
12073,plan_12073,14796,train
12074,plan_12074,14797,train
12075,plan_12075,14798,train
12076,plan_12076,14799,train
12077,plan_12077,14800,train
12078,plan_12078,14803,train
12079,plan_12079,14804,train
12080,plan_12080,14805,train
12081,plan_12081,14806,train
12082,plan_12082,14807,train
12083,plan_12083,14809,train
12084,plan_12084,14810,train
12085,plan_12085,14811,train
12086,plan_12086,14814,train
12087,plan_12087,14815,train
12088,plan_12088,14816,train
12089,plan_12089,14818,train
12090,plan_12090,14819,train
12091,plan_12091,14820,train
12092,plan_12092,14822,train
12093,plan_12093,14823,train
12094,plan_12094,14824,train
12095,plan_12095,14825,train
12096,plan_12096,14826,train
12097,plan_12097,14827,train
12098,plan_12098,14828,train
12099,plan_12099,14829,train
12100,plan_12100,14830,train
12101,plan_12101,14831,train
12102,plan_12102,14832,train
12103,plan_12103,14833,train
12104,plan_12104,14834,train
12105,plan_12105,14836,train
12106,plan_12106,14837,train
12107,plan_12107,14838,train
12108,plan_12108,14839,train
12109,plan_12109,14840,train
12110,plan_12110,14841,train
12111,plan_12111,14843,train
12112,plan_12112,14844,train
12113,plan_12113,14846,train
12114,plan_12114,14847,train
12115,plan_12115,14848,train
12116,plan_12116,14849,train
12117,plan_12117,14850,train
12118,plan_12118,14851,train
12119,plan_12119,14852,train
12120,plan_12120,14853,train
12121,plan_12121,14854,train
12122,plan_12122,14855,train
12123,plan_12123,14856,train
12124,plan_12124,14857,train
12125,plan_12125,14858,train
12126,plan_12126,14859,train
12127,plan_12127,14860,train
12128,plan_12128,14861,train
12129,plan_12129,14862,train
12130,plan_12130,14863,train
12131,plan_12131,14864,train
12132,plan_12132,14865,train
12133,plan_12133,14867,train
12134,plan_12134,14868,train
12135,plan_12135,14869,train
12136,plan_12136,14870,train
12137,plan_12137,14871,train
12138,plan_12138,14872,train
12139,plan_12139,14873,train
12140,plan_12140,14874,train
12141,plan_12141,14876,train
12142,plan_12142,14877,train
12143,plan_12143,14878,train
12144,plan_12144,14879,train
12145,plan_12145,14880,train
12146,plan_12146,14885,train
12147,plan_12147,14886,train
12148,plan_12148,14887,train
12149,plan_12149,14888,train
12150,plan_12150,14889,train
12151,plan_12151,14890,train
12152,plan_12152,14892,train
12153,plan_12153,14894,train
12154,plan_12154,14895,train
12155,plan_12155,14896,train
12156,plan_12156,14897,train
12157,plan_12157,14898,train
12158,plan_12158,14899,train
12159,plan_12159,14900,train
12160,plan_12160,14901,train
12161,plan_12161,14902,train
12162,plan_12162,14904,train
12163,plan_12163,14905,train
12164,plan_12164,14906,train
12165,plan_12165,14907,train
12166,plan_12166,14909,train
12167,plan_12167,14910,train
12168,plan_12168,14911,train
12169,plan_12169,14912,train
12170,plan_12170,14913,train
12171,plan_12171,14914,train
12172,plan_12172,14915,train
12173,plan_12173,14916,train
12174,plan_12174,14917,train
12175,plan_12175,14918,train
12176,plan_12176,14919,train
12177,plan_12177,14920,train
12178,plan_12178,14921,train
12179,plan_12179,14922,train
12180,plan_12180,14923,train
12181,plan_12181,14924,train
12182,plan_12182,14925,train
12183,plan_12183,14927,train
12184,plan_12184,14928,train
12185,plan_12185,14929,train
12186,plan_12186,14930,train
12187,plan_12187,14931,train
12188,plan_12188,14932,train
12189,plan_12189,14933,train
12190,plan_12190,14934,train
12191,plan_12191,14935,train
12192,plan_12192,14936,train
12193,plan_12193,14937,train
12194,plan_12194,14938,train
12195,plan_12195,14939,train
12196,plan_12196,14940,train
12197,plan_12197,14941,train
12198,plan_12198,14942,train
12199,plan_12199,14943,train
12200,plan_12200,14945,train
12201,plan_12201,14947,train
12202,plan_12202,14948,train
12203,plan_12203,14949,train
12204,plan_12204,14951,train
12205,plan_12205,14952,train
12206,plan_12206,14953,train
12207,plan_12207,14954,train
12208,plan_12208,14956,train
12209,plan_12209,14967,train
12210,plan_12210,14968,train
12211,plan_12211,14969,train
12212,plan_12212,14970,train
12213,plan_12213,14972,train
12214,plan_12214,14973,train
12215,plan_12215,14974,train
12216,plan_12216,14982,train
12217,plan_12217,14983,train
12218,plan_12218,14984,train
12219,plan_12219,14986,train
12220,plan_12220,14987,train
12221,plan_12221,14988,train
12222,plan_12222,14989,train
12223,plan_12223,14991,train
12224,plan_12224,14992,train
12225,plan_12225,14993,train
12226,plan_12226,14995,train
12227,plan_12227,14997,train
12228,plan_12228,14998,train
12229,plan_12229,14999,train
12230,plan_12230,15001,train
12231,plan_12231,15002,train
12232,plan_12232,15004,train
12233,plan_12233,15006,train
12234,plan_12234,15007,train
12235,plan_12235,15008,train
12236,plan_12236,15009,train
12237,plan_12237,15010,train
12238,plan_12238,15011,train
12239,plan_12239,15013,train
12240,plan_12240,15014,train
12241,plan_12241,15015,train
12242,plan_12242,15018,train
12243,plan_12243,15019,train
12244,plan_12244,15020,train
12245,plan_12245,15021,train
12246,plan_12246,15022,train
12247,plan_12247,15023,train
12248,plan_12248,15024,train
12249,plan_12249,15025,train
12250,plan_12250,15026,train
12251,plan_12251,15027,train
12252,plan_12252,15028,train
12253,plan_12253,15029,train
12254,plan_12254,15030,train
12255,plan_12255,15031,train
12256,plan_12256,15032,train
12257,plan_12257,15033,train
12258,plan_12258,15034,train
12259,plan_12259,15036,train
12260,plan_12260,15037,train
12261,plan_12261,15038,train
12262,plan_12262,15039,train
12263,plan_12263,15040,train
12264,plan_12264,15041,train
12265,plan_12265,15042,train
12266,plan_12266,15043,train
12267,plan_12267,15044,train
12268,plan_12268,15045,train
12269,plan_12269,15046,train
12270,plan_12270,15047,train
12271,plan_12271,15049,train
12272,plan_12272,15050,train
12273,plan_12273,15051,train
12274,plan_12274,15053,train
12275,plan_12275,15054,train
12276,plan_12276,15055,train
12277,plan_12277,15057,train
12278,plan_12278,15058,train
12279,plan_12279,15059,train
12280,plan_12280,15060,train
12281,plan_12281,15061,train
12282,plan_12282,15062,train
12283,plan_12283,15063,train
12284,plan_12284,15064,train
12285,plan_12285,15066,train
12286,plan_12286,15067,train
12287,plan_12287,15068,train
12288,plan_12288,15069,train
12289,plan_12289,15070,train
12290,plan_12290,15071,train
12291,plan_12291,15072,train
12292,plan_12292,15073,train
12293,plan_12293,15074,train
12294,plan_12294,15075,train
12295,plan_12295,15076,train
12296,plan_12296,15078,train
12297,plan_12297,15079,train
12298,plan_12298,15080,train
12299,plan_12299,15081,train
12300,plan_12300,15082,train
12301,plan_12301,15083,train
12302,plan_12302,15084,train
12303,plan_12303,15087,train
12304,plan_12304,15088,train
12305,plan_12305,15089,train
12306,plan_12306,15092,train
12307,plan_12307,15093,train
12308,plan_12308,15094,train
12309,plan_12309,15095,train
12310,plan_12310,15096,train
12311,plan_12311,15097,train
12312,plan_12312,15098,train
12313,plan_12313,15099,train
12314,plan_12314,15100,train
12315,plan_12315,15101,train
12316,plan_12316,15103,train
12317,plan_12317,15104,train
12318,plan_12318,15105,train
12319,plan_12319,15106,train
12320,plan_12320,15107,train
12321,plan_12321,15108,train
12322,plan_12322,15109,train
12323,plan_12323,15110,train
12324,plan_12324,15111,train
12325,plan_12325,15112,train
12326,plan_12326,15113,train
12327,plan_12327,15114,train
12328,plan_12328,15115,train
12329,plan_12329,15116,train
12330,plan_12330,15117,train
12331,plan_12331,15118,train
12332,plan_12332,15119,train
12333,plan_12333,15120,train
12334,plan_12334,15123,train
12335,plan_12335,15124,train
12336,plan_12336,15126,train
12337,plan_12337,15127,train
12338,plan_12338,15128,train
12339,plan_12339,15129,train
12340,plan_12340,15130,train
12341,plan_12341,15131,train
12342,plan_12342,15132,train
12343,plan_12343,15133,train
12344,plan_12344,15134,train
12345,plan_12345,15135,train
12346,plan_12346,15136,train
12347,plan_12347,15137,train
12348,plan_12348,15138,train
12349,plan_12349,15141,train
12350,plan_12350,15142,train
12351,plan_12351,15143,train
12352,plan_12352,15144,train
12353,plan_12353,15145,train
12354,plan_12354,15146,train
12355,plan_12355,15148,train
12356,plan_12356,15149,train
12357,plan_12357,15151,train
12358,plan_12358,15152,train
12359,plan_12359,15153,train
12360,plan_12360,15154,train
12361,plan_12361,15155,train
12362,plan_12362,15156,train
12363,plan_12363,15158,train
12364,plan_12364,15159,train
12365,plan_12365,15161,train
12366,plan_12366,15162,train
12367,plan_12367,15163,train
12368,plan_12368,15164,train
12369,plan_12369,15165,train
12370,plan_12370,15167,train
12371,plan_12371,15169,train
12372,plan_12372,15170,train
12373,plan_12373,15171,train
12374,plan_12374,15172,train
12375,plan_12375,15173,train
12376,plan_12376,15174,train
12377,plan_12377,15175,train
12378,plan_12378,15176,train
12379,plan_12379,15177,train
12380,plan_12380,15178,train
12381,plan_12381,15179,train
12382,plan_12382,15180,train
12383,plan_12383,15181,train
12384,plan_12384,15182,train
12385,plan_12385,15183,train
12386,plan_12386,15184,train
12387,plan_12387,15185,train
12388,plan_12388,15187,train
12389,plan_12389,15190,train
12390,plan_12390,15192,train
12391,plan_12391,15193,train
12392,plan_12392,15194,train
12393,plan_12393,15196,train
12394,plan_12394,15197,train
12395,plan_12395,15198,train
12396,plan_12396,15200,train
12397,plan_12397,15201,train
12398,plan_12398,15202,train
12399,plan_12399,15203,train
12400,plan_12400,15204,train
12401,plan_12401,15205,train
12402,plan_12402,15206,train
12403,plan_12403,15207,train
12404,plan_12404,15208,train
12405,plan_12405,15210,train
12406,plan_12406,15211,train
12407,plan_12407,15212,train
12408,plan_12408,15214,train
12409,plan_12409,15215,train
12410,plan_12410,15216,train
12411,plan_12411,15217,train
12412,plan_12412,15218,train
12413,plan_12413,15219,train
12414,plan_12414,15220,train
12415,plan_12415,15221,train
12416,plan_12416,15222,train
12417,plan_12417,15223,train
12418,plan_12418,15225,train
12419,plan_12419,15226,train
12420,plan_12420,15227,train
12421,plan_12421,15229,train
12422,plan_12422,15231,train
12423,plan_12423,15233,train
12424,plan_12424,15235,train
12425,plan_12425,15236,train
12426,plan_12426,15237,train
12427,plan_12427,15238,train
12428,plan_12428,15240,train
12429,plan_12429,15241,train
12430,plan_12430,15242,train
12431,plan_12431,15243,train
12432,plan_12432,15244,train
12433,plan_12433,15245,train
12434,plan_12434,15246,train
12435,plan_12435,15247,train
12436,plan_12436,15248,train
12437,plan_12437,15249,train
12438,plan_12438,15250,train
12439,plan_12439,15251,train
12440,plan_12440,15252,train
12441,plan_12441,15253,train
12442,plan_12442,15254,train
12443,plan_12443,15257,train
12444,plan_12444,15258,train
12445,plan_12445,15262,train
12446,plan_12446,15263,train
12447,plan_12447,15265,train
12448,plan_12448,15266,train
12449,plan_12449,15267,train
12450,plan_12450,15269,train
12451,plan_12451,15271,train
12452,plan_12452,15272,train
12453,plan_12453,15273,train
12454,plan_12454,15274,train
12455,plan_12455,15275,train
12456,plan_12456,15276,train
12457,plan_12457,15277,train
12458,plan_12458,15278,train
12459,plan_12459,15280,train
12460,plan_12460,15281,train
12461,plan_12461,15282,train
12462,plan_12462,15283,train
12463,plan_12463,15286,train
12464,plan_12464,15287,train
12465,plan_12465,15288,train
12466,plan_12466,15289,train
12467,plan_12467,15290,train
12468,plan_12468,15291,train
12469,plan_12469,15295,train
12470,plan_12470,15296,train
12471,plan_12471,15297,train
12472,plan_12472,15298,train
12473,plan_12473,15301,train
12474,plan_12474,15303,train
12475,plan_12475,15304,train
12476,plan_12476,15305,train
12477,plan_12477,15306,train
12478,plan_12478,15307,train
12479,plan_12479,15311,train
12480,plan_12480,15312,train
12481,plan_12481,15313,train
12482,plan_12482,15314,train
12483,plan_12483,15317,train
12484,plan_12484,15318,train
12485,plan_12485,15320,train
12486,plan_12486,15321,train
12487,plan_12487,15322,train
12488,plan_12488,15328,train
12489,plan_12489,15329,train
12490,plan_12490,15330,train
12491,plan_12491,15331,train
12492,plan_12492,15332,train
12493,plan_12493,15333,train
12494,plan_12494,15334,train
12495,plan_12495,15337,train
12496,plan_12496,15338,train
12497,plan_12497,15339,train
12498,plan_12498,15340,train
12499,plan_12499,15341,train
12500,plan_12500,15342,train
12501,plan_12501,15343,train
12502,plan_12502,15344,train
12503,plan_12503,15345,train
12504,plan_12504,15346,train
12505,plan_12505,15348,train
12506,plan_12506,15350,train
12507,plan_12507,15353,train
12508,plan_12508,15354,train
12509,plan_12509,15355,train
12510,plan_12510,15356,train
12511,plan_12511,15357,train
12512,plan_12512,15358,train
12513,plan_12513,15359,train
12514,plan_12514,15361,train
12515,plan_12515,15362,train
12516,plan_12516,15363,train
12517,plan_12517,15364,train
12518,plan_12518,15365,train
12519,plan_12519,15366,train
12520,plan_12520,15367,train
12521,plan_12521,15368,train
12522,plan_12522,15369,train
12523,plan_12523,15370,train
12524,plan_12524,15371,train
12525,plan_12525,15372,train
12526,plan_12526,15373,train
12527,plan_12527,15374,train
12528,plan_12528,15375,train
12529,plan_12529,15376,train
12530,plan_12530,15377,train
12531,plan_12531,15378,train
12532,plan_12532,15379,train
12533,plan_12533,15380,train
12534,plan_12534,15381,train
12535,plan_12535,15382,train
12536,plan_12536,15383,train
12537,plan_12537,15384,train
12538,plan_12538,15386,train
12539,plan_12539,15387,train
12540,plan_12540,15388,train
12541,plan_12541,15389,train
12542,plan_12542,15390,train
12543,plan_12543,15391,train
12544,plan_12544,15393,train
12545,plan_12545,15394,train
12546,plan_12546,15395,train
12547,plan_12547,15396,train
12548,plan_12548,15399,train
12549,plan_12549,15400,train
12550,plan_12550,15405,train
12551,plan_12551,15406,train
12552,plan_12552,15407,train
12553,plan_12553,15408,train
12554,plan_12554,15409,train
12555,plan_12555,15410,train
12556,plan_12556,15412,train
12557,plan_12557,15413,train
12558,plan_12558,15414,train
12559,plan_12559,15415,train
12560,plan_12560,15416,train
12561,plan_12561,15425,train
12562,plan_12562,15427,train
12563,plan_12563,15428,train
12564,plan_12564,15429,train
12565,plan_12565,15431,train
12566,plan_12566,15432,train
12567,plan_12567,15434,train
12568,plan_12568,15435,train
12569,plan_12569,15437,train
12570,plan_12570,15438,train
12571,plan_12571,15440,train
12572,plan_12572,15441,train
12573,plan_12573,15442,train
12574,plan_12574,15444,train
12575,plan_12575,15445,train
12576,plan_12576,15446,train
12577,plan_12577,15447,train
12578,plan_12578,15450,train
12579,plan_12579,15451,train
12580,plan_12580,15452,train
12581,plan_12581,15453,train
12582,plan_12582,15457,train
12583,plan_12583,15458,train
12584,plan_12584,15459,train
12585,plan_12585,15460,train
12586,plan_12586,15461,train
12587,plan_12587,15462,train
12588,plan_12588,15464,train
12589,plan_12589,15465,train
12590,plan_12590,15466,train
12591,plan_12591,15467,train
12592,plan_12592,15468,train
12593,plan_12593,15469,train
12594,plan_12594,15470,train
12595,plan_12595,15471,train
12596,plan_12596,15472,train
12597,plan_12597,15473,train
12598,plan_12598,15474,train
12599,plan_12599,15475,train
12600,plan_12600,15476,train
12601,plan_12601,15477,train
12602,plan_12602,15478,train
12603,plan_12603,15479,train
12604,plan_12604,15481,train
12605,plan_12605,15482,train
12606,plan_12606,15483,train
12607,plan_12607,15484,train
12608,plan_12608,15485,train
12609,plan_12609,15487,train
12610,plan_12610,15488,train
12611,plan_12611,15490,train
12612,plan_12612,15491,train
12613,plan_12613,15492,train
12614,plan_12614,15493,train
12615,plan_12615,15494,train
12616,plan_12616,15495,train
12617,plan_12617,15496,train
12618,plan_12618,15497,train
12619,plan_12619,15498,train
12620,plan_12620,15499,train
12621,plan_12621,15501,train
12622,plan_12622,15503,train
12623,plan_12623,15504,train
12624,plan_12624,15505,train
12625,plan_12625,15506,train
12626,plan_12626,15507,train
12627,plan_12627,15508,train
12628,plan_12628,15509,train
12629,plan_12629,15510,train
12630,plan_12630,15511,train
12631,plan_12631,15512,train
12632,plan_12632,15513,train
12633,plan_12633,15514,train
12634,plan_12634,15515,train
12635,plan_12635,15516,train
12636,plan_12636,15517,train
12637,plan_12637,15519,train
12638,plan_12638,15524,train
12639,plan_12639,15525,train
12640,plan_12640,15527,train
12641,plan_12641,15528,train
12642,plan_12642,15529,train
12643,plan_12643,15532,train
12644,plan_12644,15533,train
12645,plan_12645,15534,train
12646,plan_12646,15535,train
12647,plan_12647,15536,train
12648,plan_12648,15542,train
12649,plan_12649,15543,train
12650,plan_12650,15544,train
12651,plan_12651,15545,train
12652,plan_12652,15546,train
12653,plan_12653,15547,train
12654,plan_12654,15548,train
12655,plan_12655,15549,train
12656,plan_12656,15550,train
12657,plan_12657,15551,train
12658,plan_12658,15552,train
12659,plan_12659,15553,train
12660,plan_12660,15554,train
12661,plan_12661,15556,train
12662,plan_12662,15558,train
12663,plan_12663,15559,train
12664,plan_12664,15560,train
12665,plan_12665,15561,train
12666,plan_12666,15563,train
12667,plan_12667,15564,train
12668,plan_12668,15565,train
12669,plan_12669,15566,train
12670,plan_12670,15567,train
12671,plan_12671,15568,train
12672,plan_12672,15569,train
12673,plan_12673,15570,train
12674,plan_12674,15571,train
12675,plan_12675,15572,train
12676,plan_12676,15574,train
12677,plan_12677,15575,train
12678,plan_12678,15576,train
12679,plan_12679,15577,train
12680,plan_12680,15578,train
12681,plan_12681,15579,train
12682,plan_12682,15580,train
12683,plan_12683,15581,train
12684,plan_12684,15582,train
12685,plan_12685,15583,train
12686,plan_12686,15584,train
12687,plan_12687,15585,train
12688,plan_12688,15586,train
12689,plan_12689,15587,train
12690,plan_12690,15588,train
12691,plan_12691,15589,train
12692,plan_12692,15590,train
12693,plan_12693,15591,train
12694,plan_12694,15592,train
12695,plan_12695,15594,train
12696,plan_12696,15595,train
12697,plan_12697,15596,train
12698,plan_12698,15597,train
12699,plan_12699,15598,train
12700,plan_12700,15599,train
12701,plan_12701,15600,train
12702,plan_12702,15601,train
12703,plan_12703,15602,train
12704,plan_12704,15603,train
12705,plan_12705,15604,train
12706,plan_12706,15605,train
12707,plan_12707,15607,train
12708,plan_12708,15609,train
12709,plan_12709,15610,train
12710,plan_12710,15611,train
12711,plan_12711,15612,train
12712,plan_12712,15613,train
12713,plan_12713,15614,train
12714,plan_12714,15615,train
12715,plan_12715,15616,train
12716,plan_12716,15617,train
12717,plan_12717,15618,train
12718,plan_12718,15619,train
12719,plan_12719,15620,train
12720,plan_12720,15621,train
12721,plan_12721,15623,train
12722,plan_12722,15625,train
12723,plan_12723,15626,train
12724,plan_12724,15627,train
12725,plan_12725,15628,train
12726,plan_12726,15629,train
12727,plan_12727,15630,train
12728,plan_12728,15631,train
12729,plan_12729,15632,train
12730,plan_12730,15633,train
12731,plan_12731,15634,train
12732,plan_12732,15635,train
12733,plan_12733,15636,train
12734,plan_12734,15637,train
12735,plan_12735,15638,train
12736,plan_12736,15640,train
12737,plan_12737,15642,train
12738,plan_12738,15643,train
12739,plan_12739,15644,train
12740,plan_12740,15645,train
12741,plan_12741,15646,train
12742,plan_12742,15647,train
12743,plan_12743,15648,train
12744,plan_12744,15649,train
12745,plan_12745,15651,train
12746,plan_12746,15652,train
12747,plan_12747,15653,train
12748,plan_12748,15654,train
12749,plan_12749,15655,train
12750,plan_12750,15656,train
12751,plan_12751,15657,train
12752,plan_12752,15658,train
12753,plan_12753,15659,train
12754,plan_12754,15662,train
12755,plan_12755,15663,train
12756,plan_12756,15664,train
12757,plan_12757,15668,train
12758,plan_12758,15669,train
12759,plan_12759,15670,train
12760,plan_12760,15671,train
12761,plan_12761,15672,train
12762,plan_12762,15673,train
12763,plan_12763,15674,train
12764,plan_12764,15675,train
12765,plan_12765,15676,train
12766,plan_12766,15677,train
12767,plan_12767,15678,train
12768,plan_12768,15681,train
12769,plan_12769,15682,train
12770,plan_12770,15683,train
12771,plan_12771,15684,train
12772,plan_12772,15685,train
12773,plan_12773,15686,train
12774,plan_12774,15687,train
12775,plan_12775,15688,train
12776,plan_12776,15689,train
12777,plan_12777,15690,train
12778,plan_12778,15691,train
12779,plan_12779,15692,train
12780,plan_12780,15694,train
12781,plan_12781,15695,train
12782,plan_12782,15696,train
12783,plan_12783,15698,train
12784,plan_12784,15699,train
12785,plan_12785,15700,train
12786,plan_12786,15701,train
12787,plan_12787,15702,train
12788,plan_12788,15703,train
12789,plan_12789,15705,train
12790,plan_12790,15706,train
12791,plan_12791,15707,train
12792,plan_12792,15708,train
12793,plan_12793,15709,train
12794,plan_12794,15710,train
12795,plan_12795,15711,train
12796,plan_12796,15712,train
12797,plan_12797,15713,train
12798,plan_12798,15714,train
12799,plan_12799,15717,train
12800,plan_12800,15718,train
12801,plan_12801,15720,train
12802,plan_12802,15722,train
12803,plan_12803,15723,train
12804,plan_12804,15725,train
12805,plan_12805,15726,train
12806,plan_12806,15727,train
12807,plan_12807,15728,train
12808,plan_12808,15729,train
12809,plan_12809,15730,train
12810,plan_12810,15731,train
12811,plan_12811,15732,train
12812,plan_12812,15733,train
12813,plan_12813,15734,train
12814,plan_12814,15736,train
12815,plan_12815,15738,train
12816,plan_12816,15739,train
12817,plan_12817,15740,train
12818,plan_12818,15741,train
12819,plan_12819,15742,train
12820,plan_12820,15743,train
12821,plan_12821,15744,train
12822,plan_12822,15745,train
12823,plan_12823,15748,train
12824,plan_12824,15749,train
12825,plan_12825,15750,train
12826,plan_12826,15751,train
12827,plan_12827,15752,train
12828,plan_12828,15754,train
12829,plan_12829,15755,train
12830,plan_12830,15756,train
12831,plan_12831,15757,train
12832,plan_12832,15758,train
12833,plan_12833,15759,train
12834,plan_12834,15761,train
12835,plan_12835,15762,train
12836,plan_12836,15763,train
12837,plan_12837,15764,train
12838,plan_12838,15765,train
12839,plan_12839,15766,train
12840,plan_12840,15767,train
12841,plan_12841,15768,train
12842,plan_12842,15769,train
12843,plan_12843,15770,train
12844,plan_12844,15771,train
12845,plan_12845,15772,train
12846,plan_12846,15773,train
12847,plan_12847,15774,train
12848,plan_12848,15775,train
12849,plan_12849,15776,train
12850,plan_12850,15778,train
12851,plan_12851,15779,train
12852,plan_12852,15780,train
12853,plan_12853,15782,train
12854,plan_12854,15783,train
12855,plan_12855,15787,train
12856,plan_12856,15788,train
12857,plan_12857,15791,train
12858,plan_12858,15793,train
12859,plan_12859,15794,train
12860,plan_12860,15795,train
12861,plan_12861,15796,train
12862,plan_12862,15797,train
12863,plan_12863,15798,train
12864,plan_12864,15799,train
12865,plan_12865,15800,train
12866,plan_12866,15801,train
12867,plan_12867,15802,train
12868,plan_12868,15803,train
12869,plan_12869,15804,train
12870,plan_12870,15805,train
12871,plan_12871,15806,train
12872,plan_12872,15807,train
12873,plan_12873,15808,train
12874,plan_12874,15809,train
12875,plan_12875,15810,train
12876,plan_12876,15811,train
12877,plan_12877,15812,train
12878,plan_12878,15813,train
12879,plan_12879,15814,train
12880,plan_12880,15815,train
12881,plan_12881,15816,train
12882,plan_12882,15817,train
12883,plan_12883,15818,train
12884,plan_12884,15819,train
12885,plan_12885,15822,train
12886,plan_12886,15823,train
12887,plan_12887,15824,train
12888,plan_12888,15825,train
12889,plan_12889,15827,train
12890,plan_12890,15828,train
12891,plan_12891,15829,train
12892,plan_12892,15830,train
12893,plan_12893,15831,train
12894,plan_12894,15832,train
12895,plan_12895,15833,train
12896,plan_12896,15835,train
12897,plan_12897,15836,train
12898,plan_12898,15837,train
12899,plan_12899,15838,train
12900,plan_12900,15839,train
12901,plan_12901,15841,train
12902,plan_12902,15842,train
12903,plan_12903,15843,train
12904,plan_12904,15847,train
12905,plan_12905,15848,train
12906,plan_12906,15849,train
12907,plan_12907,15850,train
12908,plan_12908,15851,train
12909,plan_12909,15853,train
12910,plan_12910,15854,train
12911,plan_12911,15855,train
12912,plan_12912,15856,train
12913,plan_12913,15858,train
12914,plan_12914,15860,train
12915,plan_12915,15861,train
12916,plan_12916,15863,train
12917,plan_12917,15865,train
12918,plan_12918,15866,train
12919,plan_12919,15867,train
12920,plan_12920,15871,train
12921,plan_12921,15874,train
12922,plan_12922,15875,train
12923,plan_12923,15877,train
12924,plan_12924,15879,train
12925,plan_12925,15880,train
12926,plan_12926,15881,train
12927,plan_12927,15882,train
12928,plan_12928,15883,train
12929,plan_12929,15884,train
12930,plan_12930,15885,train
12931,plan_12931,15886,train
12932,plan_12932,15888,train
12933,plan_12933,15889,train
12934,plan_12934,15890,train
12935,plan_12935,15891,train
12936,plan_12936,15892,train
12937,plan_12937,15893,train
12938,plan_12938,15894,train
12939,plan_12939,15895,train
12940,plan_12940,15896,train
12941,plan_12941,15897,train
12942,plan_12942,15898,train
12943,plan_12943,15899,train
12944,plan_12944,15900,train
12945,plan_12945,15902,train
12946,plan_12946,15904,train
12947,plan_12947,15905,train
12948,plan_12948,15906,train
12949,plan_12949,15908,train
12950,plan_12950,15909,train
12951,plan_12951,15910,train
12952,plan_12952,15911,train
12953,plan_12953,15912,train
12954,plan_12954,15913,train
12955,plan_12955,15914,train
12956,plan_12956,15915,train
12957,plan_12957,15916,train
12958,plan_12958,15917,train
12959,plan_12959,15918,train
12960,plan_12960,15919,train
12961,plan_12961,15920,train
12962,plan_12962,15921,train
12963,plan_12963,15922,train
12964,plan_12964,15923,train
12965,plan_12965,15924,train
12966,plan_12966,15925,train
12967,plan_12967,15926,train
12968,plan_12968,15927,train
12969,plan_12969,15928,train
12970,plan_12970,15929,train
12971,plan_12971,15931,train
12972,plan_12972,15933,train
12973,plan_12973,15935,train
12974,plan_12974,15936,train
12975,plan_12975,15937,train
12976,plan_12976,15940,train
12977,plan_12977,15941,train
12978,plan_12978,15942,train
12979,plan_12979,15944,train
12980,plan_12980,15945,train
12981,plan_12981,15947,train
12982,plan_12982,15948,train
12983,plan_12983,15949,train
12984,plan_12984,15950,train
12985,plan_12985,15952,train
12986,plan_12986,15953,train
12987,plan_12987,15954,train
12988,plan_12988,15955,train
12989,plan_12989,15956,train
12990,plan_12990,15957,train
12991,plan_12991,15959,train
12992,plan_12992,15962,train
12993,plan_12993,15963,train
12994,plan_12994,15964,train
12995,plan_12995,15965,train
12996,plan_12996,15966,train
12997,plan_12997,15967,train
12998,plan_12998,15969,train
12999,plan_12999,15970,train
13000,plan_13000,15971,train
13001,plan_13001,15972,train
13002,plan_13002,15973,train
13003,plan_13003,15977,train
13004,plan_13004,15978,train
13005,plan_13005,15979,train
13006,plan_13006,15981,train
13007,plan_13007,15982,train
13008,plan_13008,15983,train
13009,plan_13009,15985,train
13010,plan_13010,15986,train
13011,plan_13011,15987,train
13012,plan_13012,15989,train
13013,plan_13013,15990,train
13014,plan_13014,15991,train
13015,plan_13015,15992,train
13016,plan_13016,15993,train
13017,plan_13017,15994,train
13018,plan_13018,15995,train
13019,plan_13019,15996,train
13020,plan_13020,15997,train
13021,plan_13021,15998,train
13022,plan_13022,15999,train
13023,plan_13023,16001,train
13024,plan_13024,16002,train
13025,plan_13025,16003,train
13026,plan_13026,16004,train
13027,plan_13027,16008,train
13028,plan_13028,16009,train
13029,plan_13029,16010,train
13030,plan_13030,16011,train
13031,plan_13031,16012,train
13032,plan_13032,16013,train
13033,plan_13033,16014,train
13034,plan_13034,16015,train
13035,plan_13035,16016,train
13036,plan_13036,16017,train
13037,plan_13037,16018,train
13038,plan_13038,16019,train
13039,plan_13039,16020,train
13040,plan_13040,16021,train
13041,plan_13041,16022,train
13042,plan_13042,16023,train
13043,plan_13043,16024,train
13044,plan_13044,16025,train
13045,plan_13045,16026,train
13046,plan_13046,16027,train
13047,plan_13047,16031,train
13048,plan_13048,16032,train
13049,plan_13049,16033,train
13050,plan_13050,16037,train
13051,plan_13051,16038,train
13052,plan_13052,16040,train
13053,plan_13053,16041,train
13054,plan_13054,16042,train
13055,plan_13055,16044,train
13056,plan_13056,16045,train
13057,plan_13057,16056,train
13058,plan_13058,16061,train
13059,plan_13059,16062,train
13060,plan_13060,16064,train
13061,plan_13061,16066,train
13062,plan_13062,16067,train
13063,plan_13063,16068,train
13064,plan_13064,16069,train
13065,plan_13065,16070,train
13066,plan_13066,16071,train
13067,plan_13067,16072,train
13068,plan_13068,16073,train
13069,plan_13069,16074,train
13070,plan_13070,16075,train
13071,plan_13071,16076,train
13072,plan_13072,16077,train
13073,plan_13073,16078,train
13074,plan_13074,16080,train
13075,plan_13075,16081,train
13076,plan_13076,16084,train
13077,plan_13077,16091,train
13078,plan_13078,16092,train
13079,plan_13079,16093,train
13080,plan_13080,16094,train
13081,plan_13081,16095,train
13082,plan_13082,16097,train
13083,plan_13083,16098,train
13084,plan_13084,16100,train
13085,plan_13085,16101,train
13086,plan_13086,16102,train
13087,plan_13087,16103,train
13088,plan_13088,16104,train
13089,plan_13089,16105,train
13090,plan_13090,16106,train
13091,plan_13091,16107,train
13092,plan_13092,16108,train
13093,plan_13093,16109,train
13094,plan_13094,16110,train
13095,plan_13095,16111,train
13096,plan_13096,16112,train
13097,plan_13097,16113,train
13098,plan_13098,16114,train
13099,plan_13099,16115,train
13100,plan_13100,16116,train
13101,plan_13101,16118,train
13102,plan_13102,16119,train
13103,plan_13103,16120,train
13104,plan_13104,16121,train
13105,plan_13105,16122,train
13106,plan_13106,16124,train
13107,plan_13107,16125,train
13108,plan_13108,16126,train
13109,plan_13109,16128,train
13110,plan_13110,16129,train
13111,plan_13111,16130,train
13112,plan_13112,16131,train
13113,plan_13113,16132,train
13114,plan_13114,16133,train
13115,plan_13115,16134,train
13116,plan_13116,16135,train
13117,plan_13117,16136,train
13118,plan_13118,16137,train
13119,plan_13119,16138,train
13120,plan_13120,16139,train
13121,plan_13121,16140,train
13122,plan_13122,16141,train
13123,plan_13123,16142,train
13124,plan_13124,16143,train
13125,plan_13125,16144,train
13126,plan_13126,16145,train
13127,plan_13127,16147,train
13128,plan_13128,16148,train
13129,plan_13129,16149,train
13130,plan_13130,16150,train
13131,plan_13131,16151,train
13132,plan_13132,16152,train
13133,plan_13133,16153,train
13134,plan_13134,16154,train
13135,plan_13135,16157,train
13136,plan_13136,16158,train
13137,plan_13137,16159,train
13138,plan_13138,16161,train
13139,plan_13139,16163,train
13140,plan_13140,16164,train
13141,plan_13141,16165,train
13142,plan_13142,16167,train
13143,plan_13143,16168,train
13144,plan_13144,16169,train
13145,plan_13145,16170,train
13146,plan_13146,16172,train
13147,plan_13147,16173,train
13148,plan_13148,16174,train
13149,plan_13149,16175,train
13150,plan_13150,16176,train
13151,plan_13151,16178,train
13152,plan_13152,16179,train
13153,plan_13153,16180,train
13154,plan_13154,16181,train
13155,plan_13155,16182,train
13156,plan_13156,16188,train
13157,plan_13157,16193,train
13158,plan_13158,16194,train
13159,plan_13159,16195,train
13160,plan_13160,16196,train
13161,plan_13161,16198,train
13162,plan_13162,16199,train
13163,plan_13163,16201,train
13164,plan_13164,16202,train
13165,plan_13165,16203,train
13166,plan_13166,16204,train
13167,plan_13167,16205,train
13168,plan_13168,16206,train
13169,plan_13169,16207,train
13170,plan_13170,16208,train
13171,plan_13171,16209,train
13172,plan_13172,16211,train
13173,plan_13173,16213,train
13174,plan_13174,16214,train
13175,plan_13175,16215,train
13176,plan_13176,16216,train
13177,plan_13177,16217,train
13178,plan_13178,16219,train
13179,plan_13179,16221,train
13180,plan_13180,16223,train
13181,plan_13181,16224,train
13182,plan_13182,16225,train
13183,plan_13183,16226,train
13184,plan_13184,16227,train
13185,plan_13185,16228,train
13186,plan_13186,16230,train
13187,plan_13187,16231,train
13188,plan_13188,16232,train
13189,plan_13189,16233,train
13190,plan_13190,16234,train
13191,plan_13191,16235,train
13192,plan_13192,16236,train
13193,plan_13193,16238,train
13194,plan_13194,16239,train
13195,plan_13195,16240,train
13196,plan_13196,16241,train
13197,plan_13197,16242,train
13198,plan_13198,16243,train
13199,plan_13199,16244,train
13200,plan_13200,16245,train
13201,plan_13201,16247,train
13202,plan_13202,16248,train
13203,plan_13203,16250,train
13204,plan_13204,16251,train
13205,plan_13205,16252,train
13206,plan_13206,16253,train
13207,plan_13207,16254,train
13208,plan_13208,16255,train
13209,plan_13209,16256,train
13210,plan_13210,16257,train
13211,plan_13211,16259,train
13212,plan_13212,16261,train
13213,plan_13213,16263,train
13214,plan_13214,16264,train
13215,plan_13215,16265,train
13216,plan_13216,16266,train
13217,plan_13217,16267,train
13218,plan_13218,16271,train
13219,plan_13219,16272,train
13220,plan_13220,16273,train
13221,plan_13221,16276,train
13222,plan_13222,16277,train
13223,plan_13223,16278,train
13224,plan_13224,16279,train
13225,plan_13225,16280,train
13226,plan_13226,16282,train
13227,plan_13227,16283,train
13228,plan_13228,16284,train
13229,plan_13229,16285,train
13230,plan_13230,16286,train
13231,plan_13231,16287,train
13232,plan_13232,16288,train
13233,plan_13233,16289,train
13234,plan_13234,16290,train
13235,plan_13235,16291,train
13236,plan_13236,16292,train
13237,plan_13237,16293,train
13238,plan_13238,16295,train
13239,plan_13239,16296,train
13240,plan_13240,16297,train
13241,plan_13241,16298,train
13242,plan_13242,16299,train
13243,plan_13243,16301,train
13244,plan_13244,16302,train
13245,plan_13245,16304,train
13246,plan_13246,16305,train
13247,plan_13247,16306,train
13248,plan_13248,16307,train
13249,plan_13249,16308,train
13250,plan_13250,16310,train
13251,plan_13251,16311,train
13252,plan_13252,16312,train
13253,plan_13253,16313,train
13254,plan_13254,16314,train
13255,plan_13255,16315,train
13256,plan_13256,16316,train
13257,plan_13257,16317,train
13258,plan_13258,16318,train
13259,plan_13259,16320,train
13260,plan_13260,16321,train
13261,plan_13261,16322,train
13262,plan_13262,16323,train
13263,plan_13263,16326,train
13264,plan_13264,16327,train
13265,plan_13265,16329,train
13266,plan_13266,16330,train
13267,plan_13267,16332,train
13268,plan_13268,16333,train
13269,plan_13269,16334,train
13270,plan_13270,16335,train
13271,plan_13271,16336,train
13272,plan_13272,16337,train
13273,plan_13273,16338,train
13274,plan_13274,16339,train
13275,plan_13275,16340,train
13276,plan_13276,16341,train
13277,plan_13277,16342,train
13278,plan_13278,16343,train
13279,plan_13279,16344,train
13280,plan_13280,16345,train
13281,plan_13281,16346,train
13282,plan_13282,16348,train
13283,plan_13283,16349,train
13284,plan_13284,16350,train
13285,plan_13285,16351,train
13286,plan_13286,16352,train
13287,plan_13287,16353,train
13288,plan_13288,16354,train
13289,plan_13289,16355,train
13290,plan_13290,16357,train
13291,plan_13291,16358,train
13292,plan_13292,16359,train
13293,plan_13293,16360,train
13294,plan_13294,16362,train
13295,plan_13295,16364,train
13296,plan_13296,16366,train
13297,plan_13297,16367,train
13298,plan_13298,16369,train
13299,plan_13299,16370,train
13300,plan_13300,16371,train
13301,plan_13301,16373,train
13302,plan_13302,16374,train
13303,plan_13303,16375,train
13304,plan_13304,16376,train
13305,plan_13305,16377,train
13306,plan_13306,16378,train
13307,plan_13307,16380,train
13308,plan_13308,16381,train
13309,plan_13309,16382,train
13310,plan_13310,16383,train
13311,plan_13311,16384,train
13312,plan_13312,16386,train
13313,plan_13313,16391,train
13314,plan_13314,16392,train
13315,plan_13315,16393,train
13316,plan_13316,16394,train
13317,plan_13317,16395,train
13318,plan_13318,16396,train
13319,plan_13319,16397,train
13320,plan_13320,16398,train
13321,plan_13321,16399,train
13322,plan_13322,16400,train
13323,plan_13323,16401,train
13324,plan_13324,16402,train
13325,plan_13325,16403,train
13326,plan_13326,16405,train
13327,plan_13327,16406,train
13328,plan_13328,16408,train
13329,plan_13329,16409,train
13330,plan_13330,16410,train
13331,plan_13331,16411,train
13332,plan_13332,16412,train
13333,plan_13333,16413,train
13334,plan_13334,16414,train
13335,plan_13335,16415,train
13336,plan_13336,16416,train
13337,plan_13337,16417,train
13338,plan_13338,16418,train
13339,plan_13339,16419,train
13340,plan_13340,16421,train
13341,plan_13341,16422,train
13342,plan_13342,16423,train
13343,plan_13343,16424,train
13344,plan_13344,16425,train
13345,plan_13345,16427,train
13346,plan_13346,16428,train
13347,plan_13347,16429,train
13348,plan_13348,16430,train
13349,plan_13349,16431,train
13350,plan_13350,16432,train
13351,plan_13351,16433,train
13352,plan_13352,16434,train
13353,plan_13353,16435,train
13354,plan_13354,16436,train
13355,plan_13355,16437,train
13356,plan_13356,16438,train
13357,plan_13357,16439,train
13358,plan_13358,16441,train
13359,plan_13359,16442,train
13360,plan_13360,16443,train
13361,plan_13361,16444,train
13362,plan_13362,16445,train
13363,plan_13363,16446,train
13364,plan_13364,16447,train
13365,plan_13365,16448,train
13366,plan_13366,16449,train
13367,plan_13367,16450,train
13368,plan_13368,16451,train
13369,plan_13369,16452,train
13370,plan_13370,16453,train
13371,plan_13371,16454,train
13372,plan_13372,16455,train
13373,plan_13373,16456,train
13374,plan_13374,16457,train
13375,plan_13375,16458,train
13376,plan_13376,16459,train
13377,plan_13377,16460,train
13378,plan_13378,16462,train
13379,plan_13379,16463,train
13380,plan_13380,16464,train
13381,plan_13381,16465,train
13382,plan_13382,16467,train
13383,plan_13383,16468,train
13384,plan_13384,16469,train
13385,plan_13385,16470,train
13386,plan_13386,16472,train
13387,plan_13387,16473,train
13388,plan_13388,16474,train
13389,plan_13389,16475,train
13390,plan_13390,16479,train
13391,plan_13391,16480,train
13392,plan_13392,16481,train
13393,plan_13393,16483,train
13394,plan_13394,16484,train
13395,plan_13395,16485,train
13396,plan_13396,16486,train
13397,plan_13397,16488,train
13398,plan_13398,16489,train
13399,plan_13399,16490,train
13400,plan_13400,16491,train
13401,plan_13401,16492,train
13402,plan_13402,16493,train
13403,plan_13403,16494,train
13404,plan_13404,16495,train
13405,plan_13405,16496,train
13406,plan_13406,16497,train
13407,plan_13407,16498,train
13408,plan_13408,16499,train
13409,plan_13409,16500,train
13410,plan_13410,16501,train
13411,plan_13411,16503,train
13412,plan_13412,16504,train
13413,plan_13413,16505,train
13414,plan_13414,16507,train
13415,plan_13415,16508,train
13416,plan_13416,16509,train
13417,plan_13417,16510,train
13418,plan_13418,16511,train
13419,plan_13419,16513,train
13420,plan_13420,16514,train
13421,plan_13421,16515,train
13422,plan_13422,16516,train
13423,plan_13423,16517,train
13424,plan_13424,16518,train
13425,plan_13425,16520,train
13426,plan_13426,16521,train
13427,plan_13427,16522,train
13428,plan_13428,16523,train
13429,plan_13429,16524,train
13430,plan_13430,16525,train
13431,plan_13431,16526,train
13432,plan_13432,16529,train
13433,plan_13433,16530,train
13434,plan_13434,16531,train
13435,plan_13435,16532,train
13436,plan_13436,16533,train
13437,plan_13437,16534,train
13438,plan_13438,16535,train
13439,plan_13439,16537,train
13440,plan_13440,16538,train
13441,plan_13441,16541,train
13442,plan_13442,16542,train
13443,plan_13443,16543,train
13444,plan_13444,16544,train
13445,plan_13445,16545,train
13446,plan_13446,16546,train
13447,plan_13447,16547,train
13448,plan_13448,16548,train
13449,plan_13449,16549,train
13450,plan_13450,16550,train
13451,plan_13451,16551,train
13452,plan_13452,16552,train
13453,plan_13453,16553,train
13454,plan_13454,16554,train
13455,plan_13455,16555,train
13456,plan_13456,16556,train
13457,plan_13457,16557,train
13458,plan_13458,16558,train
13459,plan_13459,16559,train
13460,plan_13460,16560,train
13461,plan_13461,16561,train
13462,plan_13462,16562,train
13463,plan_13463,16563,train
13464,plan_13464,16564,train
13465,plan_13465,16565,train
13466,plan_13466,16566,train
13467,plan_13467,16568,train
13468,plan_13468,16569,train
13469,plan_13469,16571,train
13470,plan_13470,16572,train
13471,plan_13471,16573,train
13472,plan_13472,16575,train
13473,plan_13473,16576,train
13474,plan_13474,16580,train
13475,plan_13475,16581,train
13476,plan_13476,16582,train
13477,plan_13477,16583,train
13478,plan_13478,16584,train
13479,plan_13479,16585,train
13480,plan_13480,16586,train
13481,plan_13481,16587,train
13482,plan_13482,16588,train
13483,plan_13483,16590,train
13484,plan_13484,16591,train
13485,plan_13485,16593,train
13486,plan_13486,16594,train
13487,plan_13487,16595,train
13488,plan_13488,16596,train
13489,plan_13489,16597,train
13490,plan_13490,16598,train
13491,plan_13491,16600,train
13492,plan_13492,16601,train
13493,plan_13493,16603,train
13494,plan_13494,16604,train
13495,plan_13495,16606,train
13496,plan_13496,16607,train
13497,plan_13497,16608,train
13498,plan_13498,16609,train
13499,plan_13499,16610,train
13500,plan_13500,16611,train
13501,plan_13501,16612,train
13502,plan_13502,16613,train
13503,plan_13503,16614,train
13504,plan_13504,16616,train
13505,plan_13505,16617,train
13506,plan_13506,16618,train
13507,plan_13507,16619,train
13508,plan_13508,16620,train
13509,plan_13509,16621,train
13510,plan_13510,16622,train
13511,plan_13511,16623,train
13512,plan_13512,16624,train
13513,plan_13513,16625,train
13514,plan_13514,16627,train
13515,plan_13515,16628,train
13516,plan_13516,16629,train
13517,plan_13517,16630,train
13518,plan_13518,16631,train
13519,plan_13519,16632,train
13520,plan_13520,16633,train
13521,plan_13521,16634,train
13522,plan_13522,16635,train
13523,plan_13523,16636,train
13524,plan_13524,16637,train
13525,plan_13525,16638,train
13526,plan_13526,16639,train
13527,plan_13527,16640,train
13528,plan_13528,16641,train
13529,plan_13529,16643,train
13530,plan_13530,16644,train
13531,plan_13531,16645,train
13532,plan_13532,16646,train
13533,plan_13533,16647,train
13534,plan_13534,16648,train
13535,plan_13535,16649,train
13536,plan_13536,16651,train
13537,plan_13537,16652,train
13538,plan_13538,16653,train
13539,plan_13539,16654,train
13540,plan_13540,16656,train
13541,plan_13541,16657,train
13542,plan_13542,16658,train
13543,plan_13543,16661,train
13544,plan_13544,16662,train
13545,plan_13545,16663,train
13546,plan_13546,16664,train
13547,plan_13547,16666,train
13548,plan_13548,16667,train
13549,plan_13549,16668,train
13550,plan_13550,16669,train
13551,plan_13551,16670,train
13552,plan_13552,16671,train
13553,plan_13553,16672,train
13554,plan_13554,16673,train
13555,plan_13555,16674,train
13556,plan_13556,16675,train
13557,plan_13557,16676,train
13558,plan_13558,16677,train
13559,plan_13559,16678,train
13560,plan_13560,16679,train
13561,plan_13561,16680,train
13562,plan_13562,16683,train
13563,plan_13563,16684,train
13564,plan_13564,16685,train
13565,plan_13565,16686,train
13566,plan_13566,16687,train
13567,plan_13567,16688,train
13568,plan_13568,16689,train
13569,plan_13569,16690,train
13570,plan_13570,16691,train
13571,plan_13571,16692,train
13572,plan_13572,16693,train
13573,plan_13573,16694,train
13574,plan_13574,16695,train
13575,plan_13575,16696,train
13576,plan_13576,16698,train
13577,plan_13577,16699,train
13578,plan_13578,16700,train
13579,plan_13579,16701,train
13580,plan_13580,16702,train
13581,plan_13581,16703,train
13582,plan_13582,16704,train
13583,plan_13583,16705,train
13584,plan_13584,16706,train
13585,plan_13585,16707,train
13586,plan_13586,16708,train
13587,plan_13587,16710,train
13588,plan_13588,16712,train
13589,plan_13589,16713,train
13590,plan_13590,16714,train
13591,plan_13591,16715,train
13592,plan_13592,16716,train
13593,plan_13593,16718,train
13594,plan_13594,16720,train
13595,plan_13595,16721,train
13596,plan_13596,16722,train
13597,plan_13597,16723,train
13598,plan_13598,16724,train
13599,plan_13599,16725,train
13600,plan_13600,16727,train
13601,plan_13601,16729,train
13602,plan_13602,16730,train
13603,plan_13603,16731,train
13604,plan_13604,16734,train
13605,plan_13605,16735,train
13606,plan_13606,16737,train
13607,plan_13607,16739,train
13608,plan_13608,16740,train
13609,plan_13609,16741,train
13610,plan_13610,16742,train
13611,plan_13611,16743,train
13612,plan_13612,16744,train
13613,plan_13613,16745,train
13614,plan_13614,16746,train
13615,plan_13615,16747,train
13616,plan_13616,16748,train
13617,plan_13617,16751,train
13618,plan_13618,16752,train
13619,plan_13619,16753,train
13620,plan_13620,16754,train
13621,plan_13621,16755,train
13622,plan_13622,16756,train
13623,plan_13623,16757,train
13624,plan_13624,16758,train
13625,plan_13625,16759,train
13626,plan_13626,16760,train
13627,plan_13627,16761,train
13628,plan_13628,16762,train
13629,plan_13629,16763,train
13630,plan_13630,16764,train
13631,plan_13631,16765,train
13632,plan_13632,16766,train
13633,plan_13633,16768,train
13634,plan_13634,16769,train
13635,plan_13635,16770,train
13636,plan_13636,16771,train
13637,plan_13637,16772,train
13638,plan_13638,16773,train
13639,plan_13639,16774,train
13640,plan_13640,16775,train
13641,plan_13641,16776,train
13642,plan_13642,16778,train
13643,plan_13643,16779,train
13644,plan_13644,16780,train
13645,plan_13645,16781,train
13646,plan_13646,16782,train
13647,plan_13647,16783,train
13648,plan_13648,16784,train
13649,plan_13649,16785,train
13650,plan_13650,16788,train
13651,plan_13651,16790,train
13652,plan_13652,16791,train
13653,plan_13653,16792,train
13654,plan_13654,16794,train
13655,plan_13655,16795,train
13656,plan_13656,16796,train
13657,plan_13657,16797,train
13658,plan_13658,16799,train
13659,plan_13659,16800,train
13660,plan_13660,16801,train
13661,plan_13661,16802,train
13662,plan_13662,16803,train
13663,plan_13663,16804,train
13664,plan_13664,16807,train
13665,plan_13665,16808,train
13666,plan_13666,16810,train
13667,plan_13667,16814,train
13668,plan_13668,16816,train
13669,plan_13669,16817,train
13670,plan_13670,16827,train
13671,plan_13671,16828,train
13672,plan_13672,16829,train
13673,plan_13673,16831,train
13674,plan_13674,16832,train
13675,plan_13675,16833,train
13676,plan_13676,16834,train
13677,plan_13677,16835,train
13678,plan_13678,16836,train
13679,plan_13679,16837,train
13680,plan_13680,16838,train
13681,plan_13681,16839,train
13682,plan_13682,16840,train
13683,plan_13683,16860,train
13684,plan_13684,16865,train
13685,plan_13685,16868,train
13686,plan_13686,16869,train
13687,plan_13687,16871,train
13688,plan_13688,16872,train
13689,plan_13689,16873,train
13690,plan_13690,16874,train
13691,plan_13691,16875,train
13692,plan_13692,16880,train
13693,plan_13693,16881,train
13694,plan_13694,16883,train
13695,plan_13695,16884,train
13696,plan_13696,16887,train
13697,plan_13697,16889,train
13698,plan_13698,16890,train
13699,plan_13699,16893,train
13700,plan_13700,16894,train
13701,plan_13701,16895,train
13702,plan_13702,16898,train
13703,plan_13703,16899,train
13704,plan_13704,16901,train
13705,plan_13705,16902,train
13706,plan_13706,16903,train
13707,plan_13707,16904,train
13708,plan_13708,16905,train
13709,plan_13709,16906,train
13710,plan_13710,16907,train
13711,plan_13711,16908,train
13712,plan_13712,16909,train
13713,plan_13713,16910,train
13714,plan_13714,16911,train
13715,plan_13715,16912,train
13716,plan_13716,16914,train
13717,plan_13717,16916,train
13718,plan_13718,16917,train
13719,plan_13719,16918,train
13720,plan_13720,16919,train
13721,plan_13721,16920,train
13722,plan_13722,16921,train
13723,plan_13723,16922,train
13724,plan_13724,16923,train
13725,plan_13725,16924,train
13726,plan_13726,16925,train
13727,plan_13727,16926,train
13728,plan_13728,16927,train
13729,plan_13729,16928,train
13730,plan_13730,16929,train
13731,plan_13731,16930,train
13732,plan_13732,16931,train
13733,plan_13733,16933,train
13734,plan_13734,16934,train
13735,plan_13735,16935,train
13736,plan_13736,16936,train
13737,plan_13737,16937,train
13738,plan_13738,16938,train
13739,plan_13739,16939,train
13740,plan_13740,16940,train
13741,plan_13741,16941,train
13742,plan_13742,16942,train
13743,plan_13743,16943,train
13744,plan_13744,16944,train
13745,plan_13745,16945,train
13746,plan_13746,16952,train
13747,plan_13747,16954,train
13748,plan_13748,16956,train
13749,plan_13749,16958,train
13750,plan_13750,16959,train
13751,plan_13751,16961,train
13752,plan_13752,16962,train
13753,plan_13753,16963,train
13754,plan_13754,16964,train
13755,plan_13755,16965,train
13756,plan_13756,16967,train
13757,plan_13757,16968,train
13758,plan_13758,16969,train
13759,plan_13759,16970,train
13760,plan_13760,16971,train
13761,plan_13761,16972,train
13762,plan_13762,16973,train
13763,plan_13763,16974,train
13764,plan_13764,16975,train
13765,plan_13765,16976,train
13766,plan_13766,16977,train
13767,plan_13767,16978,train
13768,plan_13768,16979,train
13769,plan_13769,16981,train
13770,plan_13770,16983,train
13771,plan_13771,16985,train
13772,plan_13772,16986,train
13773,plan_13773,16987,train
13774,plan_13774,16988,train
13775,plan_13775,16989,train
13776,plan_13776,16990,train
13777,plan_13777,16991,train
13778,plan_13778,16992,train
13779,plan_13779,16993,train
13780,plan_13780,16994,train
13781,plan_13781,16995,train
13782,plan_13782,16996,train
13783,plan_13783,16997,train
13784,plan_13784,16998,train
13785,plan_13785,16999,train
13786,plan_13786,17000,train
13787,plan_13787,17002,train
13788,plan_13788,17003,train
13789,plan_13789,17004,train
13790,plan_13790,17005,train
13791,plan_13791,17006,train
13792,plan_13792,17008,train
13793,plan_13793,17011,train
13794,plan_13794,17012,train
13795,plan_13795,17013,train
13796,plan_13796,17014,train
13797,plan_13797,17015,train
13798,plan_13798,17016,train
13799,plan_13799,17017,train
13800,plan_13800,17018,train
13801,plan_13801,17019,train
13802,plan_13802,17020,train
13803,plan_13803,17021,train
13804,plan_13804,17022,train
13805,plan_13805,17023,train
13806,plan_13806,17024,train
13807,plan_13807,17026,train
13808,plan_13808,17027,train
13809,plan_13809,17028,train
13810,plan_13810,17029,train
13811,plan_13811,17030,train
13812,plan_13812,17031,train
13813,plan_13813,17032,train
13814,plan_13814,17033,train
13815,plan_13815,17034,train
13816,plan_13816,17035,train
13817,plan_13817,17037,train
13818,plan_13818,17038,train
13819,plan_13819,17040,train
13820,plan_13820,17041,train
13821,plan_13821,17045,train
13822,plan_13822,17047,train
13823,plan_13823,17048,train
13824,plan_13824,17050,train
13825,plan_13825,17051,train
13826,plan_13826,17052,train
13827,plan_13827,17053,train
13828,plan_13828,17054,train
13829,plan_13829,17055,train
13830,plan_13830,17057,train
13831,plan_13831,17058,train
13832,plan_13832,17060,train
13833,plan_13833,17061,train
13834,plan_13834,17062,train
13835,plan_13835,17063,train
13836,plan_13836,17064,train
13837,plan_13837,17065,train
13838,plan_13838,17066,train
13839,plan_13839,17067,train
13840,plan_13840,17069,train
13841,plan_13841,17070,train
13842,plan_13842,17071,train
13843,plan_13843,17072,train
13844,plan_13844,17074,train
13845,plan_13845,17075,train
13846,plan_13846,17077,train
13847,plan_13847,17078,train
13848,plan_13848,17079,train
13849,plan_13849,17080,train
13850,plan_13850,17082,train
13851,plan_13851,17083,train
13852,plan_13852,17084,train
13853,plan_13853,17085,train
13854,plan_13854,17086,train
13855,plan_13855,17087,train
13856,plan_13856,17088,train
13857,plan_13857,17089,train
13858,plan_13858,17090,train
13859,plan_13859,17091,train
13860,plan_13860,17093,train
13861,plan_13861,17094,train
13862,plan_13862,17095,train
13863,plan_13863,17097,train
13864,plan_13864,17098,train
13865,plan_13865,17099,train
13866,plan_13866,17101,train
13867,plan_13867,17103,train
13868,plan_13868,17104,train
13869,plan_13869,17105,train
13870,plan_13870,17106,train
13871,plan_13871,101533,train
13872,plan_13872,106182,train
13873,plan_13873,106687,train
13874,plan_13874,107540,train
13875,plan_13875,108491,train
13876,plan_13876,109717,train
13877,plan_13877,109738,train
13878,plan_13878,110048,train
13879,plan_13879,113280,train
13880,plan_13880,114594,train
13881,plan_13881,115582,train
13882,plan_13882,116547,train
13883,plan_13883,117500,train
13884,plan_13884,119651,train
13885,plan_13885,119857,train
13886,plan_13886,124302,train
13887,plan_13887,124813,train
13888,plan_13888,125755,train
13889,plan_13889,125990,train
13890,plan_13890,127537,train
13891,plan_13891,130094,train
13892,plan_13892,130359,train
13893,plan_13893,131064,train
13894,plan_13894,133326,train
13895,plan_13895,133796,train
13896,plan_13896,134225,train
13897,plan_13897,134283,train
13898,plan_13898,138817,train
13899,plan_13899,139434,train
13900,plan_13900,140115,train
13901,plan_13901,141043,train
13902,plan_13902,141761,train
13903,plan_13903,144109,train
13904,plan_13904,145814,train
13905,plan_13905,146032,train
13906,plan_13906,146228,train
13907,plan_13907,147440,train
13908,plan_13908,147489,train
13909,plan_13909,147504,train
13910,plan_13910,147670,train
13911,plan_13911,147726,train
13912,plan_13912,153231,train
13913,plan_13913,154302,train
13914,plan_13914,154714,train
13915,plan_13915,155040,train
13916,plan_13916,155164,train
13917,plan_13917,156304,train
13918,plan_13918,156837,train
13919,plan_13919,159642,train
13920,plan_13920,160423,train
13921,plan_13921,162804,train
13922,plan_13922,163386,train
13923,plan_13923,163491,train
13924,plan_13924,165290,train
13925,plan_13925,167348,train
13926,plan_13926,168941,train
13927,plan_13927,169113,train
13928,plan_13928,170437,train
13929,plan_13929,170674,train
13930,plan_13930,170966,train
13931,plan_13931,171942,train
13932,plan_13932,172132,train
13933,plan_13933,172274,train
13934,plan_13934,172371,train
13935,plan_13935,172792,train
13936,plan_13936,172965,train
13937,plan_13937,174637,train
13938,plan_13938,175576,train
13939,plan_13939,177558,train
13940,plan_13940,178957,train
13941,plan_13941,184148,train
13942,plan_13942,185461,train
13943,plan_13943,187657,train
13944,plan_13944,187949,train
13945,plan_13945,191537,train
13946,plan_13946,192337,train
13947,plan_13947,193670,train
13948,plan_13948,194511,train
13949,plan_13949,195763,train
13950,plan_13950,196126,train
13951,plan_13951,197758,train
13952,plan_13952,201377,train
13953,plan_13953,201639,train
13954,plan_13954,205409,train
13955,plan_13955,207391,train
13956,plan_13956,207798,train
13957,plan_13957,210790,train
13958,plan_13958,211834,train
13959,plan_13959,212214,train
13960,plan_13960,213609,train
13961,plan_13961,214532,train
13962,plan_13962,216970,train
13963,plan_13963,218959,train
13964,plan_13964,219420,train
13965,plan_13965,220768,train
13966,plan_13966,223088,train
13967,plan_13967,223586,train
13968,plan_13968,224395,train
13969,plan_13969,225710,train
13970,plan_13970,226516,train
13971,plan_13971,226601,train
13972,plan_13972,227794,train
13973,plan_13973,230272,train
13974,plan_13974,230394,train
13975,plan_13975,230521,train
13976,plan_13976,232352,train
13977,plan_13977,233636,train
13978,plan_13978,234568,train
13979,plan_13979,237118,train
13980,plan_13980,239816,train
13981,plan_13981,239890,train
13982,plan_13982,242175,train
13983,plan_13983,247442,train
13984,plan_13984,247720,train
13985,plan_13985,249715,train
13986,plan_13986,253347,train
13987,plan_13987,256466,train
13988,plan_13988,258157,train
13989,plan_13989,259097,train
13990,plan_13990,259814,train
13991,plan_13991,264686,train
13992,plan_13992,265271,train
13993,plan_13993,266931,train
13994,plan_13994,269430,train
13995,plan_13995,270128,train
13996,plan_13996,272529,train
13997,plan_13997,276405,train
13998,plan_13998,278240,train
13999,plan_13999,284019,train
14000,plan_14000,284229,train
14001,plan_14001,287654,train
14002,plan_14002,288056,train
14003,plan_14003,288066,train
14004,plan_14004,288158,train
14005,plan_14005,292401,train
14006,plan_14006,293319,train
14007,plan_14007,294760,train
14008,plan_14008,297303,train
14009,plan_14009,299122,train
14010,plan_14010,300845,train
14011,plan_14011,300896,train
14012,plan_14012,301158,train
14013,plan_14013,310418,train
14014,plan_14014,310548,train
14015,plan_14015,311883,train
14016,plan_14016,314181,train
14017,plan_14017,314353,train
14018,plan_14018,315161,train
14019,plan_14019,315780,train
14020,plan_14020,316092,train
14021,plan_14021,319036,train
14022,plan_14022,320281,train
14023,plan_14023,322096,train
14024,plan_14024,324597,train
14025,plan_14025,324993,train
14026,plan_14026,325595,train
14027,plan_14027,326130,train
14028,plan_14028,327797,train
14029,plan_14029,328411,train
14030,plan_14030,329772,train
14031,plan_14031,330080,train
14032,plan_14032,332335,train
14033,plan_14033,332785,train
14034,plan_14034,335113,train
14035,plan_14035,335421,train
14036,plan_14036,335445,train
14037,plan_14037,339220,train
14038,plan_14038,339499,train
14039,plan_14039,345536,train
14040,plan_14040,345884,train
14041,plan_14041,348237,train
14042,plan_14042,348411,train
14043,plan_14043,350021,train
14044,plan_14044,350956,train
14045,plan_14045,352249,train
14046,plan_14046,352838,train
14047,plan_14047,353480,train
14048,plan_14048,354377,train
14049,plan_14049,356430,train
14050,plan_14050,356773,train
14051,plan_14051,359295,train
14052,plan_14052,360247,train
14053,plan_14053,362778,train
14054,plan_14054,364236,train
14055,plan_14055,364955,train
14056,plan_14056,365618,train
14057,plan_14057,366817,train
14058,plan_14058,373453,train
14059,plan_14059,377312,train
14060,plan_14060,377319,train
14061,plan_14061,377746,train
14062,plan_14062,378428,train
14063,plan_14063,381444,train
14064,plan_14064,381502,train
14065,plan_14065,381581,train
14066,plan_14066,384263,train
14067,plan_14067,385320,train
14068,plan_14068,387892,train
14069,plan_14069,389366,train
14070,plan_14070,389666,train
14071,plan_14071,390743,train
14072,plan_14072,390794,train
14073,plan_14073,391476,train
14074,plan_14074,395442,train
14075,plan_14075,398384,train
14076,plan_14076,399279,train
14077,plan_14077,400850,train
14078,plan_14078,401601,train
14079,plan_14079,401603,train
14080,plan_14080,403507,train
14081,plan_14081,407696,train
14082,plan_14082,412071,train
14083,plan_14083,412856,train
14084,plan_14084,413814,train
14085,plan_14085,415098,train
14086,plan_14086,416613,train
14087,plan_14087,419149,train
14088,plan_14088,420015,train
14089,plan_14089,423284,train
14090,plan_14090,424620,train
14091,plan_14091,427040,train
14092,plan_14092,427766,train
14093,plan_14093,429445,train
14094,plan_14094,429861,train
14095,plan_14095,430926,train
14096,plan_14096,431535,train
14097,plan_14097,432061,train
14098,plan_14098,432427,train
14099,plan_14099,432441,train
14100,plan_14100,433507,train
14101,plan_14101,433632,train
14102,plan_14102,436241,train
14103,plan_14103,436814,train
14104,plan_14104,440131,train
14105,plan_14105,443199,train
14106,plan_14106,448354,train
14107,plan_14107,450996,train
14108,plan_14108,452457,train
14109,plan_14109,454508,train
14110,plan_14110,457455,train
14111,plan_14111,464069,train
14112,plan_14112,468074,train
14113,plan_14113,468623,train
14114,plan_14114,469038,train
14115,plan_14115,469082,train
14116,plan_14116,474314,train
14117,plan_14117,476417,train
14118,plan_14118,477114,train
14119,plan_14119,478638,train
14120,plan_14120,481574,train
14121,plan_14121,483162,train
14122,plan_14122,485191,train
14123,plan_14123,485416,train
14124,plan_14124,485548,train
14125,plan_14125,485709,train
14126,plan_14126,488162,train
14127,plan_14127,488712,train
14128,plan_14128,488984,train
14129,plan_14129,489933,train
14130,plan_14130,492292,train
14131,plan_14131,493396,train
14132,plan_14132,494322,train
14133,plan_14133,497382,train
14134,plan_14134,497519,train
14135,plan_14135,502491,train
14136,plan_14136,503951,train
14137,plan_14137,504630,train
14138,plan_14138,505426,train
14139,plan_14139,514850,train
14140,plan_14140,515011,train
14141,plan_14141,522179,train
14142,plan_14142,524965,train
14143,plan_14143,528728,train
14144,plan_14144,529008,train
14145,plan_14145,530764,train
14146,plan_14146,532424,train
14147,plan_14147,534303,train
14148,plan_14148,535810,train
14149,plan_14149,536774,train
14150,plan_14150,538184,train
14151,plan_14151,545790,train
14152,plan_14152,547494,train
14153,plan_14153,550797,train
14154,plan_14154,550961,train
14155,plan_14155,552248,train
14156,plan_14156,553633,train
14157,plan_14157,557925,train
14158,plan_14158,563246,train
14159,plan_14159,563688,train
14160,plan_14160,565230,train
14161,plan_14161,566339,train
14162,plan_14162,568238,train
14163,plan_14163,571029,train
14164,plan_14164,571413,train
14165,plan_14165,571635,train
14166,plan_14166,572700,train
14167,plan_14167,575575,train
14168,plan_14168,577309,train
14169,plan_14169,577463,train
14170,plan_14170,579027,train
14171,plan_14171,580102,train
14172,plan_14172,580728,train
14173,plan_14173,584498,train
14174,plan_14174,585188,train
14175,plan_14175,587455,train
14176,plan_14176,588899,train
14177,plan_14177,589710,train
14178,plan_14178,590110,train
14179,plan_14179,592296,train
14180,plan_14180,592841,train
14181,plan_14181,592972,train
14182,plan_14182,598216,train
14183,plan_14183,599968,train
14184,plan_14184,604740,train
14185,plan_14185,611751,train
14186,plan_14186,612340,train
14187,plan_14187,613234,train
14188,plan_14188,618392,train
14189,plan_14189,618934,train
14190,plan_14190,620526,train
14191,plan_14191,621841,train
14192,plan_14192,622584,train
14193,plan_14193,623555,train
14194,plan_14194,624783,train
14195,plan_14195,625721,train
14196,plan_14196,626611,train
14197,plan_14197,628313,train
14198,plan_14198,630108,train
14199,plan_14199,630538,train
14200,plan_14200,631958,train
14201,plan_14201,633188,train
14202,plan_14202,633469,train
14203,plan_14203,635167,train
14204,plan_14204,638179,train
14205,plan_14205,639593,train
14206,plan_14206,639728,train
14207,plan_14207,640310,train
14208,plan_14208,640659,train
14209,plan_14209,641058,train
14210,plan_14210,642717,train
14211,plan_14211,643269,train
14212,plan_14212,644173,train
14213,plan_14213,644559,train
14214,plan_14214,645175,train
14215,plan_14215,649300,train
14216,plan_14216,651002,train
14217,plan_14217,651640,train
14218,plan_14218,653306,train
14219,plan_14219,653815,train
14220,plan_14220,656379,train
14221,plan_14221,658136,train
14222,plan_14222,659024,train
14223,plan_14223,659951,train
14224,plan_14224,660324,train
14225,plan_14225,661147,train
14226,plan_14226,662761,train
14227,plan_14227,663658,train
14228,plan_14228,664365,train
14229,plan_14229,665427,train
14230,plan_14230,677596,train
14231,plan_14231,678043,train
14232,plan_14232,678856,train
14233,plan_14233,680096,train
14234,plan_14234,680278,train
14235,plan_14235,680358,train
14236,plan_14236,681868,train
14237,plan_14237,682851,train
14238,plan_14238,683397,train
14239,plan_14239,684482,train
14240,plan_14240,688508,train
14241,plan_14241,688956,train
14242,plan_14242,693643,train
14243,plan_14243,694731,train
14244,plan_14244,699573,train
14245,plan_14245,700534,train
14246,plan_14246,701253,train
14247,plan_14247,701949,train
14248,plan_14248,702727,train
14249,plan_14249,704596,train
14250,plan_14250,705748,train
14251,plan_14251,706794,train
14252,plan_14252,711868,train
14253,plan_14253,711878,train
14254,plan_14254,713762,train
14255,plan_14255,715551,train
14256,plan_14256,715870,train
14257,plan_14257,718213,train
14258,plan_14258,720556,train
14259,plan_14259,720644,train
14260,plan_14260,723939,train
14261,plan_14261,723948,train
14262,plan_14262,725113,train
14263,plan_14263,725969,train
14264,plan_14264,737846,train
14265,plan_14265,738720,train
14266,plan_14266,739717,train
14267,plan_14267,739966,train
14268,plan_14268,740255,train
14269,plan_14269,742039,train
14270,plan_14270,742848,train
14271,plan_14271,744333,train
14272,plan_14272,745414,train
14273,plan_14273,747453,train
14274,plan_14274,749468,train
14275,plan_14275,755674,train
14276,plan_14276,757193,train
14277,plan_14277,757246,train
14278,plan_14278,757629,train
14279,plan_14279,757685,train
14280,plan_14280,757924,train
14281,plan_14281,758589,train
14282,plan_14282,758765,train
14283,plan_14283,759104,train
14284,plan_14284,760626,train
14285,plan_14285,765678,train
14286,plan_14286,767678,train
14287,plan_14287,768169,train
14288,plan_14288,768854,train
14289,plan_14289,768891,train
14290,plan_14290,769737,train
14291,plan_14291,771590,train
14292,plan_14292,772741,train
14293,plan_14293,775981,train
14294,plan_14294,777558,train
14295,plan_14295,778428,train
14296,plan_14296,780776,train
14297,plan_14297,781403,train
14298,plan_14298,781571,train
14299,plan_14299,784607,train
14300,plan_14300,785436,train
14301,plan_14301,786385,train
14302,plan_14302,787326,train
14303,plan_14303,787923,train
14304,plan_14304,791798,train
14305,plan_14305,794622,train
14306,plan_14306,795612,train
14307,plan_14307,795928,train
14308,plan_14308,799287,train
14309,plan_14309,800305,train
14310,plan_14310,802667,train
14311,plan_14311,803787,train
14312,plan_14312,805448,train
14313,plan_14313,805511,train
14314,plan_14314,805668,train
14315,plan_14315,809570,train
14316,plan_14316,812526,train
14317,plan_14317,813328,train
14318,plan_14318,817269,train
14319,plan_14319,818605,train
14320,plan_14320,820184,train
14321,plan_14321,820892,train
14322,plan_14322,823811,train
14323,plan_14323,824042,train
14324,plan_14324,824156,train
14325,plan_14325,827120,train
14326,plan_14326,827744,train
14327,plan_14327,829884,train
14328,plan_14328,831059,train
14329,plan_14329,832052,train
14330,plan_14330,832614,train
14331,plan_14331,833247,train
14332,plan_14332,833442,train
14333,plan_14333,835901,train
14334,plan_14334,838253,train
14335,plan_14335,840058,train
14336,plan_14336,841521,train
14337,plan_14337,845279,train
14338,plan_14338,845957,train
14339,plan_14339,847581,train
14340,plan_14340,848022,train
14341,plan_14341,849747,train
14342,plan_14342,855303,train
14343,plan_14343,857168,train
14344,plan_14344,857537,train
14345,plan_14345,860053,train
14346,plan_14346,861319,train
14347,plan_14347,862400,train
14348,plan_14348,862538,train
14349,plan_14349,862712,train
14350,plan_14350,863214,train
14351,plan_14351,865179,train
14352,plan_14352,867460,train
14353,plan_14353,868043,train
14354,plan_14354,870571,train
14355,plan_14355,876513,train
14356,plan_14356,877572,train
14357,plan_14357,882354,train
14358,plan_14358,883041,train
14359,plan_14359,883618,train
14360,plan_14360,884056,train
14361,plan_14361,884309,train
14362,plan_14362,888295,train
14363,plan_14363,890170,train
14364,plan_14364,891638,train
14365,plan_14365,894139,train
14366,plan_14366,896907,train
14367,plan_14367,896922,train
14368,plan_14368,897143,train
14369,plan_14369,898207,train
14370,plan_14370,899787,train
14371,plan_14371,900441,train
14372,plan_14372,900581,train
14373,plan_14373,904214,train
14374,plan_14374,906306,train
14375,plan_14375,906814,train
14376,plan_14376,909676,train
14377,plan_14377,913373,train
14378,plan_14378,913875,train
14379,plan_14379,915809,train
14380,plan_14380,916232,train
14381,plan_14381,918011,train
14382,plan_14382,918665,train
14383,plan_14383,922974,train
14384,plan_14384,923975,train
14385,plan_14385,925013,train
14386,plan_14386,925981,train
14387,plan_14387,926236,train
14388,plan_14388,926918,train
14389,plan_14389,929130,train
14390,plan_14390,929504,train
14391,plan_14391,933551,train
14392,plan_14392,934908,train
14393,plan_14393,936433,train
14394,plan_14394,937302,train
14395,plan_14395,938338,train
14396,plan_14396,940247,train
14397,plan_14397,941204,train
14398,plan_14398,941814,train
14399,plan_14399,944151,train
14400,plan_14400,945742,train
14401,plan_14401,946432,train
14402,plan_14402,947272,train
14403,plan_14403,948799,train
14404,plan_14404,949153,train
14405,plan_14405,950360,train
14406,plan_14406,950916,train
14407,plan_14407,956572,train
14408,plan_14408,958130,train
14409,plan_14409,958179,train
14410,plan_14410,961574,train
14411,plan_14411,962050,train
14412,plan_14412,963355,train
14413,plan_14413,965401,train
14414,plan_14414,966120,train
14415,plan_14415,966785,train
14416,plan_14416,967611,train
14417,plan_14417,969032,train
14418,plan_14418,970720,train
14419,plan_14419,970813,train
14420,plan_14420,971415,train
14421,plan_14421,973294,train
14422,plan_14422,974190,train
14423,plan_14423,975136,train
14424,plan_14424,975271,train
14425,plan_14425,975467,train
14426,plan_14426,979827,train
14427,plan_14427,981334,train
14428,plan_14428,982277,train
14429,plan_14429,983456,train
14430,plan_14430,983794,train
14431,plan_14431,985447,train
14432,plan_14432,986088,train
14433,plan_14433,986392,train
14434,plan_14434,986438,train
14435,plan_14435,986827,train
14436,plan_14436,987204,train
14437,plan_14437,988456,train
14438,plan_14438,989079,train
14439,plan_14439,990429,train
14440,plan_14440,990598,train
14441,plan_14441,992247,train
14442,plan_14442,992717,train
14443,plan_14443,993085,train
14444,plan_14444,997004,train
14445,plan_14445,998348,train
