index,plan_name,graph2plan_id,source,source_index
0,plan_00000,0,train,5755
1,plan_00001,1,train,14342
2,plan_00002,4,train,11559
3,plan_00003,5,train,6384
4,plan_00004,6,train,4696
5,plan_00005,7,train,7000
6,plan_00006,8,train,2796
7,plan_00007,9,train,3117
8,plan_00008,10,train,679
9,plan_00009,11,train,7036
10,plan_00010,12,train,12341
11,plan_00011,13,train,11468
12,plan_00012,14,train,6645
13,plan_00013,15,train,878
14,plan_00014,16,train,11740
15,plan_00015,17,train,7112
16,plan_00016,18,train,13761
17,plan_00017,19,train,4517
18,plan_00018,20,test,2060
19,plan_00019,21,train,49
20,plan_00020,22,train,1478
21,plan_00021,23,train,10633
22,plan_00022,24,train,10307
23,plan_00023,25,train,90
24,plan_00024,26,train,3321
25,plan_00025,27,train,6791
26,plan_00026,28,train,10183
27,plan_00027,29,test,359
28,plan_00028,30,train,10195
29,plan_00029,31,train,2870
30,plan_00030,32,train,12052
31,plan_00031,33,train,4440
32,plan_00032,34,train,1860
33,plan_00033,35,train,4317
34,plan_00034,36,train,10938
35,plan_00035,37,train,119
36,plan_00036,38,test,855
37,plan_00037,39,test,772
38,plan_00038,40,train,10829
39,plan_00039,41,train,7167
40,plan_00040,42,train,1500
41,plan_00041,43,train,1246
42,plan_00042,44,train,8751
43,plan_00043,45,train,5216
44,plan_00044,46,test,1417
45,plan_00045,47,train,4694
46,plan_00046,48,train,11940
47,plan_00047,49,test,1690
48,plan_00048,50,train,8905
49,plan_00049,51,test,1461
50,plan_00050,52,test,2260
51,plan_00051,53,train,8969
52,plan_00052,54,test,1538
53,plan_00053,55,train,3441
54,plan_00054,56,train,643
55,plan_00055,57,train,592
56,plan_00056,58,train,2793
57,plan_00057,59,train,243
58,plan_00058,60,train,4457
59,plan_00059,61,train,4178
60,plan_00060,62,train,9721
61,plan_00061,63,train,8645
62,plan_00062,64,train,2103
63,plan_00063,65,train,13955
64,plan_00064,66,train,1274
65,plan_00065,67,train,5977
66,plan_00066,68,train,4700
67,plan_00067,69,test,1256
68,plan_00068,70,train,8213
69,plan_00069,71,train,13350
70,plan_00070,72,test,2476
71,plan_00071,73,train,4208
72,plan_00072,74,train,8190
73,plan_00073,75,train,7136
74,plan_00074,76,train,7338
75,plan_00075,77,train,8793
76,plan_00076,78,train,9723
77,plan_00077,79,train,6730
78,plan_00078,80,train,675
79,plan_00079,81,train,2248
80,plan_00080,82,train,12455
81,plan_00081,83,train,6509
82,plan_00082,84,train,5315
83,plan_00083,85,train,11016
84,plan_00084,89,train,8138
85,plan_00085,90,train,5176
86,plan_00086,91,train,5333
87,plan_00087,92,train,10482
88,plan_00088,93,train,9151
89,plan_00089,94,train,5174
90,plan_00090,95,test,117
91,plan_00091,96,test,891
92,plan_00092,97,train,2351
93,plan_00093,98,train,1238
94,plan_00094,99,test,2128
95,plan_00095,100,train,10745
96,plan_00096,101,train,262
97,plan_00097,102,train,10842
98,plan_00098,103,train,9237
99,plan_00099,104,train,2614
100,plan_00100,105,train,7952
101,plan_00101,106,train,9594
102,plan_00102,107,train,1530
103,plan_00103,108,train,12858
104,plan_00104,110,train,4071
105,plan_00105,111,train,12421
106,plan_00106,112,train,9905
107,plan_00107,113,train,2335
108,plan_00108,114,test,1847
109,plan_00109,115,train,1556
110,plan_00110,116,train,5145
111,plan_00111,117,train,13994
112,plan_00112,118,train,6292
113,plan_00113,119,train,11070
114,plan_00114,120,train,5950
115,plan_00115,121,train,10085
116,plan_00116,122,train,1551
117,plan_00117,123,test,291
118,plan_00118,124,train,7695
119,plan_00119,125,test,1728
120,plan_00120,126,test,2450
121,plan_00121,127,train,9907
122,plan_00122,128,train,7670
123,plan_00123,129,train,10478
124,plan_00124,130,train,7196
125,plan_00125,131,train,1323
126,plan_00126,132,test,1722
127,plan_00127,133,train,4748
128,plan_00128,134,test,2466
129,plan_00129,135,train,5093
130,plan_00130,136,train,6445
131,plan_00131,137,train,11484
132,plan_00132,138,train,764
133,plan_00133,139,test,368
134,plan_00134,140,train,12680
135,plan_00135,141,train,2312
136,plan_00136,142,train,12057
137,plan_00137,143,train,12614
138,plan_00138,144,train,7477
139,plan_00139,145,test,538
140,plan_00140,146,train,8280
141,plan_00141,147,test,702
142,plan_00142,148,train,12929
143,plan_00143,149,train,3507
144,plan_00144,150,train,3561
145,plan_00145,151,train,7330
146,plan_00146,152,train,4961
147,plan_00147,153,train,4507
148,plan_00148,154,train,5389
149,plan_00149,155,train,11758
150,plan_00150,156,train,889
151,plan_00151,157,train,9529
152,plan_00152,158,train,4591
153,plan_00153,159,train,12661
154,plan_00154,160,train,11641
155,plan_00155,161,train,7803
156,plan_00156,162,train,12987
157,plan_00157,163,test,1387
158,plan_00158,164,train,10980
159,plan_00159,165,train,8823
160,plan_00160,166,train,12659
161,plan_00161,167,train,4281
162,plan_00162,168,train,12821
163,plan_00163,169,test,2135
164,plan_00164,170,train,927
165,plan_00165,171,train,14409
166,plan_00166,172,train,6773
167,plan_00167,173,train,4289
168,plan_00168,174,train,13541
169,plan_00169,175,train,2459
170,plan_00170,177,train,14146
171,plan_00171,178,train,13677
172,plan_00172,179,train,12376
173,plan_00173,180,train,3789
174,plan_00174,181,train,6720
175,plan_00175,182,train,5692
176,plan_00176,183,train,2415
177,plan_00177,184,train,2659
178,plan_00178,185,test,1748
179,plan_00179,186,train,6562
180,plan_00180,187,train,11577
181,plan_00181,188,train,14119
182,plan_00182,189,train,8789
183,plan_00183,190,train,3644
184,plan_00184,191,train,6621
185,plan_00185,192,train,10248
186,plan_00186,193,train,9836
187,plan_00187,194,train,8238
188,plan_00188,195,train,9638
189,plan_00189,196,train,9722
190,plan_00190,197,train,12662
191,plan_00191,198,train,9884
192,plan_00192,199,test,271
193,plan_00193,200,train,5002
194,plan_00194,201,train,9745
195,plan_00195,202,train,6278
196,plan_00196,203,train,7158
197,plan_00197,204,train,309
198,plan_00198,205,test,2416
199,plan_00199,206,train,12679
200,plan_00200,207,train,7214
201,plan_00201,208,test,566
202,plan_00202,209,train,998
203,plan_00203,210,train,13376
204,plan_00204,211,train,8193
205,plan_00205,212,test,1450
206,plan_00206,213,test,65
207,plan_00207,214,train,5387
208,plan_00208,215,test,584
209,plan_00209,216,train,10235
210,plan_00210,217,train,5070
211,plan_00211,218,train,12426
212,plan_00212,219,test,1998
213,plan_00213,220,train,8462
214,plan_00214,221,train,5230
215,plan_00215,222,test,2455
216,plan_00216,223,train,9316
217,plan_00217,224,test,1715
218,plan_00218,225,train,13669
219,plan_00219,226,train,9494
220,plan_00220,227,train,9672
221,plan_00221,228,train,9515
222,plan_00222,229,test,1878
223,plan_00223,230,train,10979
224,plan_00224,231,train,13655
225,plan_00225,232,train,1869
226,plan_00226,233,train,14080
227,plan_00227,234,train,8979
228,plan_00228,235,train,8723
229,plan_00229,236,train,1233
230,plan_00230,237,test,2025
231,plan_00231,238,train,11532
232,plan_00232,239,train,11646
233,plan_00233,240,train,11560
234,plan_00234,241,train,2362
235,plan_00235,242,train,6323
236,plan_00236,243,train,4574
237,plan_00237,244,train,1761
238,plan_00238,245,train,2322
239,plan_00239,246,train,122
240,plan_00240,247,train,9335
241,plan_00241,248,train,4940
242,plan_00242,249,train,9467
243,plan_00243,250,train,6014
244,plan_00244,251,test,789
245,plan_00245,252,train,9048
246,plan_00246,253,train,7901
247,plan_00247,254,train,12801
248,plan_00248,255,train,13990
249,plan_00249,256,train,13373
250,plan_00250,257,train,3688
251,plan_00251,258,train,10806
252,plan_00252,259,train,4554
253,plan_00253,260,train,2361
254,plan_00254,261,train,3313
255,plan_00255,262,train,850
256,plan_00256,263,train,13480
257,plan_00257,264,test,1787
258,plan_00258,265,train,8134
259,plan_00259,266,test,530
260,plan_00260,267,train,2851
261,plan_00261,268,train,12625
262,plan_00262,269,train,9179
263,plan_00263,270,train,1015
264,plan_00264,271,train,10480
265,plan_00265,272,test,470
266,plan_00266,273,test,45
267,plan_00267,274,train,7895
268,plan_00268,275,train,14037
269,plan_00269,276,train,6223
270,plan_00270,277,train,7932
271,plan_00271,278,train,9317
272,plan_00272,279,train,8010
273,plan_00273,280,train,4
274,plan_00274,281,train,567
275,plan_00275,282,train,12706
276,plan_00276,283,train,1474
277,plan_00277,284,test,482
278,plan_00278,285,train,13559
279,plan_00279,286,train,12899
280,plan_00280,287,test,2006
281,plan_00281,288,train,14386
282,plan_00282,289,train,7122
283,plan_00283,290,test,722
284,plan_00284,291,train,871
285,plan_00285,293,train,0
286,plan_00286,294,train,9787
287,plan_00287,295,train,7753
288,plan_00288,296,train,906
289,plan_00289,297,test,859
290,plan_00290,298,train,5137
291,plan_00291,299,train,6222
292,plan_00292,301,train,10402
293,plan_00293,302,test,1970
294,plan_00294,303,train,6881
295,plan_00295,304,train,778
296,plan_00296,305,train,5020
297,plan_00297,306,train,34
298,plan_00298,307,train,2890
299,plan_00299,308,train,10262
300,plan_00300,309,train,8560
301,plan_00301,310,train,13110
302,plan_00302,311,train,935
303,plan_00303,312,train,5781
304,plan_00304,313,test,934
305,plan_00305,314,train,6404
306,plan_00306,315,train,11469
307,plan_00307,316,train,2485
308,plan_00308,317,train,4703
309,plan_00309,318,train,13238
310,plan_00310,319,train,9987
311,plan_00311,324,train,10848
312,plan_00312,325,train,443
313,plan_00313,326,train,1566
314,plan_00314,327,train,7762
315,plan_00315,328,train,10297
316,plan_00316,329,train,9694
317,plan_00317,330,train,3612
318,plan_00318,331,train,6235
319,plan_00319,332,train,3264
320,plan_00320,333,train,5933
321,plan_00321,334,train,12177
322,plan_00322,335,train,11614
323,plan_00323,336,train,1808
324,plan_00324,337,train,9420
325,plan_00325,338,train,1018
326,plan_00326,339,train,13282
327,plan_00327,340,train,12595
328,plan_00328,341,test,1791
329,plan_00329,342,train,4255
330,plan_00330,343,train,1042
331,plan_00331,344,train,12127
332,plan_00332,345,test,70
333,plan_00333,346,train,9730
334,plan_00334,347,train,9024
335,plan_00335,348,train,9263
336,plan_00336,349,train,2583
337,plan_00337,350,train,1793
338,plan_00338,351,train,4312
339,plan_00339,352,train,5751
340,plan_00340,353,train,6245
341,plan_00341,354,test,490
342,plan_00342,355,train,11212
343,plan_00343,356,train,3287
344,plan_00344,357,train,13691
345,plan_00345,358,train,9661
346,plan_00346,359,train,310
347,plan_00347,360,train,6085
348,plan_00348,361,train,452
349,plan_00349,362,train,13575
350,plan_00350,363,test,554
351,plan_00351,364,train,10401
352,plan_00352,365,test,1356
353,plan_00353,366,train,11052
354,plan_00354,367,train,14394
355,plan_00355,368,train,12224
356,plan_00356,369,train,12128
357,plan_00357,370,train,10191
358,plan_00358,371,train,11836
359,plan_00359,372,train,7097
360,plan_00360,373,train,5685
361,plan_00361,374,train,6450
362,plan_00362,375,train,6028
363,plan_00363,376,train,465
364,plan_00364,377,train,11185
365,plan_00365,378,train,12276
366,plan_00366,379,train,9571
367,plan_00367,380,train,4101
368,plan_00368,381,test,1236
369,plan_00369,382,train,361
370,plan_00370,383,train,1786
371,plan_00371,384,test,636
372,plan_00372,385,train,387
373,plan_00373,386,train,11979
374,plan_00374,387,train,8410
375,plan_00375,388,train,8034
376,plan_00376,389,train,11460
377,plan_00377,390,train,8388
378,plan_00378,392,train,8374
379,plan_00379,393,train,9413
380,plan_00380,394,train,5808
381,plan_00381,395,train,9198
382,plan_00382,396,train,10595
383,plan_00383,397,test,703
384,plan_00384,398,test,2038
385,plan_00385,399,train,13942
386,plan_00386,400,train,101
387,plan_00387,401,test,15
388,plan_00388,402,train,7979
389,plan_00389,403,train,6086
390,plan_00390,404,train,6646
391,plan_00391,405,train,14302
392,plan_00392,406,test,481
393,plan_00393,407,train,10636
394,plan_00394,408,train,3307
395,plan_00395,409,train,14248
396,plan_00396,410,train,13427
397,plan_00397,411,train,6058
398,plan_00398,412,train,1377
399,plan_00399,413,train,4918
400,plan_00400,414,train,9953
401,plan_00401,415,test,832
402,plan_00402,416,train,848
403,plan_00403,417,train,13199
404,plan_00404,418,test,1244
405,plan_00405,419,train,140
406,plan_00406,420,train,6999
407,plan_00407,421,train,7721
408,plan_00408,422,train,8564
409,plan_00409,423,train,6137
410,plan_00410,424,train,7941
411,plan_00411,425,train,9826
412,plan_00412,426,train,13447
413,plan_00413,427,train,2687
414,plan_00414,428,train,9717
415,plan_00415,431,train,11239
416,plan_00416,432,train,8258
417,plan_00417,433,train,1214
418,plan_00418,434,test,101
419,plan_00419,435,train,364
420,plan_00420,436,test,726
421,plan_00421,437,train,10502
422,plan_00422,438,train,1652
423,plan_00423,439,train,11921
424,plan_00424,440,train,2498
425,plan_00425,441,train,8916
426,plan_00426,442,train,13399
427,plan_00427,443,train,10726
428,plan_00428,444,train,1536
429,plan_00429,445,train,13913
430,plan_00430,446,train,10975
431,plan_00431,447,test,525
432,plan_00432,448,train,12329
433,plan_00433,449,train,7507
434,plan_00434,450,train,10779
435,plan_00435,451,train,7918
436,plan_00436,452,train,8804
437,plan_00437,453,test,1022
438,plan_00438,454,train,4990
439,plan_00439,455,test,2242
440,plan_00440,456,test,360
441,plan_00441,457,train,892
442,plan_00442,458,train,6584
443,plan_00443,459,train,11183
444,plan_00444,460,train,2683
445,plan_00445,461,train,4754
446,plan_00446,462,train,13649
447,plan_00447,463,train,13359
448,plan_00448,464,train,3886
449,plan_00449,465,train,1693
450,plan_00450,466,train,8341
451,plan_00451,467,train,8540
452,plan_00452,468,train,12945
453,plan_00453,469,train,882
454,plan_00454,470,test,627
455,plan_00455,471,test,2377
456,plan_00456,472,test,1777
457,plan_00457,473,train,14012
458,plan_00458,474,train,866
459,plan_00459,475,train,13791
460,plan_00460,476,train,10288
461,plan_00461,477,train,5185
462,plan_00462,480,train,8611
463,plan_00463,481,train,11208
464,plan_00464,482,test,362
465,plan_00465,483,train,1650
466,plan_00466,484,train,8794
467,plan_00467,485,train,669
468,plan_00468,486,train,1413
469,plan_00469,487,train,4217
470,plan_00470,488,train,7586
471,plan_00471,489,test,992
472,plan_00472,490,train,2481
473,plan_00473,491,train,151
474,plan_00474,492,train,4568
475,plan_00475,493,train,7610
476,plan_00476,494,test,1615
477,plan_00477,495,train,3486
478,plan_00478,496,test,1526
479,plan_00479,497,train,5952
480,plan_00480,498,train,11311
481,plan_00481,501,train,10015
482,plan_00482,502,train,9633
483,plan_00483,503,train,1996
484,plan_00484,504,train,11418
485,plan_00485,505,train,12877
486,plan_00486,506,train,3261
487,plan_00487,507,test,974
488,plan_00488,508,train,11776
489,plan_00489,509,train,619
490,plan_00490,510,train,11833
491,plan_00491,511,train,5210
492,plan_00492,512,train,1276
493,plan_00493,513,test,1885
494,plan_00494,514,train,11743
495,plan_00495,515,test,1158
496,plan_00496,516,train,5447
497,plan_00497,517,train,10622
498,plan_00498,518,test,44
499,plan_00499,519,train,1129
500,plan_00500,520,train,14343
501,plan_00501,521,train,10141
502,plan_00502,522,test,86
503,plan_00503,523,train,14359
504,plan_00504,524,train,9394
505,plan_00505,525,train,5409
506,plan_00506,526,train,6088
507,plan_00507,527,train,8025
508,plan_00508,528,train,1628
509,plan_00509,529,train,12721
510,plan_00510,530,train,13809
511,plan_00511,531,train,8844
512,plan_00512,532,train,10173
513,plan_00513,533,train,7842
514,plan_00514,534,train,6700
515,plan_00515,535,train,3273
516,plan_00516,536,train,3826
517,plan_00517,537,train,4188
518,plan_00518,538,test,1305
519,plan_00519,539,train,4836
520,plan_00520,540,train,11497
521,plan_00521,541,train,5523
522,plan_00522,542,train,11514
523,plan_00523,543,train,11961
524,plan_00524,544,train,752
525,plan_00525,545,train,8499
526,plan_00526,546,train,7992
527,plan_00527,547,train,5265
528,plan_00528,548,train,13295
529,plan_00529,549,train,869
530,plan_00530,550,test,1435
531,plan_00531,551,test,1759
532,plan_00532,552,train,5738
533,plan_00533,553,train,2148
534,plan_00534,554,train,5913
535,plan_00535,555,train,2237
536,plan_00536,556,train,7950
537,plan_00537,557,train,10543
538,plan_00538,558,train,1141
539,plan_00539,559,test,1530
540,plan_00540,560,train,13459
541,plan_00541,561,train,11886
542,plan_00542,562,train,14220
543,plan_00543,563,train,2324
544,plan_00544,564,train,7587
545,plan_00545,565,train,13932
546,plan_00546,566,train,13925
547,plan_00547,567,train,13200
548,plan_00548,568,train,7105
549,plan_00549,569,test,861
550,plan_00550,570,test,467
551,plan_00551,571,train,5598
552,plan_00552,572,train,1915
553,plan_00553,573,train,5671
554,plan_00554,574,train,10052
555,plan_00555,575,train,5532
556,plan_00556,576,test,1741
557,plan_00557,577,train,11380
558,plan_00558,578,train,5201
559,plan_00559,579,train,12720
560,plan_00560,580,train,12754
561,plan_00561,581,train,8667
562,plan_00562,582,train,879
563,plan_00563,583,train,3728
564,plan_00564,584,train,1894
565,plan_00565,585,train,8112
566,plan_00566,586,test,1004
567,plan_00567,587,train,13360
568,plan_00568,588,test,2523
569,plan_00569,591,train,11917
570,plan_00570,592,train,6575
571,plan_00571,593,train,13026
572,plan_00572,594,train,3139
573,plan_00573,595,train,8681
574,plan_00574,596,train,2370
575,plan_00575,597,train,6974
576,plan_00576,598,train,5735
577,plan_00577,599,train,13793
578,plan_00578,600,train,12010
579,plan_00579,601,train,10522
580,plan_00580,602,train,13394
581,plan_00581,603,train,5244
582,plan_00582,604,train,11892
583,plan_00583,605,train,2321
584,plan_00584,606,train,8110
585,plan_00585,607,train,11372
586,plan_00586,608,train,4383
587,plan_00587,609,train,14189
588,plan_00588,610,train,11522
589,plan_00589,611,train,12503
590,plan_00590,612,test,491
591,plan_00591,613,train,9997
592,plan_00592,614,train,8217
593,plan_00593,615,train,6048
594,plan_00594,616,train,4446
595,plan_00595,617,train,14332
596,plan_00596,618,train,9026
597,plan_00597,619,train,12379
598,plan_00598,620,test,1379
599,plan_00599,621,train,10689
600,plan_00600,622,train,10590
601,plan_00601,623,test,340
602,plan_00602,624,test,846
603,plan_00603,625,test,676
604,plan_00604,626,train,91
605,plan_00605,627,train,9013
606,plan_00606,628,test,1651
607,plan_00607,629,train,6697
608,plan_00608,630,test,1383
609,plan_00609,631,train,6184
610,plan_00610,632,train,11018
611,plan_00611,633,train,8439
612,plan_00612,634,train,115
613,plan_00613,635,train,7056
614,plan_00614,636,train,10536
615,plan_00615,637,train,1951
616,plan_00616,638,train,13998
617,plan_00617,639,train,12789
618,plan_00618,640,test,1685
619,plan_00619,641,test,176
620,plan_00620,642,train,8586
621,plan_00621,643,train,12990
622,plan_00622,644,train,4750
623,plan_00623,645,train,10760
624,plan_00624,646,train,7612
625,plan_00625,647,train,10537
626,plan_00626,648,train,10249
627,plan_00627,649,train,2528
628,plan_00628,650,train,11030
629,plan_00629,651,train,2884
630,plan_00630,652,test,1735
631,plan_00631,653,train,9683
632,plan_00632,654,train,7268
633,plan_00633,655,train,5129
634,plan_00634,656,train,9077
635,plan_00635,657,test,2399
636,plan_00636,658,train,985
637,plan_00637,659,train,2291
638,plan_00638,660,train,5570
639,plan_00639,661,test,879
640,plan_00640,662,train,13914
641,plan_00641,663,train,12527
642,plan_00642,664,train,11967
643,plan_00643,665,train,14346
644,plan_00644,666,train,4469
645,plan_00645,667,train,6133
646,plan_00646,668,train,1358
647,plan_00647,669,train,10970
648,plan_00648,670,train,6854
649,plan_00649,671,train,249
650,plan_00650,672,test,487
651,plan_00651,673,train,3716
652,plan_00652,674,test,1340
653,plan_00653,675,test,516
654,plan_00654,676,train,12075
655,plan_00655,677,train,9182
656,plan_00656,678,train,11925
657,plan_00657,679,train,10411
658,plan_00658,680,train,9255
659,plan_00659,681,train,9755
660,plan_00660,682,train,12292
661,plan_00661,683,train,10474
662,plan_00662,684,train,11427
663,plan_00663,685,train,12422
664,plan_00664,686,train,3270
665,plan_00665,687,train,13826
666,plan_00666,688,test,264
667,plan_00667,689,train,929
668,plan_00668,690,test,837
669,plan_00669,691,train,3202
670,plan_00670,692,train,2660
671,plan_00671,693,train,1295
672,plan_00672,694,train,12702
673,plan_00673,695,test,2094
674,plan_00674,696,train,9583
675,plan_00675,697,train,8249
676,plan_00676,698,train,5223
677,plan_00677,699,train,789
678,plan_00678,700,train,1835
679,plan_00679,701,train,8580
680,plan_00680,702,train,6689
681,plan_00681,703,test,656
682,plan_00682,704,train,1988
683,plan_00683,705,test,2422
684,plan_00684,706,train,12577
685,plan_00685,707,train,3512
686,plan_00686,708,train,6271
687,plan_00687,709,test,250
688,plan_00688,710,train,9919
689,plan_00689,711,train,3218
690,plan_00690,712,train,2840
691,plan_00691,713,train,7380
692,plan_00692,714,train,8915
693,plan_00693,715,train,3319
694,plan_00694,716,train,10607
695,plan_00695,717,train,9195
696,plan_00696,718,train,4904
697,plan_00697,719,train,3083
698,plan_00698,720,train,10648
699,plan_00699,721,test,2409
700,plan_00700,722,train,1717
701,plan_00701,723,train,12733
702,plan_00702,724,train,5758
703,plan_00703,725,train,11245
704,plan_00704,727,train,11171
705,plan_00705,728,train,14309
706,plan_00706,729,train,8903
707,plan_00707,730,test,262
708,plan_00708,731,train,3531
709,plan_00709,732,test,917
710,plan_00710,733,test,1410
711,plan_00711,734,train,8182
712,plan_00712,735,train,1379
713,plan_00713,736,train,7252
714,plan_00714,737,train,4527
715,plan_00715,738,train,5089
716,plan_00716,739,train,3394
717,plan_00717,740,train,3756
718,plan_00718,741,train,13686
719,plan_00719,742,train,11556
720,plan_00720,743,train,4543
721,plan_00721,744,train,2642
722,plan_00722,745,train,7558
723,plan_00723,746,train,772
724,plan_00724,747,train,6895
725,plan_00725,748,train,8933
726,plan_00726,749,train,8281
727,plan_00727,750,test,2264
728,plan_00728,752,test,1896
729,plan_00729,753,train,10953
730,plan_00730,754,train,13825
731,plan_00731,755,train,7143
732,plan_00732,756,train,5805
733,plan_00733,757,train,10932
734,plan_00734,758,train,7719
735,plan_00735,759,train,13853
736,plan_00736,760,train,9981
737,plan_00737,761,train,7967
738,plan_00738,762,train,2123
739,plan_00739,763,train,8658
740,plan_00740,764,train,9816
741,plan_00741,765,test,1374
742,plan_00742,766,train,3455
743,plan_00743,767,train,5920
744,plan_00744,769,train,10381
745,plan_00745,770,train,13030
746,plan_00746,771,train,5330
747,plan_00747,772,train,2908
748,plan_00748,773,train,4705
749,plan_00749,774,test,2243
750,plan_00750,775,train,10516
751,plan_00751,776,train,13286
752,plan_00752,777,train,4777
753,plan_00753,778,train,11254
754,plan_00754,780,train,7957
755,plan_00755,781,train,5308
756,plan_00756,782,train,3703
757,plan_00757,783,train,320
758,plan_00758,784,test,813
759,plan_00759,785,train,10227
760,plan_00760,786,train,6248
761,plan_00761,787,train,10274
762,plan_00762,788,test,410
763,plan_00763,789,train,4921
764,plan_00764,790,train,6576
765,plan_00765,791,train,12387
766,plan_00766,792,train,11471
767,plan_00767,793,train,4639
768,plan_00768,794,train,8117
769,plan_00769,795,train,6560
770,plan_00770,796,train,8089
771,plan_00771,797,train,5390
772,plan_00772,798,train,11044
773,plan_00773,799,train,9572
774,plan_00774,800,train,14335
775,plan_00775,801,train,3657
776,plan_00776,802,train,8876
777,plan_00777,803,train,5863
778,plan_00778,804,train,2945
779,plan_00779,805,test,2259
780,plan_00780,806,train,7331
781,plan_00781,807,train,6953
782,plan_00782,808,train,8348
783,plan_00783,809,train,7444
784,plan_00784,810,train,12270
785,plan_00785,811,train,10732
786,plan_00786,812,train,7767
787,plan_00787,813,train,11987
788,plan_00788,814,train,10264
789,plan_00789,815,train,7592
790,plan_00790,816,train,13866
791,plan_00791,817,test,2222
792,plan_00792,818,test,463
793,plan_00793,819,train,3689
794,plan_00794,820,train,12690
795,plan_00795,821,train,7838
796,plan_00796,822,train,12815
797,plan_00797,823,test,867
798,plan_00798,824,train,1882
799,plan_00799,825,train,10799
800,plan_00800,826,train,8075
801,plan_00801,827,train,19
802,plan_00802,828,train,8776
803,plan_00803,829,train,7217
804,plan_00804,830,train,2542
805,plan_00805,831,train,4781
806,plan_00806,832,train,7120
807,plan_00807,833,train,3383
808,plan_00808,834,train,8434
809,plan_00809,835,train,5277
810,plan_00810,836,train,5247
811,plan_00811,837,test,2188
812,plan_00812,838,train,10220
813,plan_00813,839,train,3521
814,plan_00814,840,train,10855
815,plan_00815,841,train,4331
816,plan_00816,842,train,10090
817,plan_00817,843,train,10333
818,plan_00818,844,train,3695
819,plan_00819,845,train,6030
820,plan_00820,846,train,1152
821,plan_00821,847,train,5579
822,plan_00822,848,train,8869
823,plan_00823,849,train,11419
824,plan_00824,850,test,120
825,plan_00825,851,train,8291
826,plan_00826,852,train,11754
827,plan_00827,853,train,13265
828,plan_00828,854,train,10611
829,plan_00829,855,train,4531
830,plan_00830,856,train,10826
831,plan_00831,857,test,908
832,plan_00832,858,train,3598
833,plan_00833,859,train,4476
834,plan_00834,860,train,6538
835,plan_00835,861,train,8513
836,plan_00836,862,train,10438
837,plan_00837,863,train,10003
838,plan_00838,864,train,9839
839,plan_00839,865,train,3239
840,plan_00840,866,train,8561
841,plan_00841,867,train,11950
842,plan_00842,868,train,8596
843,plan_00843,869,test,549
844,plan_00844,870,train,5018
845,plan_00845,871,test,64
846,plan_00846,872,test,814
847,plan_00847,873,train,1481
848,plan_00848,874,train,11062
849,plan_00849,875,train,12146
850,plan_00850,876,train,9699
851,plan_00851,877,train,10575
852,plan_00852,878,test,725
853,plan_00853,879,train,1492
854,plan_00854,880,test,662
855,plan_00855,881,train,1171
856,plan_00856,882,train,7201
857,plan_00857,883,train,6126
858,plan_00858,884,train,6634
859,plan_00859,885,train,14154
860,plan_00860,886,train,2068
861,plan_00861,887,test,1545
862,plan_00862,888,train,13699
863,plan_00863,889,train,9137
864,plan_00864,890,train,13424
865,plan_00865,891,train,8367
866,plan_00866,892,train,9711
867,plan_00867,893,train,11529
868,plan_00868,894,test,986
869,plan_00869,895,train,12234
870,plan_00870,896,train,3384
871,plan_00871,897,train,2869
872,plan_00872,898,train,7360
873,plan_00873,899,train,12328
874,plan_00874,901,train,1241
875,plan_00875,902,train,356
876,plan_00876,903,train,4027
877,plan_00877,904,train,1408
878,plan_00878,905,test,2391
879,plan_00879,906,train,12432
880,plan_00880,907,train,2099
881,plan_00881,908,test,409
882,plan_00882,909,train,12308
883,plan_00883,910,test,1557
884,plan_00884,911,train,2538
885,plan_00885,912,train,7768
886,plan_00886,913,train,12225
887,plan_00887,914,train,1471
888,plan_00888,915,train,3558
889,plan_00889,916,train,6342
890,plan_00890,917,train,3613
891,plan_00891,918,train,12627
892,plan_00892,919,train,832
893,plan_00893,920,train,14281
894,plan_00894,921,train,9931
895,plan_00895,922,train,7324
896,plan_00896,923,train,4154
897,plan_00897,924,train,7860
898,plan_00898,925,train,12016
899,plan_00899,926,train,6534
900,plan_00900,927,train,12362
901,plan_00901,928,train,10710
902,plan_00902,929,train,5767
903,plan_00903,930,train,1435
904,plan_00904,931,train,13507
905,plan_00905,932,test,767
906,plan_00906,933,train,1444
907,plan_00907,934,train,2975
908,plan_00908,935,test,130
909,plan_00909,936,train,3424
910,plan_00910,937,train,3203
911,plan_00911,938,train,12496
912,plan_00912,939,test,666
913,plan_00913,940,train,11295
914,plan_00914,941,train,2750
915,plan_00915,942,train,9626
916,plan_00916,943,train,2596
917,plan_00917,944,train,6204
918,plan_00918,945,train,1487
919,plan_00919,946,train,9120
920,plan_00920,947,train,2427
921,plan_00921,948,train,6441
922,plan_00922,949,test,815
923,plan_00923,950,train,12332
924,plan_00924,951,train,10981
925,plan_00925,952,train,8879
926,plan_00926,953,train,1574
927,plan_00927,954,train,13149
928,plan_00928,955,train,12916
929,plan_00929,956,train,6218
930,plan_00930,957,test,2443
931,plan_00931,958,train,4707
932,plan_00932,959,train,9440
933,plan_00933,960,train,9972
934,plan_00934,961,train,2620
935,plan_00935,962,train,7280
936,plan_00936,963,train,6687
937,plan_00937,964,train,9023
938,plan_00938,965,train,2625
939,plan_00939,966,train,3782
940,plan_00940,967,train,13758
941,plan_00941,968,train,636
942,plan_00942,969,train,13100
943,plan_00943,970,train,6317
944,plan_00944,971,train,124
945,plan_00945,972,train,10182
946,plan_00946,973,train,6249
947,plan_00947,974,train,6227
948,plan_00948,975,train,7543
949,plan_00949,976,train,5469
950,plan_00950,977,test,2299
951,plan_00951,978,test,2388
952,plan_00952,979,train,3449
953,plan_00953,980,train,5772
954,plan_00954,981,train,415
955,plan_00955,982,train,9383
956,plan_00956,983,test,2548
957,plan_00957,984,train,7624
958,plan_00958,985,train,6842
959,plan_00959,986,train,11048
960,plan_00960,987,train,13081
961,plan_00961,988,test,2221
962,plan_00962,989,train,11444
963,plan_00963,990,train,4958
964,plan_00964,991,train,13495
965,plan_00965,992,train,10869
966,plan_00966,993,train,7720
967,plan_00967,994,train,5331
968,plan_00968,995,train,714
969,plan_00969,996,train,12925
970,plan_00970,997,train,7594
971,plan_00971,998,train,12833
972,plan_00972,999,train,1239
973,plan_00973,1000,test,82
974,plan_00974,1001,train,3852
975,plan_00975,1002,train,10802
976,plan_00976,1003,train,9832
977,plan_00977,1004,test,2178
978,plan_00978,1005,test,923
979,plan_00979,1006,test,1820
980,plan_00980,1007,train,1069
981,plan_00981,1008,train,8126
982,plan_00982,1009,train,10407
983,plan_00983,1011,train,35
984,plan_00984,1012,train,987
985,plan_00985,1013,train,12903
986,plan_00986,1014,train,4142
987,plan_00987,1015,train,3566
988,plan_00988,1016,train,10305
989,plan_00989,1017,train,4790
990,plan_00990,1018,train,10831
991,plan_00991,1019,train,5801
992,plan_00992,1020,train,6131
993,plan_00993,1021,train,1391
994,plan_00994,1022,test,305
995,plan_00995,1023,train,10319
996,plan_00996,1024,train,9287
997,plan_00997,1025,train,8153
998,plan_00998,1026,train,588
999,plan_00999,1027,train,4442
1000,plan_01000,1028,train,4857
1001,plan_01001,1029,train,7256
1002,plan_01002,1030,train,12804
1003,plan_01003,1031,train,3254
1004,plan_01004,1032,train,14187
1005,plan_01005,1033,test,679
1006,plan_01006,1034,train,10404
1007,plan_01007,1035,train,11142
1008,plan_01008,1036,train,11395
1009,plan_01009,1037,test,1047
1010,plan_01010,1038,train,7690
1011,plan_01011,1039,train,1179
1012,plan_01012,1040,train,11989
1013,plan_01013,1041,train,7815
1014,plan_01014,1042,test,1500
1015,plan_01015,1043,train,10385
1016,plan_01016,1044,train,10122
1017,plan_01017,1045,train,5388
1018,plan_01018,1046,train,6733
1019,plan_01019,1047,train,2142
1020,plan_01020,1048,test,166
1021,plan_01021,1049,train,14229
1022,plan_01022,1050,train,10971
1023,plan_01023,1051,train,6064
1024,plan_01024,1052,train,2899
1025,plan_01025,1053,train,5744
1026,plan_01026,1054,train,9616
1027,plan_01027,1055,test,1891
1028,plan_01028,1056,train,11589
1029,plan_01029,1057,train,6080
1030,plan_01030,1058,train,1112
1031,plan_01031,1059,train,7686
1032,plan_01032,1060,train,4026
1033,plan_01033,1061,train,12251
1034,plan_01034,1062,train,5423
1035,plan_01035,1063,train,7251
1036,plan_01036,1064,train,9030
1037,plan_01037,1065,train,12289
1038,plan_01038,1066,train,8234
1039,plan_01039,1067,test,1772
1040,plan_01040,1068,train,1726
1041,plan_01041,1069,train,12265
1042,plan_01042,1070,train,2753
1043,plan_01043,1071,train,10386
1044,plan_01044,1072,train,302
1045,plan_01045,1073,train,1044
1046,plan_01046,1074,train,13070
1047,plan_01047,1075,train,6050
1048,plan_01048,1076,train,2645
1049,plan_01049,1077,train,639
1050,plan_01050,1078,train,4269
1051,plan_01051,1079,train,10854
1052,plan_01052,1080,train,8624
1053,plan_01053,1081,train,4991
1054,plan_01054,1082,train,6569
1055,plan_01055,1083,train,6901
1056,plan_01056,1084,train,12262
1057,plan_01057,1085,train,6825
1058,plan_01058,1086,train,6704
1059,plan_01059,1087,train,1601
1060,plan_01060,1088,train,1133
1061,plan_01061,1089,train,9300
1062,plan_01062,1090,train,2701
1063,plan_01063,1091,train,13613
1064,plan_01064,1092,train,3977
1065,plan_01065,1093,train,3655
1066,plan_01066,1094,train,3025
1067,plan_01067,1095,train,10658
1068,plan_01068,1096,train,1836
1069,plan_01069,1097,train,8612
1070,plan_01070,1098,train,12909
1071,plan_01071,1099,train,2150
1072,plan_01072,1100,train,14347
1073,plan_01073,1101,train,12194
1074,plan_01074,1102,train,2934
1075,plan_01075,1103,train,383
1076,plan_01076,1104,train,12221
1077,plan_01077,1105,test,1981
1078,plan_01078,1106,train,8872
1079,plan_01079,1107,train,12201
1080,plan_01080,1108,test,2171
1081,plan_01081,1109,train,4608
1082,plan_01082,1110,train,6735
1083,plan_01083,1111,train,8743
1084,plan_01084,1112,train,9090
1085,plan_01085,1114,train,8240
1086,plan_01086,1115,test,1595
1087,plan_01087,1116,test,414
1088,plan_01088,1117,test,225
1089,plan_01089,1118,train,12465
1090,plan_01090,1119,test,1239
1091,plan_01091,1120,train,10709
1092,plan_01092,1121,train,10982
1093,plan_01093,1122,train,13702
1094,plan_01094,1123,train,3181
1095,plan_01095,1124,train,1531
1096,plan_01096,1125,train,7059
1097,plan_01097,1126,train,6812
1098,plan_01098,1127,train,4475
1099,plan_01099,1128,train,596
1100,plan_01100,1129,train,12170
1101,plan_01101,1130,train,10518
1102,plan_01102,1131,train,7820
1103,plan_01103,1132,train,3419
1104,plan_01104,1133,train,2283
1105,plan_01105,1134,test,2532
1106,plan_01106,1135,train,6301
1107,plan_01107,1136,train,13315
1108,plan_01108,1137,train,3120
1109,plan_01109,1138,train,13632
1110,plan_01110,1139,train,4311
1111,plan_01111,1140,train,9493
1112,plan_01112,1141,test,1087
1113,plan_01113,1142,test,507
1114,plan_01114,1143,train,10043
1115,plan_01115,1144,train,13988
1116,plan_01116,1145,train,5012
1117,plan_01117,1146,train,4314
1118,plan_01118,1147,train,4938
1119,plan_01119,1148,train,12732
1120,plan_01120,1149,train,9459
1121,plan_01121,1150,train,2923
1122,plan_01122,1151,train,9055
1123,plan_01123,1153,test,1512
1124,plan_01124,1154,train,7534
1125,plan_01125,1155,train,9059
1126,plan_01126,1156,train,5055
1127,plan_01127,1157,train,1304
1128,plan_01128,1158,train,3903
1129,plan_01129,1159,test,2233
1130,plan_01130,1160,train,11523
1131,plan_01131,1161,train,10290
1132,plan_01132,1162,train,1482
1133,plan_01133,1163,train,3334
1134,plan_01134,1164,train,2296
1135,plan_01135,1165,train,9693
1136,plan_01136,1166,train,11818
1137,plan_01137,1167,train,555
1138,plan_01138,1168,train,8252
1139,plan_01139,1169,train,2012
1140,plan_01140,1170,train,8215
1141,plan_01141,1171,train,12651
1142,plan_01142,1172,train,2501
1143,plan_01143,1173,test,234
1144,plan_01144,1174,test,1888
1145,plan_01145,1175,test,1604
1146,plan_01146,1176,train,12671
1147,plan_01147,1177,train,2724
1148,plan_01148,1178,test,801
1149,plan_01149,1179,train,11475
1150,plan_01150,1180,train,7300
1151,plan_01151,1181,train,4216
1152,plan_01152,1182,train,7758
1153,plan_01153,1183,train,3639
1154,plan_01154,1184,train,6397
1155,plan_01155,1185,train,8064
1156,plan_01156,1186,train,12696
1157,plan_01157,1187,train,9588
1158,plan_01158,1188,train,9084
1159,plan_01159,1189,train,11193
1160,plan_01160,1190,train,2209
1161,plan_01161,1191,train,11218
1162,plan_01162,1192,train,13549
1163,plan_01163,1193,train,3762
1164,plan_01164,1194,test,434
1165,plan_01165,1195,train,10978
1166,plan_01166,1196,train,3911
1167,plan_01167,1197,train,7150
1168,plan_01168,1198,train,68
1169,plan_01169,1199,train,5194
1170,plan_01170,1200,train,2343
1171,plan_01171,1201,train,13175
1172,plan_01172,1202,train,9821
1173,plan_01173,1203,train,3390
1174,plan_01174,1204,train,9121
1175,plan_01175,1205,train,5624
1176,plan_01176,1206,train,1630
1177,plan_01177,1207,train,14425
1178,plan_01178,1208,test,1082
1179,plan_01179,1209,train,8554
1180,plan_01180,1210,train,1956
1181,plan_01181,1211,test,415
1182,plan_01182,1212,train,13821
1183,plan_01183,1213,train,13067
1184,plan_01184,1214,train,8323
1185,plan_01185,1215,train,9341
1186,plan_01186,1216,test,195
1187,plan_01187,1217,train,3594
1188,plan_01188,1218,train,923
1189,plan_01189,1219,train,10218
1190,plan_01190,1220,train,3086
1191,plan_01191,1221,train,4792
1192,plan_01192,1222,train,14237
1193,plan_01193,1223,train,6432
1194,plan_01194,1224,train,926
1195,plan_01195,1225,train,8118
1196,plan_01196,1226,train,9112
1197,plan_01197,1227,train,10944
1198,plan_01198,1228,train,11521
1199,plan_01199,1229,train,5621
1200,plan_01200,1230,train,6125
1201,plan_01201,1231,test,2010
1202,plan_01202,1232,train,9238
1203,plan_01203,1233,train,4334
1204,plan_01204,1234,train,10670
1205,plan_01205,1235,train,2451
1206,plan_01206,1236,train,42
1207,plan_01207,1237,train,13158
1208,plan_01208,1238,train,10610
1209,plan_01209,1239,train,12824
1210,plan_01210,1240,train,13018
1211,plan_01211,1241,train,14207
1212,plan_01212,1242,train,2319
1213,plan_01213,1243,train,2540
1214,plan_01214,1244,train,14067
1215,plan_01215,1245,test,943
1216,plan_01216,1246,train,4825
1217,plan_01217,1247,test,1928
1218,plan_01218,1248,train,4201
1219,plan_01219,1249,train,3606
1220,plan_01220,1250,test,160
1221,plan_01221,1251,train,10007
1222,plan_01222,1252,train,4797
1223,plan_01223,1253,train,861
1224,plan_01224,1254,train,12236
1225,plan_01225,1255,train,1705
1226,plan_01226,1256,train,12032
1227,plan_01227,1257,train,1414
1228,plan_01228,1258,test,1656
1229,plan_01229,1259,train,2691
1230,plan_01230,1260,train,9507
1231,plan_01231,1261,train,12307
1232,plan_01232,1262,train,13293
1233,plan_01233,1263,train,10169
1234,plan_01234,1264,train,10509
1235,plan_01235,1265,train,1499
1236,plan_01236,1266,test,1226
1237,plan_01237,1267,train,13587
1238,plan_01238,1268,train,3770
1239,plan_01239,1269,train,9432
1240,plan_01240,1270,train,7207
1241,plan_01241,1271,test,1231
1242,plan_01242,1272,train,2947
1243,plan_01243,1273,train,6412
1244,plan_01244,1274,train,8500
1245,plan_01245,1275,train,6932
1246,plan_01246,1276,train,459
1247,plan_01247,1277,test,1170
1248,plan_01248,1278,train,6518
1249,plan_01249,1279,train,14163
1250,plan_01250,1280,train,12560
1251,plan_01251,1281,train,12887
1252,plan_01252,1282,train,11579
1253,plan_01253,1283,train,1667
1254,plan_01254,1284,train,8303
1255,plan_01255,1285,train,13621
1256,plan_01256,1286,train,10176
1257,plan_01257,1287,test,21
1258,plan_01258,1288,test,1529
1259,plan_01259,1289,train,10144
1260,plan_01260,1290,train,13887
1261,plan_01261,1291,train,4751
1262,plan_01262,1292,train,5753
1263,plan_01263,1293,test,603
1264,plan_01264,1294,test,1016
1265,plan_01265,1295,train,725
1266,plan_01266,1296,train,11719
1267,plan_01267,1297,train,8998
1268,plan_01268,1298,train,12580
1269,plan_01269,1299,train,14284
1270,plan_01270,1300,train,8989
1271,plan_01271,1301,train,481
1272,plan_01272,1302,train,10652
1273,plan_01273,1303,train,13945
1274,plan_01274,1304,train,510
1275,plan_01275,1305,train,5908
1276,plan_01276,1306,train,2576
1277,plan_01277,1307,train,157
1278,plan_01278,1308,train,12908
1279,plan_01279,1309,train,1560
1280,plan_01280,1310,train,8838
1281,plan_01281,1311,train,6851
1282,plan_01282,1312,train,6955
1283,plan_01283,1313,train,5539
1284,plan_01284,1314,test,2354
1285,plan_01285,1315,train,11450
1286,plan_01286,1316,train,408
1287,plan_01287,1317,train,14160
1288,plan_01288,1318,train,7795
1289,plan_01289,1319,train,5960
1290,plan_01290,1320,train,1146
1291,plan_01291,1321,train,14296
1292,plan_01292,1322,train,6129
1293,plan_01293,1323,test,1053
1294,plan_01294,1326,train,11825
1295,plan_01295,1327,train,8507
1296,plan_01296,1328,train,6431
1297,plan_01297,1329,train,9750
1298,plan_01298,1330,train,6251
1299,plan_01299,1331,train,4392
1300,plan_01300,1332,train,12726
1301,plan_01301,1333,train,9202
1302,plan_01302,1334,train,7263
1303,plan_01303,1335,train,12245
1304,plan_01304,1336,train,13981
1305,plan_01305,1337,train,10868
1306,plan_01306,1338,train,803
1307,plan_01307,1339,test,1392
1308,plan_01308,1340,train,7655
1309,plan_01309,1341,test,606
1310,plan_01310,1342,train,13651
1311,plan_01311,1343,train,3315
1312,plan_01312,1344,train,11722
1313,plan_01313,1345,train,2928
1314,plan_01314,1346,train,10968
1315,plan_01315,1347,train,2619
1316,plan_01316,1348,train,6240
1317,plan_01317,1349,train,340
1318,plan_01318,1350,train,11080
1319,plan_01319,1351,train,790
1320,plan_01320,1352,train,7506
1321,plan_01321,1353,train,4722
1322,plan_01322,1354,train,3794
1323,plan_01323,1355,train,163
1324,plan_01324,1356,train,3556
1325,plan_01325,1357,train,7116
1326,plan_01326,1358,train,3330
1327,plan_01327,1359,test,2474
1328,plan_01328,1360,train,3775
1329,plan_01329,1361,train,6350
1330,plan_01330,1362,train,11010
1331,plan_01331,1363,train,9799
1332,plan_01332,1364,test,412
1333,plan_01333,1365,train,10985
1334,plan_01334,1366,train,236
1335,plan_01335,1367,train,2800
1336,plan_01336,1368,train,4794
1337,plan_01337,1369,train,368
1338,plan_01338,1370,train,12569
1339,plan_01339,1371,train,10212
1340,plan_01340,1372,train,12149
1341,plan_01341,1373,train,10237
1342,plan_01342,1374,test,638
1343,plan_01343,1375,train,273
1344,plan_01344,1376,train,2288
1345,plan_01345,1377,test,279
1346,plan_01346,1378,train,5617
1347,plan_01347,1379,train,8807
1348,plan_01348,1380,train,5295
1349,plan_01349,1381,train,1106
1350,plan_01350,1382,test,2229
1351,plan_01351,1383,train,11270
1352,plan_01352,1384,train,1619
1353,plan_01353,1385,train,5795
1354,plan_01354,1386,train,3003
1355,plan_01355,1387,train,7738
1356,plan_01356,1388,train,1008
1357,plan_01357,1389,train,1330
1358,plan_01358,1390,test,2372
1359,plan_01359,1391,train,3252
1360,plan_01360,1392,train,8257
1361,plan_01361,1393,train,5436
1362,plan_01362,1394,train,6514
1363,plan_01363,1395,train,921
1364,plan_01364,1396,train,4200
1365,plan_01365,1397,test,793
1366,plan_01366,1398,train,7026
1367,plan_01367,1399,train,10891
1368,plan_01368,1400,train,11040
1369,plan_01369,1401,train,13174
1370,plan_01370,1402,train,2731
1371,plan_01371,1404,test,1648
1372,plan_01372,1405,test,435
1373,plan_01373,1406,test,2167
1374,plan_01374,1408,train,7148
1375,plan_01375,1409,test,1311
1376,plan_01376,1410,train,2224
1377,plan_01377,1411,train,4584
1378,plan_01378,1412,train,13824
1379,plan_01379,1413,train,3539
1380,plan_01380,1414,train,7447
1381,plan_01381,1415,train,7589
1382,plan_01382,1416,train,5964
1383,plan_01383,1417,train,5004
1384,plan_01384,1418,train,6211
1385,plan_01385,1419,train,10678
1386,plan_01386,1420,train,6108
1387,plan_01387,1421,train,6052
1388,plan_01388,1422,test,1025
1389,plan_01389,1423,train,10912
1390,plan_01390,1424,test,275
1391,plan_01391,1425,train,9344
1392,plan_01392,1426,train,9790
1393,plan_01393,1427,train,11173
1394,plan_01394,1428,train,2811
1395,plan_01395,1429,train,2265
1396,plan_01396,1430,train,3201
1397,plan_01397,1431,train,12744
1398,plan_01398,1432,train,6792
1399,plan_01399,1433,test,889
1400,plan_01400,1434,train,484
1401,plan_01401,1435,train,12160
1402,plan_01402,1436,train,2244
1403,plan_01403,1437,train,11440
1404,plan_01404,1438,train,7778
1405,plan_01405,1439,test,848
1406,plan_01406,1440,test,518
1407,plan_01407,1441,test,1993
1408,plan_01408,1442,train,2380
1409,plan_01409,1443,train,9686
1410,plan_01410,1444,train,8509
1411,plan_01411,1445,train,5992
1412,plan_01412,1446,train,4499
1413,plan_01413,1447,train,10028
1414,plan_01414,1448,test,1832
1415,plan_01415,1449,train,9740
1416,plan_01416,1451,test,933
1417,plan_01417,1452,train,13325
1418,plan_01418,1453,train,1587
1419,plan_01419,1454,train,1884
1420,plan_01420,1455,test,869
1421,plan_01421,1456,train,1509
1422,plan_01422,1457,train,9310
1423,plan_01423,1458,train,8708
1424,plan_01424,1459,train,6294
1425,plan_01425,1460,train,12796
1426,plan_01426,1461,train,7358
1427,plan_01427,1462,train,10827
1428,plan_01428,1463,train,4478
1429,plan_01429,1464,train,2426
1430,plan_01430,1465,train,8798
1431,plan_01431,1466,train,3501
1432,plan_01432,1467,train,11933
1433,plan_01433,1468,train,8186
1434,plan_01434,1469,train,11195
1435,plan_01435,1470,train,2460
1436,plan_01436,1471,train,5281
1437,plan_01437,1472,train,11449
1438,plan_01438,1473,train,11129
1439,plan_01439,1474,train,10759
1440,plan_01440,1475,train,12798
1441,plan_01441,1476,train,14430
1442,plan_01442,1477,test,1480
1443,plan_01443,1478,train,2483
1444,plan_01444,1479,train,3009
1445,plan_01445,1480,train,7348
1446,plan_01446,1481,test,233
1447,plan_01447,1482,train,8363
1448,plan_01448,1483,train,10835
1449,plan_01449,1484,test,628
1450,plan_01450,1485,train,13999
1451,plan_01451,1486,train,6872
1452,plan_01452,1487,train,1236
1453,plan_01453,1488,test,797
1454,plan_01454,1489,train,8335
1455,plan_01455,1490,train,6860
1456,plan_01456,1491,train,13875
1457,plan_01457,1492,train,10508
1458,plan_01458,1493,train,13650
1459,plan_01459,1494,train,10270
1460,plan_01460,1495,train,2603
1461,plan_01461,1496,train,8919
1462,plan_01462,1497,train,3827
1463,plan_01463,1498,train,2728
1464,plan_01464,1499,test,1655
1465,plan_01465,1500,train,2275
1466,plan_01466,1501,test,1650
1467,plan_01467,1502,train,1842
1468,plan_01468,1508,train,1577
1469,plan_01469,1509,train,10813
1470,plan_01470,1510,train,14084
1471,plan_01471,1511,train,8780
1472,plan_01472,1514,train,7029
1473,plan_01473,1515,train,3758
1474,plan_01474,1516,train,13312
1475,plan_01475,1517,train,9107
1476,plan_01476,1518,train,3645
1477,plan_01477,1519,test,729
1478,plan_01478,1520,train,8837
1479,plan_01479,1521,train,8342
1480,plan_01480,1524,test,1799
1481,plan_01481,1525,train,14022
1482,plan_01482,1526,train,183
1483,plan_01483,1527,train,5860
1484,plan_01484,1528,train,1010
1485,plan_01485,1529,train,4063
1486,plan_01486,1530,train,11868
1487,plan_01487,1531,train,2693
1488,plan_01488,1532,train,12324
1489,plan_01489,1533,test,539
1490,plan_01490,1534,train,4831
1491,plan_01491,1535,train,7030
1492,plan_01492,1536,train,10074
1493,plan_01493,1537,train,1972
1494,plan_01494,1538,train,3889
1495,plan_01495,1539,train,9806
1496,plan_01496,1540,train,4917
1497,plan_01497,1541,train,13818
1498,plan_01498,1542,train,7165
1499,plan_01499,1543,train,211
1500,plan_01500,1544,test,669
1501,plan_01501,1545,train,13680
1502,plan_01502,1546,train,3883
1503,plan_01503,1547,train,338
1504,plan_01504,1548,train,14040
1505,plan_01505,1549,train,9795
1506,plan_01506,1550,test,2437
1507,plan_01507,1551,test,1415
1508,plan_01508,1552,train,6912
1509,plan_01509,1553,train,8447
1510,plan_01510,1554,train,7287
1511,plan_01511,1555,train,11805
1512,plan_01512,1556,train,13753
1513,plan_01513,1557,train,2656
1514,plan_01514,1558,train,3231
1515,plan_01515,1559,train,2547
1516,plan_01516,1560,train,693
1517,plan_01517,1561,train,1228
1518,plan_01518,1562,test,2164
1519,plan_01519,1563,train,3537
1520,plan_01520,1564,train,12374
1521,plan_01521,1565,train,390
1522,plan_01522,1566,train,3230
1523,plan_01523,1567,train,5674
1524,plan_01524,1568,train,6597
1525,plan_01525,1569,train,12962
1526,plan_01526,1570,train,7163
1527,plan_01527,1571,train,13689
1528,plan_01528,1572,train,11077
1529,plan_01529,1573,train,11981
1530,plan_01530,1574,train,3939
1531,plan_01531,1575,test,1765
1532,plan_01532,1576,test,1056
1533,plan_01533,1577,train,1277
1534,plan_01534,1580,train,11256
1535,plan_01535,1581,train,11381
1536,plan_01536,1582,train,169
1537,plan_01537,1583,test,1000
1538,plan_01538,1584,train,1289
1539,plan_01539,1585,train,3367
1540,plan_01540,1586,train,13230
1541,plan_01541,1587,train,6257
1542,plan_01542,1588,test,1902
1543,plan_01543,1589,train,671
1544,plan_01544,1590,train,6116
1545,plan_01545,1591,test,85
1546,plan_01546,1592,train,4902
1547,plan_01547,1593,test,794
1548,plan_01548,1594,train,6267
1549,plan_01549,1595,train,11423
1550,plan_01550,1596,train,2251
1551,plan_01551,1597,train,10171
1552,plan_01552,1598,train,8039
1553,plan_01553,1599,train,10820
1554,plan_01554,1600,test,552
1555,plan_01555,1601,train,2865
1556,plan_01556,1602,train,6709
1557,plan_01557,1603,train,6916
1558,plan_01558,1604,train,3212
1559,plan_01559,1605,train,3801
1560,plan_01560,1606,train,9111
1561,plan_01561,1607,train,2716
1562,plan_01562,1608,test,2168
1563,plan_01563,1609,train,4297
1564,plan_01564,1610,train,4941
1565,plan_01565,1611,train,806
1566,plan_01566,1612,train,13171
1567,plan_01567,1613,train,11373
1568,plan_01568,1614,train,4868
1569,plan_01569,1615,train,9963
1570,plan_01570,1616,test,1721
1571,plan_01571,1617,train,537
1572,plan_01572,1618,train,14091
1573,plan_01573,1619,train,5840
1574,plan_01574,1620,test,1477
1575,plan_01575,1621,train,9162
1576,plan_01576,1622,train,12864
1577,plan_01577,1623,train,2266
1578,plan_01578,1624,train,7784
1579,plan_01579,1625,train,11321
1580,plan_01580,1626,train,5430
1581,plan_01581,1627,train,9132
1582,plan_01582,1628,train,13455
1583,plan_01583,1629,train,14035
1584,plan_01584,1630,train,1354
1585,plan_01585,1631,train,5490
1586,plan_01586,1632,train,3382
1587,plan_01587,1633,test,155
1588,plan_01588,1634,train,3005
1589,plan_01589,1635,train,4203
1590,plan_01590,1636,train,11858
1591,plan_01591,1637,train,5117
1592,plan_01592,1638,train,8486
1593,plan_01593,1639,train,794
1594,plan_01594,1640,train,14327
1595,plan_01595,1641,train,5298
1596,plan_01596,1642,train,216
1597,plan_01597,1643,test,358
1598,plan_01598,1644,train,12220
1599,plan_01599,1645,test,2095
1600,plan_01600,1646,train,12597
1601,plan_01601,1647,train,5326
1602,plan_01602,1648,train,4875
1603,plan_01603,1649,train,14176
1604,plan_01604,1650,train,13407
1605,plan_01605,1651,train,13056
1606,plan_01606,1652,train,9142
1607,plan_01607,1653,test,866
1608,plan_01608,1654,train,9046
1609,plan_01609,1655,train,9860
1610,plan_01610,1656,train,9676
1611,plan_01611,1657,test,1095
1612,plan_01612,1658,train,13084
1613,plan_01613,1659,train,7782
1614,plan_01614,1660,test,2480
1615,plan_01615,1661,train,9634
1616,plan_01616,1662,train,6394
1617,plan_01617,1663,train,8310
1618,plan_01618,1664,train,4962
1619,plan_01619,1665,train,4061
1620,plan_01620,1666,train,6009
1621,plan_01621,1667,train,13934
1622,plan_01622,1668,train,791
1623,plan_01623,1669,train,13860
1624,plan_01624,1670,train,14305
1625,plan_01625,1671,test,629
1626,plan_01626,1672,train,7862
1627,plan_01627,1673,train,5420
1628,plan_01628,1674,test,1855
1629,plan_01629,1675,train,1338
1630,plan_01630,1676,train,1620
1631,plan_01631,1677,train,8899
1632,plan_01632,1678,train,2895
1633,plan_01633,1679,train,10858
1634,plan_01634,1680,train,10175
1635,plan_01635,1681,train,5656
1636,plan_01636,1682,train,8826
1637,plan_01637,1683,train,1597
1638,plan_01638,1684,train,468
1639,plan_01639,1693,train,12134
1640,plan_01640,1694,train,5897
1641,plan_01641,1695,train,2001
1642,plan_01642,1696,train,10656
1643,plan_01643,1697,train,6537
1644,plan_01644,1698,train,2154
1645,plan_01645,1699,train,7745
1646,plan_01646,1700,train,3783
1647,plan_01647,1701,train,5221
1648,plan_01648,1702,train,13804
1649,plan_01649,1703,test,1535
1650,plan_01650,1704,train,4715
1651,plan_01651,1705,train,6827
1652,plan_01652,1706,train,2289
1653,plan_01653,1707,train,2985
1654,plan_01654,1712,train,10118
1655,plan_01655,1713,train,8552
1656,plan_01656,1714,train,1091
1657,plan_01657,1715,train,8404
1658,plan_01658,1716,train,11204
1659,plan_01659,1717,train,768
1660,plan_01660,1718,test,1002
1661,plan_01661,1719,train,2804
1662,plan_01662,1720,train,4765
1663,plan_01663,1721,train,2989
1664,plan_01664,1722,test,790
1665,plan_01665,1723,train,5875
1666,plan_01666,1724,train,6230
1667,plan_01667,1725,train,10918
1668,plan_01668,1726,train,13911
1669,plan_01669,1727,train,4607
1670,plan_01670,1728,train,4832
1671,plan_01671,1729,train,10649
1672,plan_01672,1734,train,10230
1673,plan_01673,1735,train,7248
1674,plan_01674,1736,train,10045
1675,plan_01675,1737,train,8111
1676,plan_01676,1738,test,2081
1677,plan_01677,1739,train,4601
1678,plan_01678,1740,train,11049
1679,plan_01679,1741,train,11736
1680,plan_01680,1742,train,12698
1681,plan_01681,1743,train,525
1682,plan_01682,1744,train,11431
1683,plan_01683,1745,train,8654
1684,plan_01684,1746,train,9838
1685,plan_01685,1747,train,4115
1686,plan_01686,1748,test,1834
1687,plan_01687,1749,train,5951
1688,plan_01688,1750,train,13653
1689,plan_01689,1751,train,3906
1690,plan_01690,1752,test,1482
1691,plan_01691,1753,train,6626
1692,plan_01692,1754,train,9682
1693,plan_01693,1755,test,965
1694,plan_01694,1756,train,14005
1695,plan_01695,1757,train,14276
1696,plan_01696,1758,test,564
1697,plan_01697,1759,train,7731
1698,plan_01698,1760,train,3485
1699,plan_01699,1761,train,9260
1700,plan_01700,1762,train,740
1701,plan_01701,1763,train,7638
1702,plan_01702,1764,train,7267
1703,plan_01703,1765,train,6718
1704,plan_01704,1766,train,14088
1705,plan_01705,1767,train,10021
1706,plan_01706,1768,train,903
1707,plan_01707,1769,train,8032
1708,plan_01708,1770,train,12286
1709,plan_01709,1771,train,13869
1710,plan_01710,1772,train,2
1711,plan_01711,1773,train,11136
1712,plan_01712,1774,train,288
1713,plan_01713,1775,train,6589
1714,plan_01714,1776,train,8471
1715,plan_01715,1777,train,3796
1716,plan_01716,1778,train,4482
1717,plan_01717,1779,test,1277
1718,plan_01718,1780,train,4509
1719,plan_01719,1781,train,14138
1720,plan_01720,1782,train,2545
1721,plan_01721,1783,train,11974
1722,plan_01722,1784,train,4606
1723,plan_01723,1785,train,599
1724,plan_01724,1786,train,11164
1725,plan_01725,1787,train,9763
1726,plan_01726,1788,train,11965
1727,plan_01727,1789,train,9415
1728,plan_01728,1790,train,1758
1729,plan_01729,1791,train,10512
1730,plan_01730,1792,train,649
1731,plan_01731,1793,train,2523
1732,plan_01732,1794,train,9268
1733,plan_01733,1795,train,6395
1734,plan_01734,1796,train,7310
1735,plan_01735,1797,test,2467
1736,plan_01736,1798,train,14079
1737,plan_01737,1799,train,3475
1738,plan_01738,1800,test,2423
1739,plan_01739,1801,train,4368
1740,plan_01740,1802,train,10943
1741,plan_01741,1803,test,142
1742,plan_01742,1804,train,11971
1743,plan_01743,1805,train,3529
1744,plan_01744,1806,train,9258
1745,plan_01745,1807,train,7088
1746,plan_01746,1808,train,3109
1747,plan_01747,1809,train,7985
1748,plan_01748,1810,test,2246
1749,plan_01749,1811,train,9225
1750,plan_01750,1812,test,1292
1751,plan_01751,1813,train,4428
1752,plan_01752,1815,train,9582
1753,plan_01753,1816,train,2240
1754,plan_01754,1817,train,2846
1755,plan_01755,1818,train,8216
1756,plan_01756,1819,train,14194
1757,plan_01757,1820,train,8584
1758,plan_01758,1821,test,19
1759,plan_01759,1822,train,3182
1760,plan_01760,1823,train,558
1761,plan_01761,1824,train,12035
1762,plan_01762,1825,train,6519
1763,plan_01763,1826,train,5693
1764,plan_01764,1827,train,11932
1765,plan_01765,1828,train,5662
1766,plan_01766,1829,train,12345
1767,plan_01767,1830,train,6832
1768,plan_01768,1831,train,4592
1769,plan_01769,1832,train,3647
1770,plan_01770,1833,train,13132
1771,plan_01771,1834,train,11569
1772,plan_01772,1835,train,5260
1773,plan_01773,1836,train,11775
1774,plan_01774,1837,train,7734
1775,plan_01775,1838,train,402
1776,plan_01776,1839,train,7332
1777,plan_01777,1840,train,6393
1778,plan_01778,1841,train,3463
1779,plan_01779,1842,train,8855
1780,plan_01780,1843,train,3620
1781,plan_01781,1844,train,3459
1782,plan_01782,1845,train,10605
1783,plan_01783,1846,train,12969
1784,plan_01784,1847,train,8568
1785,plan_01785,1848,test,1619
1786,plan_01786,1849,train,7749
1787,plan_01787,1850,test,2501
1788,plan_01788,1851,train,5339
1789,plan_01789,1852,train,8400
1790,plan_01790,1853,train,762
1791,plan_01791,1854,test,452
1792,plan_01792,1855,train,3857
1793,plan_01793,1856,train,9393
1794,plan_01794,1857,train,12346
1795,plan_01795,1858,train,1900
1796,plan_01796,1859,train,1859
1797,plan_01797,1860,train,13490
1798,plan_01798,1861,train,7414
1799,plan_01799,1862,train,13292
1800,plan_01800,1863,train,3092
1801,plan_01801,1864,test,2421
1802,plan_01802,1865,train,3694
1803,plan_01803,1866,train,1649
1804,plan_01804,1867,train,3544
1805,plan_01805,1868,train,12241
1806,plan_01806,1869,test,1598
1807,plan_01807,1870,train,11199
1808,plan_01808,1871,train,13744
1809,plan_01809,1872,train,2911
1810,plan_01810,1873,train,389
1811,plan_01811,1874,test,2342
1812,plan_01812,1875,train,1390
1813,plan_01813,1876,train,5562
1814,plan_01814,1877,train,53
1815,plan_01815,1878,train,4811
1816,plan_01816,1880,train,11798
1817,plan_01817,1881,train,4895
1818,plan_01818,1882,train,8370
1819,plan_01819,1883,train,4942
1820,plan_01820,1884,train,1269
1821,plan_01821,1885,train,3245
1822,plan_01822,1886,test,1470
1823,plan_01823,1887,test,1162
1824,plan_01824,1888,train,3123
1825,plan_01825,1889,test,2240
1826,plan_01826,1890,test,929
1827,plan_01827,1891,test,1930
1828,plan_01828,1892,train,1888
1829,plan_01829,1893,train,13967
1830,plan_01830,1894,train,2320
1831,plan_01831,1895,train,6136
1832,plan_01832,1896,train,6155
1833,plan_01833,1897,test,916
1834,plan_01834,1898,train,11701
1835,plan_01835,1899,train,10715
1836,plan_01836,1900,train,9925
1837,plan_01837,1901,train,12022
1838,plan_01838,1902,train,13673
1839,plan_01839,1903,train,2059
1840,plan_01840,1904,train,13418
1841,plan_01841,1905,test,820
1842,plan_01842,1906,train,1290
1843,plan_01843,1907,train,11161
1844,plan_01844,1908,train,12714
1845,plan_01845,1909,train,3249
1846,plan_01846,1910,train,8054
1847,plan_01847,1911,train,8328
1848,plan_01848,1912,train,7947
1849,plan_01849,1913,train,10055
1850,plan_01850,1915,train,5605
1851,plan_01851,1916,train,4884
1852,plan_01852,1917,train,8452
1853,plan_01853,1918,train,12247
1854,plan_01854,1919,train,5544
1855,plan_01855,1920,train,9903
1856,plan_01856,1921,train,7318
1857,plan_01857,1922,train,6623
1858,plan_01858,1923,train,13790
1859,plan_01859,1924,train,13842
1860,plan_01860,1925,train,8368
1861,plan_01861,1926,train,4994
1862,plan_01862,1927,train,11397
1863,plan_01863,1928,train,820
1864,plan_01864,1929,train,14316
1865,plan_01865,1930,train,12935
1866,plan_01866,1931,train,11843
1867,plan_01867,1932,train,3912
1868,plan_01868,1933,train,13404
1869,plan_01869,1934,train,4261
1870,plan_01870,1935,train,13045
1871,plan_01871,1936,train,10462
1872,plan_01872,1937,train,3654
1873,plan_01873,1938,train,2055
1874,plan_01874,1939,test,466
1875,plan_01875,1940,train,9150
1876,plan_01876,1941,train,7001
1877,plan_01877,1942,train,12168
1878,plan_01878,1943,train,8329
1879,plan_01879,1944,train,5789
1880,plan_01880,1945,test,2318
1881,plan_01881,1946,train,5099
1882,plan_01882,1947,train,275
1883,plan_01883,1948,train,5362
1884,plan_01884,1949,train,5901
1885,plan_01885,1950,train,5997
1886,plan_01886,1951,train,3058
1887,plan_01887,1952,train,4294
1888,plan_01888,1953,train,2032
1889,plan_01889,1954,test,49
1890,plan_01890,1955,test,962
1891,plan_01891,1956,train,14338
1892,plan_01892,1957,train,2084
1893,plan_01893,1958,train,8992
1894,plan_01894,1959,train,9311
1895,plan_01895,1960,train,1974
1896,plan_01896,1961,test,524
1897,plan_01897,1962,train,10850
1898,plan_01898,1963,train,11551
1899,plan_01899,1964,train,11575
1900,plan_01900,1965,train,2829
1901,plan_01901,1966,train,13966
1902,plan_01902,1967,test,1601
1903,plan_01903,1968,train,3790
1904,plan_01904,1969,train,3908
1905,plan_01905,1970,train,354
1906,plan_01906,1971,test,1224
1907,plan_01907,1972,train,9177
1908,plan_01908,1973,train,10884
1909,plan_01909,1974,train,8207
1910,plan_01910,1975,train,10265
1911,plan_01911,1976,train,2220
1912,plan_01912,1977,train,12442
1913,plan_01913,1978,train,9430
1914,plan_01914,1984,train,5410
1915,plan_01915,1985,train,8475
1916,plan_01916,1986,train,1815
1917,plan_01917,1988,train,11562
1918,plan_01918,1989,train,3386
1919,plan_01919,1990,train,8834
1920,plan_01920,1991,train,7812
1921,plan_01921,1992,train,7801
1922,plan_01922,1993,train,10741
1923,plan_01923,1994,train,6867
1924,plan_01924,1995,train,12139
1925,plan_01925,1996,train,8066
1926,plan_01926,1997,train,9603
1927,plan_01927,1998,train,905
1928,plan_01928,1999,train,8692
1929,plan_01929,2000,train,3580
1930,plan_01930,2001,train,2070
1931,plan_01931,2002,train,12684
1932,plan_01932,2003,train,2137
1933,plan_01933,2004,train,5720
1934,plan_01934,2005,train,7821
1935,plan_01935,2006,train,13878
1936,plan_01936,2007,train,13374
1937,plan_01937,2008,train,11878
1938,plan_01938,2009,train,11534
1939,plan_01939,2010,train,5269
1940,plan_01940,2011,train,11043
1941,plan_01941,2012,train,5206
1942,plan_01942,2013,train,2332
1943,plan_01943,2014,test,1566
1944,plan_01944,2015,train,12122
1945,plan_01945,2016,train,6977
1946,plan_01946,2017,train,5613
1947,plan_01947,2018,train,8873
1948,plan_01948,2019,test,1091
1949,plan_01949,2020,train,7580
1950,plan_01950,2021,train,6724
1951,plan_01951,2022,train,9857
1952,plan_01952,2023,train,3331
1953,plan_01953,2024,train,12681
1954,plan_01954,2025,test,2113
1955,plan_01955,2026,train,50
1956,plan_01956,2027,train,6321
1957,plan_01957,2028,train,4019
1958,plan_01958,2029,train,2079
1959,plan_01959,2030,test,2298
1960,plan_01960,2031,test,536
1961,plan_01961,2032,test,1858
1962,plan_01962,2033,train,2066
1963,plan_01963,2034,train,2657
1964,plan_01964,2035,train,7978
1965,plan_01965,2036,train,7570
1966,plan_01966,2037,train,1602
1967,plan_01967,2038,train,3284
1968,plan_01968,2039,train,4259
1969,plan_01969,2040,train,11498
1970,plan_01970,2041,train,8019
1971,plan_01971,2043,train,12423
1972,plan_01972,2044,train,4649
1973,plan_01973,2045,train,11778
1974,plan_01974,2046,train,9387
1975,plan_01975,2047,train,10836
1976,plan_01976,2048,train,2848
1977,plan_01977,2049,test,1556
1978,plan_01978,2050,train,5294
1979,plan_01979,2051,train,7847
1980,plan_01980,2052,train,1973
1981,plan_01981,2053,test,2419
1982,plan_01982,2054,train,1606
1983,plan_01983,2055,train,14295
1984,plan_01984,2056,train,10161
1985,plan_01985,2057,train,3632
1986,plan_01986,2058,train,3318
1987,plan_01987,2059,train,2373
1988,plan_01988,2060,train,9357
1989,plan_01989,2061,train,933
1990,plan_01990,2062,train,877
1991,plan_01991,2063,train,3495
1992,plan_01992,2064,train,345
1993,plan_01993,2065,train,3946
1994,plan_01994,2066,train,8042
1995,plan_01995,2067,train,5810
1996,plan_01996,2068,train,7374
1997,plan_01997,2069,train,9841
1998,plan_01998,2070,train,7127
1999,plan_01999,2071,train,2267
2000,plan_02000,2072,train,13922
2001,plan_02001,2073,test,1209
2002,plan_02002,2074,train,1759
2003,plan_02003,2075,train,2307
2004,plan_02004,2076,train,5189
2005,plan_02005,2077,train,1745
2006,plan_02006,2078,train,12285
2007,plan_02007,2079,train,9781
2008,plan_02008,2080,test,1003
2009,plan_02009,2081,train,2958
2010,plan_02010,2082,train,13918
2011,plan_02011,2083,train,9993
2012,plan_02012,2084,train,11757
2013,plan_02013,2085,train,13296
2014,plan_02014,2086,train,9876
2015,plan_02015,2087,train,3833
2016,plan_02016,2088,train,3839
2017,plan_02017,2089,train,9704
2018,plan_02018,2090,train,3560
2019,plan_02019,2091,train,13163
2020,plan_02020,2093,train,10541
2021,plan_02021,2094,train,117
2022,plan_02022,2095,train,14240
2023,plan_02023,2096,train,3774
2024,plan_02024,2097,train,14291
2025,plan_02025,2098,train,13960
2026,plan_02026,2099,train,6219
2027,plan_02027,2100,train,3269
2028,plan_02028,2101,train,131
2029,plan_02029,2102,train,612
2030,plan_02030,2103,train,4718
2031,plan_02031,2104,test,2237
2032,plan_02032,2105,train,3548
2033,plan_02033,2106,train,3087
2034,plan_02034,2107,train,2561
2035,plan_02035,2108,train,7703
2036,plan_02036,2109,test,2110
2037,plan_02037,2110,train,7975
2038,plan_02038,2111,train,9259
2039,plan_02039,2112,test,2009
2040,plan_02040,2113,train,1629
2041,plan_02041,2114,train,12657
2042,plan_02042,2115,train,11657
2043,plan_02043,2116,train,7964
2044,plan_02044,2117,train,6348
2045,plan_02045,2118,train,13382
2046,plan_02046,2119,test,1866
2047,plan_02047,2120,train,9725
2048,plan_02048,2121,train,8318
2049,plan_02049,2122,train,5536
2050,plan_02050,2123,train,6017
2051,plan_02051,2124,train,4390
2052,plan_02052,2125,train,4028
2053,plan_02053,2126,train,12188
2054,plan_02054,2127,train,10062
2055,plan_02055,2128,train,7016
2056,plan_02056,2129,train,4996
2057,plan_02057,2130,train,6065
2058,plan_02058,2131,train,12172
2059,plan_02059,2132,train,7371
2060,plan_02060,2133,train,5186
2061,plan_02061,2134,train,2580
2062,plan_02062,2135,test,2367
2063,plan_02063,2136,train,4587
2064,plan_02064,2137,test,1627
2065,plan_02065,2138,train,12274
2066,plan_02066,2139,test,2438
2067,plan_02067,2140,train,6246
2068,plan_02068,2141,train,4828
2069,plan_02069,2142,train,6744
2070,plan_02070,2143,train,1662
2071,plan_02071,2144,test,1782
2072,plan_02072,2145,train,14417
2073,plan_02073,2146,test,1644
2074,plan_02074,2147,train,6836
2075,plan_02075,2148,train,413
2076,plan_02076,2149,train,10372
2077,plan_02077,2150,train,9852
2078,plan_02078,2151,train,2736
2079,plan_02079,2152,train,4001
2080,plan_02080,2153,train,6417
2081,plan_02081,2154,train,3019
2082,plan_02082,2155,train,12986
2083,plan_02083,2156,train,9831
2084,plan_02084,2157,train,4302
2085,plan_02085,2158,train,2791
2086,plan_02086,2159,train,2589
2087,plan_02087,2160,test,1824
2088,plan_02088,2161,test,1341
2089,plan_02089,2162,test,925
2090,plan_02090,2163,train,9887
2091,plan_02091,2164,train,4285
2092,plan_02092,2165,test,1335
2093,plan_02093,2166,train,7647
2094,plan_02094,2167,train,2413
2095,plan_02095,2168,train,1716
2096,plan_02096,2169,train,4572
2097,plan_02097,2170,train,5064
2098,plan_02098,2171,train,5761
2099,plan_02099,2174,train,9025
2100,plan_02100,2175,train,3071
2101,plan_02101,2176,test,60
2102,plan_02102,2177,train,10753
2103,plan_02103,2178,train,8626
2104,plan_02104,2181,train,5237
2105,plan_02105,2182,train,10391
2106,plan_02106,2183,train,2198
2107,plan_02107,2184,train,8981
2108,plan_02108,2185,train,5679
2109,plan_02109,2186,test,1008
2110,plan_02110,2187,train,14230
2111,plan_02111,2188,train,12703
2112,plan_02112,2189,test,1736
2113,plan_02113,2190,train,8698
2114,plan_02114,2191,test,1096
2115,plan_02115,2192,train,12713
2116,plan_02116,2193,train,11493
2117,plan_02117,2194,train,2193
2118,plan_02118,2195,test,56
2119,plan_02119,2196,train,4952
2120,plan_02120,2197,train,2825
2121,plan_02121,2198,train,2759
2122,plan_02122,2199,train,8678
2123,plan_02123,2200,train,8023
2124,plan_02124,2201,train,31
2125,plan_02125,2202,train,1508
2126,plan_02126,2203,train,14211
2127,plan_02127,2204,train,6151
2128,plan_02128,2205,test,476
2129,plan_02129,2206,train,3148
2130,plan_02130,2207,train,5688
2131,plan_02131,2208,train,10390
2132,plan_02132,2210,train,8627
2133,plan_02133,2211,train,1496
2134,plan_02134,2212,train,13420
2135,plan_02135,2213,train,2900
2136,plan_02136,2214,train,13558
2137,plan_02137,2215,train,9298
2138,plan_02138,2216,train,6515
2139,plan_02139,2217,train,10702
2140,plan_02140,2218,train,13607
2141,plan_02141,2219,train,8378
2142,plan_02142,2220,train,2826
2143,plan_02143,2221,test,357
2144,plan_02144,2222,train,11369
2145,plan_02145,2223,test,1734
2146,plan_02146,2224,train,7498
2147,plan_02147,2225,train,1073
2148,plan_02148,2228,test,338
2149,plan_02149,2229,train,1837
2150,plan_02150,2230,train,749
2151,plan_02151,2231,train,1074
2152,plan_02152,2232,test,1210
2153,plan_02153,2233,train,11963
2154,plan_02154,2234,train,10821
2155,plan_02155,2235,train,4702
2156,plan_02156,2236,train,10282
2157,plan_02157,2237,test,798
2158,plan_02158,2238,train,8779
2159,plan_02159,2239,train,11547
2160,plan_02160,2240,train,4960
2161,plan_02161,2241,train,12667
2162,plan_02162,2242,train,12359
2163,plan_02163,2243,train,6598
2164,plan_02164,2244,train,3462
2165,plan_02165,2245,train,4887
2166,plan_02166,2246,test,1527
2167,plan_02167,2247,train,12552
2168,plan_02168,2248,train,9082
2169,plan_02169,2249,train,4801
2170,plan_02170,2250,train,10812
2171,plan_02171,2251,train,10464
2172,plan_02172,2252,test,2487
2173,plan_02173,2253,test,1050
2174,plan_02174,2254,train,3342
2175,plan_02175,2255,test,152
2176,plan_02176,2256,train,1952
2177,plan_02177,2257,train,5980
2178,plan_02178,2258,train,106
2179,plan_02179,2259,train,13519
2180,plan_02180,2260,train,14140
2181,plan_02181,2261,train,13698
2182,plan_02182,2262,train,4346
2183,plan_02183,2263,train,4080
2184,plan_02184,2264,train,6834
2185,plan_02185,2265,test,1299
2186,plan_02186,2266,train,3437
2187,plan_02187,2267,train,4986
2188,plan_02188,2268,train,3220
2189,plan_02189,2269,train,14208
2190,plan_02190,2270,train,4085
2191,plan_02191,2271,train,8009
2192,plan_02192,2272,train,322
2193,plan_02193,2273,test,648
2194,plan_02194,2274,train,9329
2195,plan_02195,2275,train,10461
2196,plan_02196,2276,train,13221
2197,plan_02197,2277,train,5663
2198,plan_02198,2278,train,13647
2199,plan_02199,2279,test,1757
2200,plan_02200,2280,train,2236
2201,plan_02201,2281,train,10511
2202,plan_02202,2282,train,12033
2203,plan_02203,2283,train,13970
2204,plan_02204,2284,train,3395
2205,plan_02205,2285,train,10733
2206,plan_02206,2286,train,12267
2207,plan_02207,2287,train,4594
2208,plan_02208,2288,train,5816
2209,plan_02209,2289,train,6884
2210,plan_02210,2290,train,7617
2211,plan_02211,2291,train,536
2212,plan_02212,2292,train,12515
2213,plan_02213,2293,train,2037
2214,plan_02214,2294,train,3945
2215,plan_02215,2295,train,5337
2216,plan_02216,2296,train,13683
2217,plan_02217,2299,test,988
2218,plan_02218,2300,train,10376
2219,plan_02219,2301,train,5872
2220,plan_02220,2302,train,2697
2221,plan_02221,2303,train,4461
2222,plan_02222,2305,train,5552
2223,plan_02223,2306,train,14412
2224,plan_02224,2307,train,9189
2225,plan_02225,2308,train,9794
2226,plan_02226,2309,train,6873
2227,plan_02227,2310,train,11803
2228,plan_02228,2311,train,553
2229,plan_02229,2312,train,4419
2230,plan_02230,2313,train,10641
2231,plan_02231,2314,train,2295
2232,plan_02232,2315,train,9863
2233,plan_02233,2316,train,11616
2234,plan_02234,2317,train,6938
2235,plan_02235,2318,test,1551
2236,plan_02236,2319,train,12646
2237,plan_02237,2320,train,11951
2238,plan_02238,2321,train,4058
2239,plan_02239,2322,train,3772
2240,plan_02240,2323,test,2321
2241,plan_02241,2324,train,1399
2242,plan_02242,2325,test,1935
2243,plan_02243,2326,train,14202
2244,plan_02244,2327,train,13586
2245,plan_02245,2328,train,7141
2246,plan_02246,2329,train,4256
2247,plan_02247,2330,train,12493
2248,plan_02248,2331,train,6042
2249,plan_02249,2332,train,10939
2250,plan_02250,2333,train,7431
2251,plan_02251,2334,train,3727
2252,plan_02252,2335,train,9553
2253,plan_02253,2336,train,6511
2254,plan_02254,2337,train,8535
2255,plan_02255,2338,train,12901
2256,plan_02256,2339,train,11422
2257,plan_02257,2340,train,5209
2258,plan_02258,2341,train,1332
2259,plan_02259,2342,train,7106
2260,plan_02260,2343,train,8266
2261,plan_02261,2344,train,8482
2262,plan_02262,2345,train,6775
2263,plan_02263,2346,train,11355
2264,plan_02264,2347,test,388
2265,plan_02265,2348,train,7912
2266,plan_02266,2349,train,1199
2267,plan_02267,2350,train,3443
2268,plan_02268,2351,train,9520
2269,plan_02269,2352,test,1626
2270,plan_02270,2353,train,12144
2271,plan_02271,2354,train,6605
2272,plan_02272,2355,train,9742
2273,plan_02273,2356,test,1484
2274,plan_02274,2357,train,4883
2275,plan_02275,2358,train,13726
2276,plan_02276,2359,train,6286
2277,plan_02277,2360,train,12094
2278,plan_02278,2361,train,4946
2279,plan_02279,2362,train,856
2280,plan_02280,2363,test,1826
2281,plan_02281,2364,train,12158
2282,plan_02282,2365,train,1077
2283,plan_02283,2366,train,8130
2284,plan_02284,2367,train,14097
2285,plan_02285,2368,train,13408
2286,plan_02286,2369,train,1275
2287,plan_02287,2370,test,219
2288,plan_02288,2371,train,559
2289,plan_02289,2372,test,270
2290,plan_02290,2373,train,6719
2291,plan_02291,2374,train,11455
2292,plan_02292,2375,train,5392
2293,plan_02293,2376,test,1841
2294,plan_02294,2377,train,6013
2295,plan_02295,2378,train,2022
2296,plan_02296,2379,train,7101
2297,plan_02297,2380,test,2435
2298,plan_02298,2381,train,942
2299,plan_02299,2382,train,7943
2300,plan_02300,2383,train,7129
2301,plan_02301,2384,test,222
2302,plan_02302,2385,train,6652
2303,plan_02303,2386,test,377
2304,plan_02304,2387,test,503
2305,plan_02305,2388,train,4492
2306,plan_02306,2389,train,7779
2307,plan_02307,2390,test,1934
2308,plan_02308,2391,train,2503
2309,plan_02309,2392,train,2839
2310,plan_02310,2393,train,9880
2311,plan_02311,2394,train,6038
2312,plan_02312,2395,test,1351
2313,plan_02313,2396,train,13321
2314,plan_02314,2397,train,3352
2315,plan_02315,2398,train,7742
2316,plan_02316,2399,test,1854
2317,plan_02317,2400,train,1877
2318,plan_02318,2401,train,1664
2319,plan_02319,2402,train,11407
2320,plan_02320,2403,test,1694
2321,plan_02321,2404,train,1181
2322,plan_02322,2405,train,10303
2323,plan_02323,2406,train,7115
2324,plan_02324,2407,train,9864
2325,plan_02325,2408,train,13659
2326,plan_02326,2409,test,521
2327,plan_02327,2410,train,1279
2328,plan_02328,2411,train,3741
2329,plan_02329,2412,train,12344
2330,plan_02330,2413,train,4763
2331,plan_02331,2414,train,1995
2332,plan_02332,2415,train,37
2333,plan_02333,2416,train,6291
2334,plan_02334,2417,train,937
2335,plan_02335,2418,train,11213
2336,plan_02336,2419,train,3921
2337,plan_02337,2420,train,13297
2338,plan_02338,2421,train,2692
2339,plan_02339,2422,train,13343
2340,plan_02340,2423,train,2769
2341,plan_02341,2424,train,3568
2342,plan_02342,2425,train,3497
2343,plan_02343,2426,train,2504
2344,plan_02344,2427,train,8800
2345,plan_02345,2428,train,9560
2346,plan_02346,2429,train,13128
2347,plan_02347,2430,train,5777
2348,plan_02348,2431,train,11855
2349,plan_02349,2432,train,1302
2350,plan_02350,2433,train,1913
2351,plan_02351,2434,train,14099
2352,plan_02352,2435,train,13899
2353,plan_02353,2436,train,2905
2354,plan_02354,2437,train,6258
2355,plan_02355,2438,train,12396
2356,plan_02356,2439,train,9374
2357,plan_02357,2440,train,6147
2358,plan_02358,2441,train,2861
2359,plan_02359,2442,train,10331
2360,plan_02360,2443,train,11428
2361,plan_02361,2444,train,3635
2362,plan_02362,2446,train,9418
2363,plan_02363,2447,train,7386
2364,plan_02364,2448,train,4982
2365,plan_02365,2449,test,1046
2366,plan_02366,2450,train,12457
2367,plan_02367,2451,train,13801
2368,plan_02368,2452,train,2879
2369,plan_02369,2453,train,11389
2370,plan_02370,2454,test,23
2371,plan_02371,2455,train,14132
2372,plan_02372,2456,test,1587
2373,plan_02373,2457,train,6782
2374,plan_02374,2458,train,13687
2375,plan_02375,2459,train,1984
2376,plan_02376,2460,train,5746
2377,plan_02377,2461,train,11650
2378,plan_02378,2462,train,3135
2379,plan_02379,2463,train,13947
2380,plan_02380,2464,train,14402
2381,plan_02381,2465,train,10179
2382,plan_02382,2466,train,2490
2383,plan_02383,2467,train,1013
2384,plan_02384,2468,train,5892
2385,plan_02385,2469,train,5355
2386,plan_02386,2470,test,353
2387,plan_02387,2471,train,5609
2388,plan_02388,2472,train,4512
2389,plan_02389,2473,train,1690
2390,plan_02390,2474,train,10221
2391,plan_02391,2475,train,6263
2392,plan_02392,2476,train,12490
2393,plan_02393,2477,test,2275
2394,plan_02394,2478,train,9347
2395,plan_02395,2479,test,2297
2396,plan_02396,2480,train,2044
2397,plan_02397,2481,train,11531
2398,plan_02398,2482,train,6915
2399,plan_02399,2483,train,7453
2400,plan_02400,2484,train,8275
2401,plan_02401,2485,train,1878
2402,plan_02402,2486,train,1322
2403,plan_02403,2487,train,1068
2404,plan_02404,2488,train,10574
2405,plan_02405,2489,train,8088
2406,plan_02406,2490,test,288
2407,plan_02407,2491,train,7716
2408,plan_02408,2492,train,13267
2409,plan_02409,2493,train,14061
2410,plan_02410,2494,train,3112
2411,plan_02411,2495,train,6803
2412,plan_02412,2496,train,12566
2413,plan_02413,2497,test,1582
2414,plan_02414,2498,train,4950
2415,plan_02415,2499,train,14198
2416,plan_02416,2500,train,13164
2417,plan_02417,2501,train,12745
2418,plan_02418,2502,train,1200
2419,plan_02419,2503,train,12113
2420,plan_02420,2504,train,14322
2421,plan_02421,2505,train,8562
2422,plan_02422,2506,test,1699
2423,plan_02423,2507,train,13440
2424,plan_02424,2510,train,11219
2425,plan_02425,2511,train,1341
2426,plan_02426,2512,train,8480
2427,plan_02427,2513,train,7174
2428,plan_02428,2514,train,4078
2429,plan_02429,2515,train,961
2430,plan_02430,2516,train,12069
2431,plan_02431,2517,train,5612
2432,plan_02432,2518,train,11139
2433,plan_02433,2519,test,1176
2434,plan_02434,2520,train,6346
2435,plan_02435,2521,train,12176
2436,plan_02436,2522,train,9642
2437,plan_02437,2523,train,13173
2438,plan_02438,2524,train,5006
2439,plan_02439,2525,train,7602
2440,plan_02440,2526,train,3271
2441,plan_02441,2527,train,11277
2442,plan_02442,2528,train,9810
2443,plan_02443,2529,train,530
2444,plan_02444,2530,train,12972
2445,plan_02445,2531,test,316
2446,plan_02446,2532,train,13670
2447,plan_02447,2533,train,2765
2448,plan_02448,2534,train,3814
2449,plan_02449,2535,train,2263
2450,plan_02450,2536,train,10127
2451,plan_02451,2547,train,4190
2452,plan_02452,2548,train,5553
2453,plan_02453,2549,train,4634
2454,plan_02454,2550,train,14218
2455,plan_02455,2551,train,438
2456,plan_02456,2552,train,14170
2457,plan_02457,2553,train,5445
2458,plan_02458,2554,train,3992
2459,plan_02459,2555,train,5677
2460,plan_02460,2556,test,2528
2461,plan_02461,2557,train,6539
2462,plan_02462,2558,train,13406
2463,plan_02463,2559,train,9497
2464,plan_02464,2560,train,166
2465,plan_02465,2561,test,1307
2466,plan_02466,2562,train,609
2467,plan_02467,2563,test,2118
2468,plan_02468,2564,train,9060
2469,plan_02469,2565,train,5309
2470,plan_02470,2566,train,1805
2471,plan_02471,2567,train,3425
2472,plan_02472,2568,train,9754
2473,plan_02473,2569,train,3295
2474,plan_02474,2570,train,8728
2475,plan_02475,2571,test,2245
2476,plan_02476,2572,train,11896
2477,plan_02477,2573,train,13930
2478,plan_02478,2574,train,7487
2479,plan_02479,2575,train,9014
2480,plan_02480,2576,train,8862
2481,plan_02481,2577,train,8602
2482,plan_02482,2578,test,1733
2483,plan_02483,2582,test,1988
2484,plan_02484,2583,test,838
2485,plan_02485,2584,train,11299
2486,plan_02486,2585,train,1096
2487,plan_02487,2586,train,12928
2488,plan_02488,2587,test,1607
2489,plan_02489,2588,train,7095
2490,plan_02490,2589,train,385
2491,plan_02491,2590,train,4878
2492,plan_02492,2591,train,1781
2493,plan_02493,2592,test,2547
2494,plan_02494,2593,train,2000
2495,plan_02495,2594,train,5026
2496,plan_02496,2595,train,13752
2497,plan_02497,2596,test,537
2498,plan_02498,2597,train,9550
2499,plan_02499,2598,test,378
2500,plan_02500,2599,train,565
2501,plan_02501,2600,train,12617
2502,plan_02502,2601,test,105
2503,plan_02503,2602,train,9243
2504,plan_02504,2603,train,9288
2505,plan_02505,2604,train,4354
2506,plan_02506,2605,test,1249
2507,plan_02507,2606,train,9957
2508,plan_02508,2607,train,6927
2509,plan_02509,2608,train,5060
2510,plan_02510,2609,train,13234
2511,plan_02511,2610,test,1559
2512,plan_02512,2611,train,2699
2513,plan_02513,2612,train,9668
2514,plan_02514,2613,train,11007
2515,plan_02515,2614,train,6934
2516,plan_02516,2615,train,5638
2517,plan_02517,2616,train,4280
2518,plan_02518,2617,train,6334
2519,plan_02519,2618,test,2304
2520,plan_02520,2619,train,6446
2521,plan_02521,2620,test,710
2522,plan_02522,2621,train,4021
2523,plan_02523,2622,train,3788
2524,plan_02524,2623,train,13237
2525,plan_02525,2624,train,4425
2526,plan_02526,2625,train,9196
2527,plan_02527,2626,train,13082
2528,plan_02528,2627,train,10875
2529,plan_02529,2628,train,6805
2530,plan_02530,2629,train,10431
2531,plan_02531,2630,train,4013
2532,plan_02532,2631,train,5551
2533,plan_02533,2632,train,5349
2534,plan_02534,2633,train,11024
2535,plan_02535,2634,test,236
2536,plan_02536,2635,train,5200
2537,plan_02537,2636,train,5460
2538,plan_02538,2637,train,1755
2539,plan_02539,2638,train,7806
2540,plan_02540,2639,train,12418
2541,plan_02541,2640,train,2519
2542,plan_02542,2641,train,10810
2543,plan_02543,2642,train,6899
2544,plan_02544,2643,train,11691
2545,plan_02545,2644,train,7061
2546,plan_02546,2645,train,2082
2547,plan_02547,2646,train,1829
2548,plan_02548,2647,train,9674
2549,plan_02549,2648,train,7817
2550,plan_02550,2649,test,1436
2551,plan_02551,2650,train,11457
2552,plan_02552,2651,train,13491
2553,plan_02553,2652,train,7470
2554,plan_02554,2653,test,1768
2555,plan_02555,2654,train,10375
2556,plan_02556,2655,test,1726
2557,plan_02557,2656,test,1727
2558,plan_02558,2657,test,2333
2559,plan_02559,2658,train,7039
2560,plan_02560,2659,train,6313
2561,plan_02561,2660,train,11791
2562,plan_02562,2661,train,9840
2563,plan_02563,2662,train,3080
2564,plan_02564,2663,train,9086
2565,plan_02565,2664,train,2722
2566,plan_02566,2665,train,1263
2567,plan_02567,2666,test,1709
2568,plan_02568,2667,train,4246
2569,plan_02569,2668,train,3623
2570,plan_02570,2669,train,4675
2571,plan_02571,2670,train,8748
2572,plan_02572,2671,train,1689
2573,plan_02573,2672,test,736
2574,plan_02574,2673,train,3178
2575,plan_02575,2674,train,5284
2576,plan_02576,2675,train,642
2577,plan_02577,2676,train,604
2578,plan_02578,2677,train,9752
2579,plan_02579,2678,train,3527
2580,plan_02580,2679,train,4052
2581,plan_02581,2680,train,252
2582,plan_02582,2681,train,11262
2583,plan_02583,2682,test,1513
2584,plan_02584,2683,train,12230
2585,plan_02585,2684,train,7829
2586,plan_02586,2685,train,6686
2587,plan_02587,2686,test,2054
2588,plan_02588,2687,train,3821
2589,plan_02589,2688,train,8810
2590,plan_02590,2689,train,8201
2591,plan_02591,2690,train,9786
2592,plan_02592,2691,train,1868
2593,plan_02593,2692,train,3301
2594,plan_02594,2693,train,4822
2595,plan_02595,2694,train,12544
2596,plan_02596,2695,train,8429
2597,plan_02597,2696,train,7981
2598,plan_02598,2697,train,8851
2599,plan_02599,2698,test,1314
2600,plan_02600,2699,test,235
2601,plan_02601,2700,train,4621
2602,plan_02602,2701,test,2231
2603,plan_02603,2702,train,12065
2604,plan_02604,2703,train,13047
2605,plan_02605,2704,test,2353
2606,plan_02606,2705,test,1005
2607,plan_02607,2706,train,10557
2608,plan_02608,2707,test,448
2609,plan_02609,2708,train,12402
2610,plan_02610,2709,train,1694
2611,plan_02611,2710,train,9751
2612,plan_02612,2711,train,8897
2613,plan_02613,2712,train,11608
2614,plan_02614,2713,train,6162
2615,plan_02615,2714,test,1581
2616,plan_02616,2715,train,10125
2617,plan_02617,2716,train,231
2618,plan_02618,2717,train,8767
2619,plan_02619,2718,train,7552
2620,plan_02620,2719,train,10666
2621,plan_02621,2722,train,12686
2622,plan_02622,2723,train,6507
2623,plan_02623,2724,train,4498
2624,plan_02624,2725,train,6337
2625,plan_02625,2726,train,10123
2626,plan_02626,2727,test,24
2627,plan_02627,2728,train,6194
2628,plan_02628,2729,test,1659
2629,plan_02629,2730,train,5574
2630,plan_02630,2731,train,2670
2631,plan_02631,2732,train,5321
2632,plan_02632,2733,train,5676
2633,plan_02633,2734,train,10275
2634,plan_02634,2735,train,12871
2635,plan_02635,2738,train,1834
2636,plan_02636,2739,train,2492
2637,plan_02637,2740,train,6978
2638,plan_02638,2741,train,1930
2639,plan_02639,2742,train,24
2640,plan_02640,2743,train,3780
2641,plan_02641,2744,train,2122
2642,plan_02642,2745,train,13763
2643,plan_02643,2746,train,8239
2644,plan_02644,2747,test,2512
2645,plan_02645,2748,train,2344
2646,plan_02646,2749,test,2021
2647,plan_02647,2750,test,111
2648,plan_02648,2751,test,493
2649,plan_02649,2752,train,3278
2650,plan_02650,2753,train,182
2651,plan_02651,2754,train,3867
2652,plan_02652,2755,train,2615
2653,plan_02653,2756,train,5577
2654,plan_02654,2757,train,13676
2655,plan_02655,2758,train,13136
2656,plan_02656,2759,train,7311
2657,plan_02657,2760,test,858
2658,plan_02658,2761,test,129
2659,plan_02659,2762,test,1265
2660,plan_02660,2763,train,9968
2661,plan_02661,2764,train,3679
2662,plan_02662,2765,train,10673
2663,plan_02663,2766,train,3010
2664,plan_02664,2767,train,6757
2665,plan_02665,2768,test,2334
2666,plan_02666,2769,train,9630
2667,plan_02667,2770,train,2599
2668,plan_02668,2771,train,11660
2669,plan_02669,2772,test,1428
2670,plan_02670,2773,train,12354
2671,plan_02671,2774,train,12719
2672,plan_02672,2775,train,2935
2673,plan_02673,2776,test,930
2674,plan_02674,2777,train,7259
2675,plan_02675,2778,train,9330
2676,plan_02676,2779,train,10345
2677,plan_02677,2781,train,1055
2678,plan_02678,2782,train,4729
2679,plan_02679,2783,train,6997
2680,plan_02680,2784,train,7235
2681,plan_02681,2785,train,1365
2682,plan_02682,2786,train,11546
2683,plan_02683,2787,train,10852
2684,plan_02684,2788,train,12644
2685,plan_02685,2789,train,11211
2686,plan_02686,2790,test,266
2687,plan_02687,2791,train,4557
2688,plan_02688,2792,train,1780
2689,plan_02689,2793,train,13400
2690,plan_02690,2794,test,356
2691,plan_02691,2795,train,10034
2692,plan_02692,2796,train,11964
2693,plan_02693,2797,train,6811
2694,plan_02694,2798,test,1870
2695,plan_02695,2801,train,3062
2696,plan_02696,2802,train,13384
2697,plan_02697,2803,train,5375
2698,plan_02698,2804,train,3469
2699,plan_02699,2805,train,2888
2700,plan_02700,2806,train,7805
2701,plan_02701,2807,train,8233
2702,plan_02702,2808,train,5214
2703,plan_02703,2809,test,341
2704,plan_02704,2810,train,1879
2705,plan_02705,2811,train,9
2706,plan_02706,2812,test,997
2707,plan_02707,2813,test,446
2708,plan_02708,2814,train,12648
2709,plan_02709,2815,train,14260
2710,plan_02710,2816,train,7223
2711,plan_02711,2818,train,3582
2712,plan_02712,2819,train,9231
2713,plan_02713,2820,train,13652
2714,plan_02714,2821,train,13037
2715,plan_02715,2822,train,12854
2716,plan_02716,2823,train,8656
2717,plan_02717,2824,train,1421
2718,plan_02718,2825,train,2574
2719,plan_02719,2826,test,2200
2720,plan_02720,2827,train,1317
2721,plan_02721,2828,test,122
2722,plan_02722,2829,test,1488
2723,plan_02723,2830,train,2775
2724,plan_02724,2831,train,10134
2725,plan_02725,2832,train,10566
2726,plan_02726,2833,train,7456
2727,plan_02727,2834,train,8962
2728,plan_02728,2835,train,6180
2729,plan_02729,2836,train,5733
2730,plan_02730,2837,train,2398
2731,plan_02731,2838,train,9499
2732,plan_02732,2839,train,10403
2733,plan_02733,2840,train,1029
2734,plan_02734,2841,train,9251
2735,plan_02735,2842,test,2263
2736,plan_02736,2843,train,11236
2737,plan_02737,2844,train,4600
2738,plan_02738,2845,train,1932
2739,plan_02739,2846,test,381
2740,plan_02740,2847,test,2083
2741,plan_02741,2848,test,1252
2742,plan_02742,2849,train,1635
2743,plan_02743,2850,train,4125
2744,plan_02744,2851,train,9843
2745,plan_02745,2852,test,1497
2746,plan_02746,2853,train,10011
2747,plan_02747,2854,train,11365
2748,plan_02748,2855,train,8629
2749,plan_02749,2856,train,5421
2750,plan_02750,2857,train,8043
2751,plan_02751,2858,train,10860
2752,plan_02752,2859,train,6786
2753,plan_02753,2860,train,2252
2754,plan_02754,2861,train,482
2755,plan_02755,2862,train,4609
2756,plan_02756,2863,train,6224
2757,plan_02757,2864,test,674
2758,plan_02758,2865,train,6091
2759,plan_02759,2866,train,9611
2760,plan_02760,2867,train,209
2761,plan_02761,2868,train,7993
2762,plan_02762,2869,train,14003
2763,plan_02763,2870,train,3739
2764,plan_02764,2871,train,2417
2765,plan_02765,2872,test,911
2766,plan_02766,2873,test,1406
2767,plan_02767,2874,test,1017
2768,plan_02768,2875,train,9322
2769,plan_02769,2876,train,3387
2770,plan_02770,2877,train,1005
2771,plan_02771,2878,train,13740
2772,plan_02772,2879,train,8946
2773,plan_02773,2880,train,10687
2774,plan_02774,2881,train,10030
2775,plan_02775,2882,train,7990
2776,plan_02776,2883,train,10899
2777,plan_02777,2884,train,13402
2778,plan_02778,2885,train,365
2779,plan_02779,2886,test,309
2780,plan_02780,2887,train,4844
2781,plan_02781,2888,train,4278
2782,plan_02782,2889,train,6084
2783,plan_02783,2890,train,12073
2784,plan_02784,2891,train,7733
2785,plan_02785,2892,test,2360
2786,plan_02786,2893,train,441
2787,plan_02787,2894,train,3697
2788,plan_02788,2895,train,10120
2789,plan_02789,2896,train,6109
2790,plan_02790,2897,test,1404
2791,plan_02791,2898,train,2944
2792,plan_02792,2899,train,7156
2793,plan_02793,2900,test,842
2794,plan_02794,2901,train,4732
2795,plan_02795,2902,train,11005
2796,plan_02796,2903,test,269
2797,plan_02797,2904,train,835
2798,plan_02798,2905,train,2956
2799,plan_02799,2906,train,8298
2800,plan_02800,2907,train,10758
2801,plan_02801,2908,train,1424
2802,plan_02802,2909,train,13172
2803,plan_02803,2910,test,2496
2804,plan_02804,2911,train,12678
2805,plan_02805,2912,test,2111
2806,plan_02806,2913,train,9645
2807,plan_02807,2914,test,1059
2808,plan_02808,2915,test,1034
2809,plan_02809,2916,train,6966
2810,plan_02810,2917,train,5232
2811,plan_02811,2918,test,776
2812,plan_02812,2919,train,990
2813,plan_02813,2920,train,4439
2814,plan_02814,2921,train,13421
2815,plan_02815,2922,train,8621
2816,plan_02816,2923,train,9793
2817,plan_02817,2924,test,1124
2818,plan_02818,2925,train,13637
2819,plan_02819,2926,train,4564
2820,plan_02820,2927,test,634
2821,plan_02821,2928,train,12616
2822,plan_02822,2929,test,535
2823,plan_02823,2930,train,2436
2824,plan_02824,2931,train,9348
2825,plan_02825,2932,train,2247
2826,plan_02826,2933,test,2162
2827,plan_02827,2934,train,9460
2828,plan_02828,2935,train,1443
2829,plan_02829,2936,train,13628
2830,plan_02830,2937,train,5814
2831,plan_02831,2938,test,1950
2832,plan_02832,2939,train,1394
2833,plan_02833,2940,train,3440
2834,plan_02834,2941,train,6522
2835,plan_02835,2942,train,3094
2836,plan_02836,2943,test,135
2837,plan_02837,2944,train,12097
2838,plan_02838,2945,test,1254
2839,plan_02839,2946,train,13481
2840,plan_02840,2947,test,2283
2841,plan_02841,2948,train,4183
2842,plan_02842,2949,train,12050
2843,plan_02843,2950,train,6587
2844,plan_02844,2951,train,11426
2845,plan_02845,2952,train,5969
2846,plan_02846,2953,train,3584
2847,plan_02847,2954,train,5499
2848,plan_02848,2955,train,3304
2849,plan_02849,2956,train,9789
2850,plan_02850,2957,train,538
2851,plan_02851,2958,train,6824
2852,plan_02852,2959,train,11747
2853,plan_02853,2960,train,8536
2854,plan_02854,2961,train,7215
2855,plan_02855,2962,test,1089
2856,plan_02856,2963,train,8269
2857,plan_02857,2964,train,9229
2858,plan_02858,2965,test,335
2859,plan_02859,2966,train,7804
2860,plan_02860,2967,train,9991
2861,plan_02861,2968,train,12411
2862,plan_02862,2969,train,1564
2863,plan_02863,2970,train,628
2864,plan_02864,2971,test,1590
2865,plan_02865,2972,train,11188
2866,plan_02866,2973,train,14262
2867,plan_02867,2974,test,2126
2868,plan_02868,2975,train,11794
2869,plan_02869,2976,train,616
2870,plan_02870,2977,train,807
2871,plan_02871,2978,train,12613
2872,plan_02872,2979,train,13760
2873,plan_02873,2980,train,5067
2874,plan_02874,2981,train,3371
2875,plan_02875,2982,train,14115
2876,plan_02876,2983,train,7157
2877,plan_02877,2984,train,1909
2878,plan_02878,2985,test,717
2879,plan_02879,2986,train,2257
2880,plan_02880,2987,train,7743
2881,plan_02881,2988,train,9457
2882,plan_02882,2989,train,1270
2883,plan_02883,2990,train,1440
2884,plan_02884,2991,train,4031
2885,plan_02885,2992,train,11500
2886,plan_02886,2993,train,6572
2887,plan_02887,2994,train,12121
2888,plan_02888,2995,train,898
2889,plan_02889,2996,train,10025
2890,plan_02890,2997,train,485
2891,plan_02891,2998,test,294
2892,plan_02892,2999,train,10647
2893,plan_02893,3000,train,1460
2894,plan_02894,3001,train,10503
2895,plan_02895,3002,train,11273
2896,plan_02896,3003,train,4165
2897,plan_02897,3004,train,6369
2898,plan_02898,3005,train,2106
2899,plan_02899,3006,train,5439
2900,plan_02900,3007,test,133
2901,plan_02901,3008,train,13919
2902,plan_02902,3009,train,5824
2903,plan_02903,3010,train,4835
2904,plan_02904,3011,train,10951
2905,plan_02905,3012,train,10111
2906,plan_02906,3013,train,5352
2907,plan_02907,3014,train,8058
2908,plan_02908,3015,train,4330
2909,plan_02909,3016,train,4228
2910,plan_02910,3017,train,4976
2911,plan_02911,3018,train,8299
2912,plan_02912,3019,train,9216
2913,plan_02913,3020,train,18
2914,plan_02914,3021,train,4111
2915,plan_02915,3022,train,10877
2916,plan_02916,3023,train,5242
2917,plan_02917,3024,train,11609
2918,plan_02918,3025,train,3923
2919,plan_02919,3026,train,6680
2920,plan_02920,3027,train,11709
2921,plan_02921,3028,train,3575
2922,plan_02922,3029,train,2219
2923,plan_02923,3030,train,1206
2924,plan_02924,3031,train,10773
2925,plan_02925,3032,test,173
2926,plan_02926,3033,train,7317
2927,plan_02927,3034,train,7494
2928,plan_02928,3035,train,4872
2929,plan_02929,3036,train,4456
2930,plan_02930,3037,train,3914
2931,plan_02931,3038,train,2754
2932,plan_02932,3039,train,12931
2933,plan_02933,3040,test,878
2934,plan_02934,3041,train,3592
2935,plan_02935,3042,test,2271
2936,plan_02936,3043,train,11289
2937,plan_02937,3044,train,14213
2938,plan_02938,3045,train,9291
2939,plan_02939,3046,train,8505
2940,plan_02940,3047,train,14287
2941,plan_02941,3048,train,9244
2942,plan_02942,3049,train,9094
2943,plan_02943,3050,train,5764
2944,plan_02944,3051,train,8652
2945,plan_02945,3052,test,391
2946,plan_02946,3053,train,11453
2947,plan_02947,3054,train,10222
2948,plan_02948,3055,train,3916
2949,plan_02949,3056,train,2531
2950,plan_02950,3057,train,1615
2951,plan_02951,3058,train,8598
2952,plan_02952,3059,test,1495
2953,plan_02953,3060,train,8786
2954,plan_02954,3061,train,773
2955,plan_02955,3062,train,11342
2956,plan_02956,3063,train,13192
2957,plan_02957,3064,train,8401
2958,plan_02958,3065,train,3122
2959,plan_02959,3066,train,1824
2960,plan_02960,3067,train,2539
2961,plan_02961,3068,test,2088
2962,plan_02962,3069,test,952
2963,plan_02963,3070,train,7837
2964,plan_02964,3071,train,9149
2965,plan_02965,3072,test,436
2966,plan_02966,3073,train,1659
2967,plan_02967,3074,test,2103
2968,plan_02968,3075,train,2677
2969,plan_02969,3076,train,3563
2970,plan_02970,3077,train,7764
2971,plan_02971,3080,train,10560
2972,plan_02972,3081,train,2241
2973,plan_02973,3082,train,4360
2974,plan_02974,3083,train,4458
2975,plan_02975,3084,train,11004
2976,plan_02976,3085,train,12166
2977,plan_02977,3086,test,701
2978,plan_02978,3087,train,6077
2979,plan_02979,3088,train,11012
2980,plan_02980,3089,train,2637
2981,plan_02981,3090,train,3001
2982,plan_02982,3091,train,2721
2983,plan_02983,3092,train,13183
2984,plan_02984,3093,train,2453
2985,plan_02985,3094,train,14010
2986,plan_02986,3095,train,359
2987,plan_02987,3096,train,6593
2988,plan_02988,3097,train,2735
2989,plan_02989,3098,train,733
2990,plan_02990,3099,train,13008
2991,plan_02991,3100,train,12524
2992,plan_02992,3101,train,5970
2993,plan_02993,3102,train,4120
2994,plan_02994,3103,test,1969
2995,plan_02995,3104,train,3859
2996,plan_02996,3105,test,1182
2997,plan_02997,3106,test,350
2998,plan_02998,3107,train,10105
2999,plan_02999,3108,train,1970
3000,plan_03000,3109,train,9185
3001,plan_03001,3110,train,4796
3002,plan_03002,3111,train,10961
3003,plan_03003,3112,test,597
3004,plan_03004,3113,test,506
3005,plan_03005,3114,train,9505
3006,plan_03006,3115,train,9133
3007,plan_03007,3116,train,1046
3008,plan_03008,3117,train,7848
3009,plan_03009,3124,train,6908
3010,plan_03010,3125,train,805
3011,plan_03011,3126,train,9920
3012,plan_03012,3127,train,14249
3013,plan_03013,3128,train,4998
3014,plan_03014,3129,train,11738
3015,plan_03015,3130,train,1193
3016,plan_03016,3131,train,5348
3017,plan_03017,3132,train,10716
3018,plan_03018,3133,train,10882
3019,plan_03019,3134,train,14053
3020,plan_03020,3135,train,5394
3021,plan_03021,3136,test,528
3022,plan_03022,3137,train,1123
3023,plan_03023,3138,train,14071
3024,plan_03024,3139,test,709
3025,plan_03025,3140,test,1296
3026,plan_03026,3141,test,650
3027,plan_03027,3142,train,548
3028,plan_03028,3143,test,2513
3029,plan_03029,3144,train,13950
3030,plan_03030,3145,train,3895
3031,plan_03031,3146,train,3402
3032,plan_03032,3147,train,13387
3033,plan_03033,3148,train,8812
3034,plan_03034,3149,train,3996
3035,plan_03035,3150,test,1686
3036,plan_03036,3151,train,5918
3037,plan_03037,3152,train,12585
3038,plan_03038,3153,train,7065
3039,plan_03039,3154,train,872
3040,plan_03040,3155,train,13929
3041,plan_03041,3156,test,593
3042,plan_03042,3157,test,330
3043,plan_03043,3160,train,4880
3044,plan_03044,3161,train,11167
3045,plan_03045,3162,test,1568
3046,plan_03046,3163,train,13854
3047,plan_03047,3166,train,14184
3048,plan_03048,3167,train,14101
3049,plan_03049,3168,train,9099
3050,plan_03050,3169,train,4936
3051,plan_03051,3170,train,10164
3052,plan_03052,3171,train,836
3053,plan_03053,3172,train,1462
3054,plan_03054,3173,train,4258
3055,plan_03055,3174,train,5169
3056,plan_03056,3175,train,4402
3057,plan_03057,3176,test,2066
3058,plan_03058,3177,test,989
3059,plan_03059,3178,train,6588
3060,plan_03060,3179,test,215
3061,plan_03061,3180,train,6402
3062,plan_03062,3183,test,1140
3063,plan_03063,3184,test,2362
3064,plan_03064,3185,train,3737
3065,plan_03065,3186,train,578
3066,plan_03066,3187,train,6961
3067,plan_03067,3188,test,2475
3068,plan_03068,3189,train,1573
3069,plan_03069,3190,train,5029
3070,plan_03070,3191,train,9627
3071,plan_03071,3192,test,514
3072,plan_03072,3193,train,178
3073,plan_03073,3194,train,2229
3074,plan_03074,3195,train,7419
3075,plan_03075,3196,train,8956
3076,plan_03076,3197,train,5359
3077,plan_03077,3198,train,3502
3078,plan_03078,3199,test,862
3079,plan_03079,3200,test,1092
3080,plan_03080,3201,test,2145
3081,plan_03081,3202,train,9975
3082,plan_03082,3203,test,1033
3083,plan_03083,3204,train,10494
3084,plan_03084,3205,train,8603
3085,plan_03085,3206,train,2073
3086,plan_03086,3207,train,1392
3087,plan_03087,3208,train,573
3088,plan_03088,3209,train,14275
3089,plan_03089,3212,train,10369
3090,plan_03090,3213,train,7867
3091,plan_03091,3214,train,1820
3092,plan_03092,3215,train,5975
3093,plan_03093,3216,train,1810
3094,plan_03094,3217,train,5549
3095,plan_03095,3218,train,11620
3096,plan_03096,3219,train,9664
3097,plan_03097,3220,train,5773
3098,plan_03098,3221,train,7527
3099,plan_03099,3222,train,3175
3100,plan_03100,3223,train,7969
3101,plan_03101,3224,train,2623
3102,plan_03102,3225,train,11224
3103,plan_03103,3226,train,12849
3104,plan_03104,3227,train,5049
3105,plan_03105,3228,train,5184
3106,plan_03106,3229,train,9613
3107,plan_03107,3230,train,9032
3108,plan_03108,3231,train,2015
3109,plan_03109,3232,train,12564
3110,plan_03110,3233,train,6312
3111,plan_03111,3234,train,13366
3112,plan_03112,3235,train,9644
3113,plan_03113,3236,train,4881
3114,plan_03114,3237,train,1327
3115,plan_03115,3238,train,10263
3116,plan_03116,3239,test,1639
3117,plan_03117,3240,train,195
3118,plan_03118,3241,test,1877
3119,plan_03119,3242,train,7600
3120,plan_03120,3243,train,4970
3121,plan_03121,3244,test,2378
3122,plan_03122,3245,train,7965
3123,plan_03123,3246,train,6837
3124,plan_03124,3247,test,1646
3125,plan_03125,3248,test,1979
3126,plan_03126,3249,train,11872
3127,plan_03127,3250,train,7687
3128,plan_03128,3251,train,11382
3129,plan_03129,3252,train,10973
3130,plan_03130,3253,train,10924
3131,plan_03131,3254,test,653
3132,plan_03132,3255,test,328
3133,plan_03133,3256,train,14299
3134,plan_03134,3257,test,283
3135,plan_03135,3258,train,4706
3136,plan_03136,3259,train,9242
3137,plan_03137,3260,test,2108
3138,plan_03138,3261,test,1320
3139,plan_03139,3262,train,264
3140,plan_03140,3263,train,4819
3141,plan_03141,3264,train,4714
3142,plan_03142,3265,train,12323
3143,plan_03143,3266,train,7407
3144,plan_03144,3267,train,13799
3145,plan_03145,3268,train,10412
3146,plan_03146,3269,train,3498
3147,plan_03147,3270,train,14013
3148,plan_03148,3271,train,5925
3149,plan_03149,3272,train,12547
3150,plan_03150,3273,train,6083
3151,plan_03151,3274,test,982
3152,plan_03152,3275,train,2734
3153,plan_03153,3276,train,1465
3154,plan_03154,3277,train,1116
3155,plan_03155,3278,train,651
3156,plan_03156,3279,train,6198
3157,plan_03157,3280,train,1089
3158,plan_03158,3291,train,9877
3159,plan_03159,3292,test,194
3160,plan_03160,3293,train,8468
3161,plan_03161,3294,train,10395
3162,plan_03162,3295,train,13877
3163,plan_03163,3296,train,2410
3164,plan_03164,3297,train,718
3165,plan_03165,3298,train,14153
3166,plan_03166,3299,train,9071
3167,plan_03167,3300,train,10472
3168,plan_03168,3301,train,14333
3169,plan_03169,3302,test,204
3170,plan_03170,3303,train,11582
3171,plan_03171,3304,train,5826
3172,plan_03172,3305,train,4023
3173,plan_03173,3306,train,2665
3174,plan_03174,3307,train,3565
3175,plan_03175,3308,train,3308
3176,plan_03176,3309,test,2147
3177,plan_03177,3310,train,1278
3178,plan_03178,3311,train,10119
3179,plan_03179,3312,train,1333
3180,plan_03180,3313,train,11054
3181,plan_03181,3314,train,2179
3182,plan_03182,3315,train,10701
3183,plan_03183,3316,train,8417
3184,plan_03184,3317,train,286
3185,plan_03185,3318,train,11091
3186,plan_03186,3324,train,2078
3187,plan_03187,3325,train,6415
3188,plan_03188,3326,train,4566
3189,plan_03189,3327,train,9701
3190,plan_03190,3328,train,7480
3191,plan_03191,3329,train,9938
3192,plan_03192,3330,train,12949
3193,plan_03193,3331,train,12303
3194,plan_03194,3332,train,5134
3195,plan_03195,3333,test,1756
3196,plan_03196,3334,train,13534
3197,plan_03197,3335,train,2355
3198,plan_03198,3336,train,7576
3199,plan_03199,3337,train,7446
3200,plan_03200,3338,train,9113
3201,plan_03201,3339,train,631
3202,plan_03202,3340,train,2927
3203,plan_03203,3343,train,11214
3204,plan_03204,3344,train,8762
3205,plan_03205,3345,train,1563
3206,plan_03206,3346,train,940
3207,plan_03207,3347,test,1045
3208,plan_03208,3348,train,13570
3209,plan_03209,3349,train,7409
3210,plan_03210,3350,train,12452
3211,plan_03211,3355,train,11315
3212,plan_03212,3356,train,5233
3213,plan_03213,3357,train,297
3214,plan_03214,3358,train,4233
3215,plan_03215,3359,test,313
3216,plan_03216,3360,train,4590
3217,plan_03217,3361,train,12554
3218,plan_03218,3362,train,8167
3219,plan_03219,3363,train,4595
3220,plan_03220,3364,train,9486
3221,plan_03221,3365,train,11786
3222,plan_03222,3366,train,12138
3223,plan_03223,3367,train,3732
3224,plan_03224,3368,test,809
3225,plan_03225,3369,train,8996
3226,plan_03226,3370,train,5415
3227,plan_03227,3371,train,13060
3228,plan_03228,3372,train,13817
3229,plan_03229,3373,train,8478
3230,plan_03230,3374,test,696
3231,plan_03231,3375,train,5224
3232,plan_03232,3376,train,8390
3233,plan_03233,3377,train,2064
3234,plan_03234,3378,test,2173
3235,plan_03235,3379,train,5092
3236,plan_03236,3380,train,3064
3237,plan_03237,3382,train,7800
3238,plan_03238,3383,train,2582
3239,plan_03239,3384,train,6252
3240,plan_03240,3385,test,1079
3241,plan_03241,3386,train,12767
3242,plan_03242,3387,train,6408
3243,plan_03243,3389,train,3573
3244,plan_03244,3390,test,2090
3245,plan_03245,3391,train,5165
3246,plan_03246,3392,test,575
3247,plan_03247,3393,train,6936
3248,plan_03248,3394,train,10492
3249,plan_03249,3395,train,9565
3250,plan_03250,3396,train,12921
3251,plan_03251,3397,train,2767
3252,plan_03252,3398,train,10817
3253,plan_03253,3399,train,12085
3254,plan_03254,3400,train,4035
3255,plan_03255,3401,train,6089
3256,plan_03256,3402,train,5135
3257,plan_03257,3403,train,13897
3258,plan_03258,3404,train,1874
3259,plan_03259,3405,train,12306
3260,plan_03260,3406,test,2432
3261,plan_03261,3407,train,2880
3262,plan_03262,3408,train,13314
3263,plan_03263,3409,train,1994
3264,plan_03264,3410,train,5618
3265,plan_03265,3417,train,12571
3266,plan_03266,3418,test,1953
3267,plan_03267,3419,train,12539
3268,plan_03268,3420,train,1300
3269,plan_03269,3421,train,3878
3270,plan_03270,3422,train,4237
3271,plan_03271,3423,train,7066
3272,plan_03272,3424,train,7659
3273,plan_03273,3425,train,120
3274,plan_03274,3426,train,11301
3275,plan_03275,3427,train,6057
3276,plan_03276,3428,train,12748
3277,plan_03277,3429,train,176
3278,plan_03278,3430,train,1885
3279,plan_03279,3431,train,5039
3280,plan_03280,3432,train,280
3281,plan_03281,3433,train,12809
3282,plan_03282,3434,test,2115
3283,plan_03283,3435,train,8868
3284,plan_03284,3436,train,9597
3285,plan_03285,3437,train,9361
3286,plan_03286,3438,test,112
3287,plan_03287,3439,train,11910
3288,plan_03288,3440,test,252
3289,plan_03289,3441,test,1924
3290,plan_03290,3442,train,5603
3291,plan_03291,3444,train,3324
3292,plan_03292,3445,test,2492
3293,plan_03293,3446,train,12521
3294,plan_03294,3447,train,3626
3295,plan_03295,3448,train,7285
3296,plan_03296,3449,train,3720
3297,plan_03297,3450,train,7680
3298,plan_03298,3451,train,4646
3299,plan_03299,3452,train,824
3300,plan_03300,3453,train,5927
3301,plan_03301,3454,train,10651
3302,plan_03302,3455,train,11127
3303,plan_03303,3456,train,10519
3304,plan_03304,3457,train,7902
3305,plan_03305,3458,train,6341
3306,plan_03306,3459,train,1865
3307,plan_03307,3460,train,4684
3308,plan_03308,3461,train,788
3309,plan_03309,3462,train,2311
3310,plan_03310,3463,test,1810
3311,plan_03311,3464,train,7347
3312,plan_03312,3465,train,11720
3313,plan_03313,3466,train,10655
3314,plan_03314,3467,test,2046
3315,plan_03315,3468,test,1476
3316,plan_03316,3469,test,1932
3317,plan_03317,3470,train,12114
3318,plan_03318,3471,train,5778
3319,plan_03319,3472,train,6793
3320,plan_03320,3473,train,2352
3321,plan_03321,3474,test,2537
3322,plan_03322,3475,train,10795
3323,plan_03323,3476,test,1370
3324,plan_03324,3477,train,6571
3325,plan_03325,3478,test,69
3326,plan_03326,3479,train,3131
3327,plan_03327,3480,test,1369
3328,plan_03328,3481,test,1965
3329,plan_03329,3482,train,4972
3330,plan_03330,3483,train,10047
3331,plan_03331,3484,train,12014
3332,plan_03332,3488,train,2953
3333,plan_03333,3489,train,6972
3334,plan_03334,3490,train,6859
3335,plan_03335,3491,train,5647
3336,plan_03336,3492,train,13638
3337,plan_03337,3493,train,6526
3338,plan_03338,3494,train,1812
3339,plan_03339,3495,train,11975
3340,plan_03340,3496,train,10425
3341,plan_03341,3497,test,192
3342,plan_03342,3498,test,2189
3343,plan_03343,3499,train,8636
3344,plan_03344,3500,train,13454
3345,plan_03345,3501,train,8264
3346,plan_03346,3502,train,7839
3347,plan_03347,3503,train,11265
3348,plan_03348,3504,train,7221
3349,plan_03349,3505,train,7257
3350,plan_03350,3506,train,9966
3351,plan_03351,3507,train,14156
3352,plan_03352,3508,train,11876
3353,plan_03353,3509,train,1110
3354,plan_03354,3510,train,5296
3355,plan_03355,3511,train,10289
3356,plan_03356,3512,train,8273
3357,plan_03357,3513,train,4089
3358,plan_03358,3514,train,9104
3359,plan_03359,3515,train,10948
3360,plan_03360,3516,train,717
3361,plan_03361,3517,train,13617
3362,plan_03362,3518,train,8165
3363,plan_03363,3519,train,10009
3364,plan_03364,3520,train,11474
3365,plan_03365,3521,test,958
3366,plan_03366,3522,train,12045
3367,plan_03367,3523,train,13972
3368,plan_03368,3524,train,4382
3369,plan_03369,3525,train,10318
3370,plan_03370,3526,train,855
3371,plan_03371,3527,test,1635
3372,plan_03372,3528,train,3156
3373,plan_03373,3529,train,1242
3374,plan_03374,3530,train,3949
3375,plan_03375,3531,train,60
3376,plan_03376,3532,train,10075
3377,plan_03377,3533,train,6285
3378,plan_03378,3534,train,9396
3379,plan_03379,3535,test,91
3380,plan_03380,3536,train,13205
3381,plan_03381,3537,test,1572
3382,plan_03382,3538,test,605
3383,plan_03383,3539,train,1586
3384,plan_03384,3540,train,10477
3385,plan_03385,3541,train,5965
3386,plan_03386,3542,train,9992
3387,plan_03387,3543,train,687
3388,plan_03388,3544,test,2199
3389,plan_03389,3545,train,1844
3390,plan_03390,3546,test,2398
3391,plan_03391,3547,train,8101
3392,plan_03392,3548,train,8174
3393,plan_03393,3549,train,6898
3394,plan_03394,3550,train,5025
3395,plan_03395,3551,train,13719
3396,plan_03396,3552,train,10192
3397,plan_03397,3553,test,0
3398,plan_03398,3554,train,7951
3399,plan_03399,3555,test,1778
3400,plan_03400,3556,train,3972
3401,plan_03401,3557,train,5910
3402,plan_03402,3558,train,12576
3403,plan_03403,3559,train,2360
3404,plan_03404,3560,train,1260
3405,plan_03405,3561,train,1024
3406,plan_03406,3562,train,11175
3407,plan_03407,3563,train,821
3408,plan_03408,3564,train,2232
3409,plan_03409,3569,train,5424
3410,plan_03410,3570,train,4106
3411,plan_03411,3571,test,2153
3412,plan_03412,3572,train,9949
3413,plan_03413,3573,train,11652
3414,plan_03414,3574,train,1436
3415,plan_03415,3575,train,6759
3416,plan_03416,3576,train,3619
3417,plan_03417,3577,train,3954
3418,plan_03418,3578,train,9409
3419,plan_03419,3579,test,1908
3420,plan_03420,3580,train,5373
3421,plan_03421,3581,test,1026
3422,plan_03422,3582,train,1561
3423,plan_03423,3583,train,4892
3424,plan_03424,3584,train,699
3425,plan_03425,3585,train,716
3426,plan_03426,3586,train,4900
3427,plan_03427,3587,train,6783
3428,plan_03428,3588,train,8504
3429,plan_03429,3589,train,10073
3430,plan_03430,3590,train,5745
3431,plan_03431,3591,train,13714
3432,plan_03432,3592,train,10447
3433,plan_03433,3593,train,1600
3434,plan_03434,3594,test,1739
3435,plan_03435,3595,train,3666
3436,plan_03436,3596,train,4118
3437,plan_03437,3597,test,1229
3438,plan_03438,3598,train,12448
3439,plan_03439,3599,train,11031
3440,plan_03440,3600,test,543
3441,plan_03441,3601,train,13690
3442,plan_03442,3602,train,4773
3443,plan_03443,3603,train,8078
3444,plan_03444,3604,train,11580
3445,plan_03445,3605,train,11625
3446,plan_03446,3606,train,11954
3447,plan_03447,3608,train,9924
3448,plan_03448,3609,train,2952
3449,plan_03449,3610,test,1914
3450,plan_03450,3611,train,10504
3451,plan_03451,3612,train,6823
3452,plan_03452,3613,train,11352
3453,plan_03453,3614,train,10661
3454,plan_03454,3615,train,6233
3455,plan_03455,3616,train,5644
3456,plan_03456,3617,train,9965
3457,plan_03457,3618,train,11541
3458,plan_03458,3619,train,6641
3459,plan_03459,3620,train,102
3460,plan_03460,3621,test,620
3461,plan_03461,3622,train,8622
3462,plan_03462,3623,train,6190
3463,plan_03463,3624,test,604
3464,plan_03464,3625,train,6238
3465,plan_03465,3626,train,8226
3466,plan_03466,3627,test,489
3467,plan_03467,3628,train,2101
3468,plan_03468,3629,train,13857
3469,plan_03469,3630,train,12420
3470,plan_03470,3631,train,7845
3471,plan_03471,3632,train,1343
3472,plan_03472,3633,train,10427
3473,plan_03473,3634,train,5312
3474,plan_03474,3635,train,13078
3475,plan_03475,3636,train,12594
3476,plan_03476,3637,train,11240
3477,plan_03477,3638,train,12409
3478,plan_03478,3639,train,8616
3479,plan_03479,3640,train,13707
3480,plan_03480,3641,train,1232
3481,plan_03481,3642,train,7387
3482,plan_03482,3643,train,5414
3483,plan_03483,3644,train,10145
3484,plan_03484,3645,test,1724
3485,plan_03485,3646,train,6640
3486,plan_03486,3647,train,51
3487,plan_03487,3648,train,3255
3488,plan_03488,3649,train,2279
3489,plan_03489,3650,train,5235
3490,plan_03490,3652,test,2033
3491,plan_03491,3653,train,4065
3492,plan_03492,3654,train,3927
3493,plan_03493,3655,train,3765
3494,plan_03494,3656,train,1056
3495,plan_03495,3657,test,1868
3496,plan_03496,3658,train,8056
3497,plan_03497,3659,train,8623
3498,plan_03498,3660,train,1159
3499,plan_03499,3661,train,344
3500,plan_03500,3662,train,13126
3501,plan_03501,3663,train,3868
3502,plan_03502,3664,train,6161
3503,plan_03503,3665,train,4235
3504,plan_03504,3666,train,7111
3505,plan_03505,3667,train,2346
3506,plan_03506,3668,train,8532
3507,plan_03507,3669,train,5637
3508,plan_03508,3670,train,13098
3509,plan_03509,3671,train,7236
3510,plan_03510,3672,train,3050
3511,plan_03511,3673,train,785
3512,plan_03512,3674,train,14026
3513,plan_03513,3675,train,6795
3514,plan_03514,3676,train,11648
3515,plan_03515,3677,train,6078
3516,plan_03516,3678,train,4448
3517,plan_03517,3679,train,469
3518,plan_03518,3680,train,5507
3519,plan_03519,3681,test,2525
3520,plan_03520,3682,train,10844
3521,plan_03521,3683,train,7155
3522,plan_03522,3684,test,708
3523,plan_03523,3685,train,5313
3524,plan_03524,3686,train,3834
3525,plan_03525,3687,train,11336
3526,plan_03526,3688,train,2423
3527,plan_03527,3689,train,9959
3528,plan_03528,3690,train,12912
3529,plan_03529,3691,train,7871
3530,plan_03530,3692,test,2102
3531,plan_03531,3693,train,7195
3532,plan_03532,3694,train,5249
3533,plan_03533,3695,train,9967
3534,plan_03534,3696,train,8222
3535,plan_03535,3697,train,2787
3536,plan_03536,3698,train,10196
3537,plan_03537,3699,train,6676
3538,plan_03538,3700,train,540
3539,plan_03539,3701,train,208
3540,plan_03540,3702,train,1453
3541,plan_03541,3703,train,1575
3542,plan_03542,3704,train,2178
3543,plan_03543,3705,train,3336
3544,plan_03544,3706,train,1023
3545,plan_03545,3707,train,3585
3546,plan_03546,3708,train,7168
3547,plan_03547,3709,train,12555
3548,plan_03548,3710,train,1576
3549,plan_03549,3711,train,1825
3550,plan_03550,3712,train,14113
3551,plan_03551,3713,test,457
3552,plan_03552,3714,train,10754
3553,plan_03553,3715,train,5227
3554,plan_03554,3716,train,8567
3555,plan_03555,3717,train,126
3556,plan_03556,3718,train,13344
3557,plan_03557,3719,train,11313
3558,plan_03558,3720,train,9926
3559,plan_03559,3721,train,9088
3560,plan_03560,3722,train,8360
3561,plan_03561,3723,train,6436
3562,plan_03562,3724,train,6547
3563,plan_03563,3725,train,14267
3564,plan_03564,3726,train,9490
3565,plan_03565,3728,train,10352
3566,plan_03566,3729,train,13302
3567,plan_03567,3730,train,5563
3568,plan_03568,3731,train,9952
3569,plan_03569,3732,train,94
3570,plan_03570,3733,train,446
3571,plan_03571,3734,train,11590
3572,plan_03572,3735,train,12518
3573,plan_03573,3736,train,5386
3574,plan_03574,3737,test,765
3575,plan_03575,3738,train,12537
3576,plan_03576,3739,train,14182
3577,plan_03577,3740,train,12605
3578,plan_03578,3741,train,1273
3579,plan_03579,3742,train,11027
3580,plan_03580,3743,train,1387
3581,plan_03581,3744,train,9220
3582,plan_03582,3745,test,2336
3583,plan_03583,3746,train,9416
3584,plan_03584,3747,train,1873
3585,plan_03585,3748,train,11291
3586,plan_03586,3749,train,2658
3587,plan_03587,3750,train,11318
3588,plan_03588,3751,train,4324
3589,plan_03589,3752,train,8835
3590,plan_03590,3753,train,5541
3591,plan_03591,3754,test,62
3592,plan_03592,3755,train,6172
3593,plan_03593,3756,train,7896
3594,plan_03594,3757,train,11771
3595,plan_03595,3758,train,4117
3596,plan_03596,3759,train,6387
3597,plan_03597,3760,train,9271
3598,plan_03598,3761,train,7191
3599,plan_03599,3762,train,12436
3600,plan_03600,3763,train,4010
3601,plan_03601,3764,train,14423
3602,plan_03602,3765,train,6474
3603,plan_03603,3766,train,2207
3604,plan_03604,3767,train,11026
3605,plan_03605,3768,train,5850
3606,plan_03606,3769,train,1167
3607,plan_03607,3770,train,6962
3608,plan_03608,3771,train,13425
3609,plan_03609,3772,train,11451
3610,plan_03610,3773,train,8898
3611,plan_03611,3774,train,7227
3612,plan_03612,3775,train,4375
3613,plan_03613,3776,test,964
3614,plan_03614,3777,train,6943
3615,plan_03615,3778,train,138
3616,plan_03616,3779,train,1892
3617,plan_03617,3780,train,10487
3618,plan_03618,3781,train,13660
3619,plan_03619,3784,train,1054
3620,plan_03620,3785,train,3516
3621,plan_03621,3786,train,12403
3622,plan_03622,3787,train,1150
3623,plan_03623,3788,train,688
3624,plan_03624,3789,train,13255
3625,plan_03625,3790,train,9639
3626,plan_03626,3791,train,8385
3627,plan_03627,3792,train,8799
3628,plan_03628,3793,train,14381
3629,plan_03629,3794,train,1850
3630,plan_03630,3795,train,14102
3631,plan_03631,3796,train,14245
3632,plan_03632,3797,train,1558
3633,plan_03633,3798,train,7315
3634,plan_03634,3799,train,13635
3635,plan_03635,3800,train,11179
3636,plan_03636,3801,train,3640
3637,plan_03637,3802,test,1684
3638,plan_03638,3803,train,843
3639,plan_03639,3804,train,8588
3640,plan_03640,3805,train,3233
3641,plan_03641,3806,train,8721
3642,plan_03642,3807,train,11385
3643,plan_03643,3808,train,5125
3644,plan_03644,3809,train,3445
3645,plan_03645,3810,train,12689
3646,plan_03646,3811,train,8570
3647,plan_03647,3812,train,13891
3648,plan_03648,3813,train,7783
3649,plan_03649,3814,train,8657
3650,plan_03650,3815,train,4894
3651,plan_03651,3816,train,2497
3652,plan_03652,3817,train,14232
3653,plan_03653,3818,train,8690
3654,plan_03654,3819,train,3328
3655,plan_03655,3820,train,8618
3656,plan_03656,3821,train,7744
3657,plan_03657,3822,train,12660
3658,plan_03658,3823,train,13254
3659,plan_03659,3824,train,5554
3660,plan_03660,3825,train,4734
3661,plan_03661,3826,train,9922
3662,plan_03662,3827,train,1459
3663,plan_03663,3828,train,5914
3664,plan_03664,3829,train,13622
3665,plan_03665,3830,train,13444
3666,plan_03666,3831,train,7787
3667,plan_03667,3832,train,10471
3668,plan_03668,3833,test,1285
3669,plan_03669,3834,train,11706
3670,plan_03670,3835,train,5195
3671,plan_03671,3836,train,4393
3672,plan_03672,3837,train,175
3673,plan_03673,3838,train,12444
3674,plan_03674,3839,train,6158
3675,plan_03675,3842,train,1783
3676,plan_03676,3843,train,6671
3677,plan_03677,3844,train,13582
3678,plan_03678,3845,test,1060
3679,plan_03679,3846,train,9689
3680,plan_03680,3847,train,647
3681,plan_03681,3848,train,3326
3682,plan_03682,3849,train,8147
3683,plan_03683,3850,train,6040
3684,plan_03684,3851,train,13867
3685,plan_03685,3852,train,14020
3686,plan_03686,3853,train,2458
3687,plan_03687,3854,train,7013
3688,plan_03688,3855,train,421
3689,plan_03689,3856,train,5011
3690,plan_03690,3857,train,12206
3691,plan_03691,3858,train,13498
3692,plan_03692,3859,train,8133
3693,plan_03693,3860,train,8442
3694,plan_03694,3861,train,4132
3695,plan_03695,3865,train,1231
3696,plan_03696,3866,train,7180
3697,plan_03697,3867,train,13816
3698,plan_03698,3868,test,1899
3699,plan_03699,3870,train,86
3700,plan_03700,3871,train,10035
3701,plan_03701,3872,train,9123
3702,plan_03702,3873,train,8894
3703,plan_03703,3874,train,672
3704,plan_03704,3875,train,1308
3705,plan_03705,3876,train,5202
3706,plan_03706,3877,train,6779
3707,plan_03707,3878,test,2288
3708,plan_03708,3879,train,3649
3709,plan_03709,3880,train,697
3710,plan_03710,3881,train,7325
3711,plan_03711,3882,train,251
3712,plan_03712,3883,train,10252
3713,plan_03713,3884,train,5939
3714,plan_03714,3885,test,191
3715,plan_03715,3886,train,10725
3716,plan_03716,3887,test,2486
3717,plan_03717,3888,train,7230
3718,plan_03718,3889,train,9512
3719,plan_03719,3890,train,11669
3720,plan_03720,3891,train,13604
3721,plan_03721,3892,train,10664
3722,plan_03722,3893,train,2019
3723,plan_03723,3894,train,3713
3724,plan_03724,3895,train,8169
3725,plan_03725,3896,train,13874
3726,plan_03726,3897,train,1845
3727,plan_03727,3898,test,311
3728,plan_03728,3899,train,5008
3729,plan_03729,3900,train,11401
3730,plan_03730,3901,test,1549
3731,plan_03731,3902,train,13835
3732,plan_03732,3903,train,6772
3733,plan_03733,3904,test,34
3734,plan_03734,3905,train,13019
3735,plan_03735,3906,train,3199
3736,plan_03736,3907,train,1121
3737,plan_03737,3908,train,9156
3738,plan_03738,3909,train,4586
3739,plan_03739,3910,train,4733
3740,plan_03740,3911,train,3134
3741,plan_03741,3912,train,5530
3742,plan_03742,3913,train,3983
3743,plan_03743,3914,train,13884
3744,plan_03744,3915,train,13555
3745,plan_03745,3916,train,6615
3746,plan_03746,3917,train,11302
3747,plan_03747,3918,test,1591
3748,plan_03748,3919,train,14181
3749,plan_03749,3920,train,349
3750,plan_03750,3921,train,14254
3751,plan_03751,3922,train,11276
3752,plan_03752,3923,test,540
3753,plan_03753,3925,train,6985
3754,plan_03754,3927,train,8002
3755,plan_03755,3928,train,6221
3756,plan_03756,3929,train,5661
3757,plan_03757,3930,train,8220
3758,plan_03758,3931,train,12822
3759,plan_03759,3932,train,5876
3760,plan_03760,3933,train,1708
3761,plan_03761,3934,test,375
3762,plan_03762,3935,train,12502
3763,plan_03763,3936,train,1523
3764,plan_03764,3937,train,10599
3765,plan_03765,3938,train,11759
3766,plan_03766,3939,train,10283
3767,plan_03767,3941,train,10672
3768,plan_03768,3942,train,12135
3769,plan_03769,3943,test,1144
3770,plan_03770,3944,train,5013
3771,plan_03771,3945,train,9541
3772,plan_03772,3946,train,6858
3773,plan_03773,3947,train,9403
3774,plan_03774,3948,test,1647
3775,plan_03775,3949,train,14405
3776,plan_03776,3950,train,8880
3777,plan_03777,3951,train,5283
3778,plan_03778,3952,train,10650
3779,plan_03779,3953,train,4838
3780,plan_03780,3954,train,13280
3781,plan_03781,3955,train,3934
3782,plan_03782,3956,train,1507
3783,plan_03783,3957,train,8048
3784,plan_03784,3958,train,13769
3785,plan_03785,3959,train,10746
3786,plan_03786,3960,train,6954
3787,plan_03787,3961,test,739
3788,plan_03788,3962,train,12389
3789,plan_03789,3963,test,2365
3790,plan_03790,3964,train,2048
3791,plan_03791,3965,test,242
3792,plan_03792,3966,train,1955
3793,plan_03793,3967,train,11607
3794,plan_03794,3968,train,4756
3795,plan_03795,3969,train,11215
3796,plan_03796,3970,train,7482
3797,plan_03797,3971,train,1080
3798,plan_03798,3972,train,10654
3799,plan_03799,3973,train,1533
3800,plan_03800,3974,train,7170
3801,plan_03801,3975,train,8028
3802,plan_03802,3976,train,9870
3803,plan_03803,3977,train,2855
3804,plan_03804,3978,train,8746
3805,plan_03805,3979,test,1936
3806,plan_03806,3980,train,13773
3807,plan_03807,3981,train,6485
3808,plan_03808,3983,train,7546
3809,plan_03809,3984,train,2135
3810,plan_03810,3985,train,3576
3811,plan_03811,3986,train,11487
3812,plan_03812,3988,train,8849
3813,plan_03813,3989,test,1080
3814,plan_03814,3990,test,870
3815,plan_03815,3991,train,5571
3816,plan_03816,3992,train,518
3817,plan_03817,3993,train,2774
3818,plan_03818,3994,train,3282
3819,plan_03819,3995,test,919
3820,plan_03820,3996,test,863
3821,plan_03821,3997,train,7433
3822,plan_03822,3998,test,2075
3823,plan_03823,3999,train,5864
3824,plan_03824,4000,train,7233
3825,plan_03825,4001,train,7048
3826,plan_03826,4002,train,2057
3827,plan_03827,4003,test,1101
3828,plan_03828,4004,test,1697
3829,plan_03829,4005,train,4752
3830,plan_03830,4006,train,5959
3831,plan_03831,4007,train,8248
3832,plan_03832,4008,train,2439
3833,plan_03833,4009,test,304
3834,plan_03834,4010,train,12914
3835,plan_03835,4011,train,3056
3836,plan_03836,4012,train,3066
3837,plan_03837,4013,test,293
3838,plan_03838,4014,train,12319
3839,plan_03839,4015,train,12548
3840,plan_03840,4016,train,3896
3841,plan_03841,4017,train,282
3842,plan_03842,4018,train,11714
3843,plan_03843,4019,train,5076
3844,plan_03844,4020,train,7830
3845,plan_03845,4021,train,12363
3846,plan_03846,4022,train,5788
3847,plan_03847,4023,train,12243
3848,plan_03848,4024,train,8684
3849,plan_03849,4025,train,7522
3850,plan_03850,4026,train,8924
3851,plan_03851,4027,train,430
3852,plan_03852,4028,train,8533
3853,plan_03853,4029,train,10969
3854,plan_03854,4030,test,791
3855,plan_03855,4031,train,9468
3856,plan_03856,4032,train,2389
3857,plan_03857,4033,train,1887
3858,plan_03858,4034,train,5310
3859,plan_03859,4035,train,2176
3860,plan_03860,4036,train,8160
3861,plan_03861,4037,test,224
3862,plan_03862,4038,train,3778
3863,plan_03863,4039,train,339
3864,plan_03864,4040,train,3032
3865,plan_03865,4041,train,13724
3866,plan_03866,4042,train,6668
3867,plan_03867,4043,train,10705
3868,plan_03868,4044,train,8395
3869,plan_03869,4045,train,1709
3870,plan_03870,4046,train,4611
3871,plan_03871,4047,train,1458
3872,plan_03872,4048,train,10024
3873,plan_03873,4049,test,1918
3874,plan_03874,4050,train,13435
3875,plan_03875,4051,train,197
3876,plan_03876,4052,train,5634
3877,plan_03877,4053,train,3686
3878,plan_03878,4054,train,6596
3879,plan_03879,4055,test,2062
3880,plan_03880,4056,train,8387
3881,plan_03881,4057,train,5426
3882,plan_03882,4058,train,4287
3883,plan_03883,4059,train,2181
3884,plan_03884,4060,train,14027
3885,plan_03885,4061,test,2459
3886,plan_03886,4062,train,13876
3887,plan_03887,4063,train,9669
3888,plan_03888,4064,train,3988
3889,plan_03889,4065,train,14093
3890,plan_03890,4066,train,1764
3891,plan_03891,4067,train,6039
3892,plan_03892,4068,train,10567
3893,plan_03893,4069,train,12673
3894,plan_03894,4070,test,2273
3895,plan_03895,4071,train,1937
3896,plan_03896,4072,train,1328
3897,plan_03897,4073,train,5007
3898,plan_03898,4074,train,14150
3899,plan_03899,4075,train,10925
3900,plan_03900,4076,test,885
3901,plan_03901,4077,train,232
3902,plan_03902,4078,test,2381
3903,plan_03903,4079,train,13452
3904,plan_03904,4080,train,1964
3905,plan_03905,4081,train,10749
3906,plan_03906,4082,train,486
3907,plan_03907,4083,train,2976
3908,plan_03908,4084,test,1585
3909,plan_03909,4085,train,10818
3910,plan_03910,4086,train,1002
3911,plan_03911,4087,train,4915
3912,plan_03912,4088,train,3169
3913,plan_03913,4089,train,13022
3914,plan_03914,4090,train,12541
3915,plan_03915,4093,train,9956
3916,plan_03916,4094,train,11539
3917,plan_03917,4095,train,13458
3918,plan_03918,4096,train,11095
3919,plan_03919,4097,train,12259
3920,plan_03920,4098,train,161
3921,plan_03921,4099,train,8523
3922,plan_03922,4100,train,7712
3923,plan_03923,4101,test,1704
3924,plan_03924,4102,train,593
3925,plan_03925,4103,test,843
3926,plan_03926,4104,train,568
3927,plan_03927,4105,train,12377
3928,plan_03928,4106,train,5072
3929,plan_03929,4107,test,1455
3930,plan_03930,4108,train,4672
3931,plan_03931,4109,train,3107
3932,plan_03932,4110,train,8096
3933,plan_03933,4111,train,9614
3934,plan_03934,4112,train,8366
3935,plan_03935,4113,train,7501
3936,plan_03936,4114,train,4249
3937,plan_03937,4115,train,7190
3938,plan_03938,4116,train,7490
3939,plan_03939,4117,test,1433
3940,plan_03940,4118,train,8606
3941,plan_03941,4119,test,1720
3942,plan_03942,4120,train,4858
3943,plan_03943,4121,train,10317
3944,plan_03944,4122,train,9375
3945,plan_03945,4123,train,7074
3946,plan_03946,4124,train,3838
3947,plan_03947,4125,train,11180
3948,plan_03948,4126,train,8594
3949,plan_03949,4127,train,7171
3950,plan_03950,4128,train,11752
3951,plan_03951,4129,train,3818
3952,plan_03952,4130,train,3709
3953,plan_03953,4131,train,6655
3954,plan_03954,4132,train,1518
3955,plan_03955,4133,train,8968
3956,plan_03956,4134,train,12826
3957,plan_03957,4135,train,14052
3958,plan_03958,4136,train,12893
3959,plan_03959,4137,train,10550
3960,plan_03960,4138,train,14241
3961,plan_03961,4139,train,7583
3962,plan_03962,4140,test,1153
3963,plan_03963,4141,train,996
3964,plan_03964,4142,train,6894
3965,plan_03965,4143,train,9433
3966,plan_03966,4144,train,334
3967,plan_03967,4145,train,6946
3968,plan_03968,4146,train,5378
3969,plan_03969,4147,train,8419
3970,plan_03970,4148,train,4296
3971,plan_03971,4149,train,6525
3972,plan_03972,4150,train,5404
3973,plan_03973,4151,train,1596
3974,plan_03974,4152,train,10579
3975,plan_03975,4153,train,14297
3976,plan_03976,4154,train,602
3977,plan_03977,4155,train,14404
3978,plan_03978,4156,train,6661
3979,plan_03979,4157,train,6479
3980,plan_03980,4158,train,445
3981,plan_03981,4159,test,751
3982,plan_03982,4160,train,4893
3983,plan_03983,4161,train,10190
3984,plan_03984,4162,train,5873
3985,plan_03985,4163,train,7314
3986,plan_03986,4164,train,9279
3987,plan_03987,4165,train,1254
3988,plan_03988,4166,train,12072
3989,plan_03989,4167,train,684
3990,plan_03990,4168,train,13290
3991,plan_03991,4169,train,1283
3992,plan_03992,4170,train,13338
3993,plan_03993,4171,test,1683
3994,plan_03994,4172,train,7697
3995,plan_03995,4173,train,13805
3996,plan_03996,4174,train,9012
3997,plan_03997,4175,train,6367
3998,plan_03998,4176,train,1266
3999,plan_03999,4177,train,14081
4000,plan_04000,4178,train,8966
4001,plan_04001,4179,train,3583
4002,plan_04002,4180,test,1691
4003,plan_04003,4181,train,403
4004,plan_04004,4182,train,11231
4005,plan_04005,4183,train,4612
4006,plan_04006,4184,train,8710
4007,plan_04007,4185,test,1579
4008,plan_04008,4186,train,4813
4009,plan_04009,4187,train,9673
4010,plan_04010,4188,train,1285
4011,plan_04011,4189,train,2471
4012,plan_04012,4190,train,11360
4013,plan_04013,4191,train,5061
4014,plan_04014,4192,train,9646
4015,plan_04015,4193,test,1746
4016,plan_04016,4194,train,14263
4017,plan_04017,4195,train,6328
4018,plan_04018,4196,test,2106
4019,plan_04019,4197,train,11237
4020,plan_04020,4198,train,1170
4021,plan_04021,4199,test,2080
4022,plan_04022,4200,train,7903
4023,plan_04023,4201,train,6570
4024,plan_04024,4202,train,7934
4025,plan_04025,4203,train,8381
4026,plan_04026,4204,test,2124
4027,plan_04027,4205,train,3172
4028,plan_04028,4207,test,220
4029,plan_04029,4208,train,6761
4030,plan_04030,4209,test,2481
4031,plan_04031,4210,train,5181
4032,plan_04032,4211,train,5922
4033,plan_04033,4212,train,2876
4034,plan_04034,4213,train,1938
4035,plan_04035,4214,train,3406
4036,plan_04036,4215,train,4241
4037,plan_04037,4216,train,12143
4038,plan_04038,4217,train,11800
4039,plan_04039,4218,train,1351
4040,plan_04040,4219,train,191
4041,plan_04041,4220,train,4257
4042,plan_04042,4221,train,692
4043,plan_04043,4222,train,6185
4044,plan_04044,4223,train,5257
4045,plan_04045,4224,train,8644
4046,plan_04046,4225,test,237
4047,plan_04047,4226,test,1749
4048,plan_04048,4227,train,7396
4049,plan_04049,4228,train,4578
4050,plan_04050,4229,train,10589
4051,plan_04051,4230,test,673
4052,plan_04052,4231,train,9230
4053,plan_04053,4232,train,12939
4054,plan_04054,4235,train,8631
4055,plan_04055,4236,train,9530
4056,plan_04056,4237,test,1085
4057,plan_04057,4238,train,970
4058,plan_04058,4239,train,4627
4059,plan_04059,4240,train,10467
4060,plan_04060,4241,train,10916
4061,plan_04061,4242,train,1784
4062,plan_04062,4243,train,9528
4063,plan_04063,4244,train,9318
4064,plan_04064,4245,test,872
4065,plan_04065,4246,train,6573
4066,plan_04066,4247,train,9004
4067,plan_04067,4248,train,10837
4068,plan_04068,4249,train,13501
4069,plan_04069,4250,train,8407
4070,plan_04070,4251,train,5821
4071,plan_04071,4252,train,5591
4072,plan_04072,4253,train,6994
4073,plan_04073,4254,train,7361
4074,plan_04074,4255,train,12937
4075,plan_04075,4256,train,8901
4076,plan_04076,4257,train,8542
4077,plan_04077,4258,train,2085
4078,plan_04078,4259,train,922
4079,plan_04079,4260,train,1515
4080,plan_04080,4261,train,9932
4081,plan_04081,4262,train,13089
4082,plan_04082,4263,train,5740
4083,plan_04083,4264,train,11097
4084,plan_04084,4265,test,1761
4085,plan_04085,4266,test,632
4086,plan_04086,4267,train,2075
4087,plan_04087,4268,test,1323
4088,plan_04088,4269,train,2100
4089,plan_04089,4270,test,1297
4090,plan_04090,4271,train,11309
4091,plan_04091,4272,train,10054
4092,plan_04092,4273,train,4369
4093,plan_04093,4274,test,2193
4094,plan_04094,4275,train,13075
4095,plan_04095,4276,train,4418
4096,plan_04096,4277,train,7863
4097,plan_04097,4278,train,12443
4098,plan_04098,4279,train,9607
4099,plan_04099,4280,test,1624
4100,plan_04100,4281,train,12685
4101,plan_04101,4282,train,8386
4102,plan_04102,4283,train,6215
4103,plan_04103,4284,train,8543
4104,plan_04104,4285,train,12126
4105,plan_04105,4286,train,9590
4106,plan_04106,4287,train,9359
4107,plan_04107,4288,train,3928
4108,plan_04108,4289,train,12749
4109,plan_04109,4290,train,4244
4110,plan_04110,4291,test,1044
4111,plan_04111,4292,test,2300
4112,plan_04112,4293,train,2885
4113,plan_04113,4294,test,1469
4114,plan_04114,4295,test,1887
4115,plan_04115,4296,test,721
4116,plan_04116,4297,train,9564
4117,plan_04117,4298,test,1784
4118,plan_04118,4299,train,8307
4119,plan_04119,4300,train,6937
4120,plan_04120,4301,train,9339
4121,plan_04121,4302,train,2703
4122,plan_04122,4303,train,11361
4123,plan_04123,4304,train,10840
4124,plan_04124,4305,test,2374
4125,plan_04125,4306,train,2725
4126,plan_04126,4307,train,5005
4127,plan_04127,4308,train,87
4128,plan_04128,4309,train,2752
4129,plan_04129,4310,train,1361
4130,plan_04130,4311,train,7471
4131,plan_04131,4312,train,14440
4132,plan_04132,4313,train,3816
4133,plan_04133,4314,train,13829
4134,plan_04134,4315,train,9517
4135,plan_04135,4316,train,4195
4136,plan_04136,4317,train,5476
4137,plan_04137,4318,train,1553
4138,plan_04138,4319,train,8458
4139,plan_04139,4320,train,12034
4140,plan_04140,4321,train,3744
4141,plan_04141,4322,test,671
4142,plan_04142,4323,test,2506
4143,plan_04143,4324,train,3121
4144,plan_04144,4325,test,1814
4145,plan_04145,4326,train,118
4146,plan_04146,4327,train,12314
4147,plan_04147,4328,train,8525
4148,plan_04148,4329,train,4739
4149,plan_04149,4330,train,247
4150,plan_04150,4331,train,9659
4151,plan_04151,4332,test,2042
4152,plan_04152,4333,train,4897
4153,plan_04153,4334,train,1950
4154,plan_04154,4335,train,11817
4155,plan_04155,4336,train,3841
4156,plan_04156,4337,test,1441
4157,plan_04157,4338,train,10174
4158,plan_04158,4339,train,8854
4159,plan_04159,4340,train,12955
4160,plan_04160,4341,train,14301
4161,plan_04161,4342,test,2415
4162,plan_04162,4343,train,775
4163,plan_04163,4344,train,5923
4164,plan_04164,4345,train,1636
4165,plan_04165,4346,test,2287
4166,plan_04166,4347,train,11025
4167,plan_04167,4348,train,14266
4168,plan_04168,4349,train,9677
4169,plan_04169,4350,test,1614
4170,plan_04170,4351,train,2983
4171,plan_04171,4352,test,2375
4172,plan_04172,4353,train,14203
4173,plan_04173,4354,train,2700
4174,plan_04174,4355,train,10934
4175,plan_04175,4356,test,1481
4176,plan_04176,4357,train,4310
4177,plan_04177,4358,train,9566
4178,plan_04178,4359,train,9988
4179,plan_04179,4360,train,4533
4180,plan_04180,4361,train,3884
4181,plan_04181,4362,test,58
4182,plan_04182,4363,train,6171
4183,plan_04183,4364,train,11092
4184,plan_04184,4365,train,3408
4185,plan_04185,4366,train,11831
4186,plan_04186,4367,train,2003
4187,plan_04187,4368,train,8103
4188,plan_04188,4369,train,11060
4189,plan_04189,4370,train,12638
4190,plan_04190,4371,train,726
4191,plan_04191,4372,train,5009
4192,plan_04192,4373,train,8228
4193,plan_04193,4374,test,2024
4194,plan_04194,4375,train,14058
4195,plan_04195,4376,train,2280
4196,plan_04196,4377,train,9894
4197,plan_04197,4378,train,8577
4198,plan_04198,4379,train,6406
4199,plan_04199,4380,train,2428
4200,plan_04200,4381,train,10965
4201,plan_04201,4382,train,8412
4202,plan_04202,4383,train,7904
4203,plan_04203,4384,train,11699
4204,plan_04204,4385,train,3209
4205,plan_04205,4386,train,1517
4206,plan_04206,4387,train,7858
4207,plan_04207,4388,train,3978
4208,plan_04208,4389,train,9935
4209,plan_04209,4390,train,6054
4210,plan_04210,4391,train,8664
4211,plan_04211,4392,train,4341
4212,plan_04212,4393,train,1344
4213,plan_04213,4394,train,13936
4214,plan_04214,4395,train,9654
4215,plan_04215,4396,train,12162
4216,plan_04216,4398,train,14095
4217,plan_04217,4399,train,554
4218,plan_04218,4400,train,7747
4219,plan_04219,4401,train,11602
4220,plan_04220,4402,train,14336
4221,plan_04221,4403,test,1616
4222,plan_04222,4404,train,496
4223,plan_04223,4405,train,4519
4224,plan_04224,4406,train,2308
4225,plan_04225,4407,train,5954
4226,plan_04226,4408,train,5989
4227,plan_04227,4409,train,10549
4228,plan_04228,4410,train,300
4229,plan_04229,4411,train,13576
4230,plan_04230,4412,train,7334
4231,plan_04231,4413,train,9868
4232,plan_04232,4414,test,1894
4233,plan_04233,4415,train,1366
4234,plan_04234,4416,train,4632
4235,plan_04235,4417,train,13732
4236,plan_04236,4418,test,2505
4237,plan_04237,4419,test,1064
4238,plan_04238,4420,train,4087
4239,plan_04239,4421,train,12731
4240,plan_04240,4422,train,736
4241,plan_04241,4423,test,2149
4242,plan_04242,4424,train,3618
4243,plan_04243,4425,train,12299
4244,plan_04244,4426,train,4197
4245,plan_04245,4427,train,5300
4246,plan_04246,4428,train,8334
4247,plan_04247,4429,train,2333
4248,plan_04248,4430,train,11592
4249,plan_04249,4431,train,3750
4250,plan_04250,4432,train,3026
4251,plan_04251,4433,train,9458
4252,plan_04252,4434,train,1669
4253,plan_04253,4435,train,3116
4254,plan_04254,4436,train,1855
4255,plan_04255,4437,test,760
4256,plan_04256,4438,train,7037
4257,plan_04257,4439,train,3730
4258,plan_04258,4440,train,5104
4259,plan_04259,4441,train,1936
4260,plan_04260,4443,test,1074
4261,plan_04261,4444,train,14031
4262,plan_04262,4445,train,6940
4263,plan_04263,4446,train,11032
4264,plan_04264,4447,train,7609
4265,plan_04265,4448,train,13345
4266,plan_04266,4449,train,8750
4267,plan_04267,4450,train,6874
4268,plan_04268,4451,train,43
4269,plan_04269,4452,train,8816
4270,plan_04270,4453,test,1097
4271,plan_04271,4454,test,277
4272,plan_04272,4455,train,4377
4273,plan_04273,4456,train,12808
4274,plan_04274,4457,train,10481
4275,plan_04275,4458,train,8115
4276,plan_04276,4459,train,976
4277,plan_04277,4460,train,4421
4278,plan_04278,4461,train,11595
4279,plan_04279,4462,train,4824
4280,plan_04280,4463,test,691
4281,plan_04281,4464,train,13309
4282,plan_04282,4465,train,1514
4283,plan_04283,4466,train,4014
4284,plan_04284,4467,train,12575
4285,plan_04285,4468,test,768
4286,plan_04286,4469,train,5456
4287,plan_04287,4470,train,8754
4288,plan_04288,4472,train,12973
4289,plan_04289,4473,test,1835
4290,plan_04290,4474,train,14063
4291,plan_04291,4475,train,5695
4292,plan_04292,4476,train,9622
4293,plan_04293,4477,train,8131
4294,plan_04294,4478,train,1162
4295,plan_04295,4479,train,4133
4296,plan_04296,4480,train,11948
4297,plan_04297,4481,train,744
4298,plan_04298,4482,train,2210
4299,plan_04299,4483,train,1339
4300,plan_04300,4484,train,14403
4301,plan_04301,4485,train,2196
4302,plan_04302,4486,train,6677
4303,plan_04303,4487,train,2909
4304,plan_04304,4488,train,3411
4305,plan_04305,4489,train,14364
4306,plan_04306,4490,train,6654
4307,plan_04307,4491,test,118
4308,plan_04308,4492,test,2252
4309,plan_04309,4493,train,2365
4310,plan_04310,4494,train,2781
4311,plan_04311,4495,train,7836
4312,plan_04312,4496,train,2569
4313,plan_04313,4497,train,4272
4314,plan_04314,4498,train,3595
4315,plan_04315,4499,train,3489
4316,plan_04316,4500,test,329
4317,plan_04317,4504,train,14270
4318,plan_04318,4505,train,13451
4319,plan_04319,4506,test,1933
4320,plan_04320,4507,train,11992
4321,plan_04321,4508,train,5228
4322,plan_04322,4509,train,10450
4323,plan_04323,4510,test,77
4324,plan_04324,4511,train,9286
4325,plan_04325,4512,train,9093
4326,plan_04326,4513,train,7625
4327,plan_04327,4514,train,8164
4328,plan_04328,4515,train,2883
4329,plan_04329,4516,train,7886
4330,plan_04330,4517,train,2339
4331,plan_04331,4518,train,1178
4332,plan_04332,4519,train,1510
4333,plan_04333,4520,train,235
4334,plan_04334,4521,train,3969
4335,plan_04335,4522,train,7246
4336,plan_04336,4523,train,9577
4337,plan_04337,4524,test,408
4338,plan_04338,4525,test,2258
4339,plan_04339,4526,train,10298
4340,plan_04340,4527,test,1954
4341,plan_04341,4528,train,12727
4342,plan_04342,4529,train,5839
4343,plan_04343,4530,train,7072
4344,plan_04344,4531,train,14330
4345,plan_04345,4532,train,7479
4346,plan_04346,4533,train,7297
4347,plan_04347,4534,train,8881
4348,plan_04348,4535,train,5701
4349,plan_04349,4536,test,976
4350,plan_04350,4537,train,10415
4351,plan_04351,4538,train,14226
4352,plan_04352,4539,train,7676
4353,plan_04353,4540,test,2265
4354,plan_04354,4541,train,4820
4355,plan_04355,4542,train,7760
4356,plan_04356,4543,train,9079
4357,plan_04357,4544,test,145
4358,plan_04358,4545,test,2382
4359,plan_04359,4546,train,2843
4360,plan_04360,4547,train,6422
4361,plan_04361,4551,train,7224
4362,plan_04362,4552,train,8241
4363,plan_04363,4553,train,3817
4364,plan_04364,4554,train,13885
4365,plan_04365,4555,train,10087
4366,plan_04366,4556,train,8397
4367,plan_04367,4557,train,8436
4368,plan_04368,4558,test,2527
4369,plan_04369,4559,train,608
4370,plan_04370,4560,train,12142
4371,plan_04371,4561,train,3033
4372,plan_04372,4562,train,2020
4373,plan_04373,4563,train,3850
4374,plan_04374,4564,test,1640
4375,plan_04375,4565,test,2015
4376,plan_04376,4566,train,327
4377,plan_04377,4567,train,13142
4378,plan_04378,4568,train,12207
4379,plan_04379,4569,train,12807
4380,plan_04380,4570,train,12663
4381,plan_04381,4571,train,5398
4382,plan_04382,4572,test,1525
4383,plan_04383,4573,train,620
4384,plan_04384,4574,train,4955
4385,plan_04385,4575,train,6904
4386,plan_04386,4576,train,12217
4387,plan_04387,4577,train,2092
4388,plan_04388,4578,train,9549
4389,plan_04389,4579,test,174
4390,plan_04390,4580,train,6585
4391,plan_04391,4581,train,11795
4392,plan_04392,4582,train,3763
4393,plan_04393,4583,train,13909
4394,plan_04394,4584,train,3303
4395,plan_04395,4585,train,11640
4396,plan_04396,4586,train,432
4397,plan_04397,4587,train,1614
4398,plan_04398,4588,train,7216
4399,plan_04399,4589,train,2756
4400,plan_04400,4590,train,12766
4401,plan_04401,4591,train,12944
4402,plan_04402,4592,train,1218
4403,plan_04403,4593,train,1771
4404,plan_04404,4594,train,8116
4405,plan_04405,4595,train,2805
4406,plan_04406,4596,test,1783
4407,plan_04407,4597,train,6821
4408,plan_04408,4598,train,1718
4409,plan_04409,4599,test,946
4410,plan_04410,4600,train,6550
4411,plan_04411,4601,test,241
4412,plan_04412,4602,train,9624
4413,plan_04413,4603,test,750
4414,plan_04414,4604,train,2942
4415,plan_04415,4605,train,3851
4416,plan_04416,4606,train,7429
4417,plan_04417,4607,train,11293
4418,plan_04418,4608,train,7661
4419,plan_04419,4609,train,314
4420,plan_04420,4610,test,2165
4421,plan_04421,4611,train,8277
4422,plan_04422,4612,train,547
4423,plan_04423,4613,train,7665
4424,plan_04424,4614,train,1057
4425,plan_04425,4615,train,8997
4426,plan_04426,4616,train,1548
4427,plan_04427,4617,train,6695
4428,plan_04428,4618,train,4954
4429,plan_04429,4619,train,6327
4430,plan_04430,4620,test,193
4431,plan_04431,4621,train,9753
4432,plan_04432,4622,test,1065
4433,plan_04433,4623,train,12825
4434,plan_04434,4624,train,14206
4435,plan_04435,4625,test,501
4436,plan_04436,4626,train,9033
4437,plan_04437,4627,train,11777
4438,plan_04438,4628,test,822
4439,plan_04439,4629,train,2506
4440,plan_04440,4630,train,8619
4441,plan_04441,4631,train,11364
4442,plan_04442,4632,train,14185
4443,plan_04443,4633,train,5842
4444,plan_04444,4634,train,5471
4445,plan_04445,4635,test,886
4446,plan_04446,4636,train,10880
4447,plan_04447,4637,test,665
4448,plan_04448,4638,train,2200
4449,plan_04449,4639,train,6090
4450,plan_04450,4640,test,1113
4451,plan_04451,4641,train,7613
4452,plan_04452,4642,test,1983
4453,plan_04453,4643,test,1068
4454,plan_04454,4644,train,4047
4455,plan_04455,4645,train,6749
4456,plan_04456,4646,train,89
4457,plan_04457,4647,train,8974
4458,plan_04458,4648,train,14411
4459,plan_04459,4649,test,2546
4460,plan_04460,4650,train,2632
4461,plan_04461,4651,train,4176
4462,plan_04462,4652,test,1142
4463,plan_04463,4653,train,1243
4464,plan_04464,4654,train,8236
4465,plan_04465,4655,test,787
4466,plan_04466,4656,train,9744
4467,plan_04467,4657,train,3030
4468,plan_04468,4658,train,5715
4469,plan_04469,4659,train,1373
4470,plan_04470,4660,train,4194
4471,plan_04471,4661,train,10600
4472,plan_04472,4662,train,6008
4473,plan_04473,4663,train,12291
4474,plan_04474,4664,train,11920
4475,plan_04475,4665,train,14225
4476,plan_04476,4666,train,2313
4477,plan_04477,4667,train,14235
4478,plan_04478,4668,test,2023
4479,plan_04479,4669,train,9144
4480,plan_04480,4670,train,8891
4481,plan_04481,4671,train,13813
4482,plan_04482,4672,train,14315
4483,plan_04483,4673,train,7275
4484,plan_04484,4674,train,13283
4485,plan_04485,4675,train,2214
4486,plan_04486,4676,train,520
4487,plan_04487,4677,train,7567
4488,plan_04488,4678,train,4268
4489,plan_04489,4679,test,1889
4490,plan_04490,4680,train,10306
4491,plan_04491,4681,train,9005
4492,plan_04492,4682,test,1602
4493,plan_04493,4683,test,494
4494,plan_04494,4684,train,1213
4495,plan_04495,4685,test,1157
4496,plan_04496,4686,train,13184
4497,plan_04497,4687,train,7832
4498,plan_04498,4688,train,7378
4499,plan_04499,4689,train,13870
4500,plan_04500,4690,train,12856
4501,plan_04501,4691,train,727
4502,plan_04502,4692,train,4907
4503,plan_04503,4693,train,7861
4504,plan_04504,4694,train,6289
4505,plan_04505,4695,train,8106
4506,plan_04506,4696,train,12897
4507,plan_04507,4697,test,508
4508,plan_04508,4698,test,48
4509,plan_04509,4699,test,609
4510,plan_04510,4700,train,12215
4511,plan_04511,4701,train,10314
4512,plan_04512,4702,train,9257
4513,plan_04513,4703,test,892
4514,plan_04514,4704,train,14292
4515,plan_04515,4705,test,344
4516,plan_04516,4706,train,8707
4517,plan_04517,4707,train,1813
4518,plan_04518,4708,test,1316
4519,plan_04519,4709,test,788
4520,plan_04520,4710,train,2323
4521,plan_04521,4711,train,400
4522,plan_04522,4712,train,2702
4523,plan_04523,4713,train,3877
4524,plan_04524,4714,train,10719
4525,plan_04525,4715,train,11732
4526,plan_04526,4716,test,2308
4527,plan_04527,4717,train,7449
4528,plan_04528,4718,train,1094
4529,plan_04529,4719,train,10258
4530,plan_04530,4720,train,13943
4531,plan_04531,4721,train,13117
4532,plan_04532,4722,train,4987
4533,plan_04533,4723,train,6869
4534,plan_04534,4724,train,9337
4535,plan_04535,4725,train,2397
4536,plan_04536,4726,train,3532
4537,plan_04537,4727,train,5324
4538,plan_04538,4728,train,1562
4539,plan_04539,4729,train,5966
4540,plan_04540,4730,test,1164
4541,plan_04541,4731,train,7810
4542,plan_04542,4732,train,12228
4543,plan_04543,4733,train,7761
4544,plan_04544,4734,train,5149
4545,plan_04545,4735,train,6692
4546,plan_04546,4736,train,5062
4547,plan_04547,4737,train,1211
4548,plan_04548,4738,train,9464
4549,plan_04549,4739,test,1567
4550,plan_04550,4740,train,12750
4551,plan_04551,4741,train,8013
4552,plan_04552,4742,train,9980
4553,plan_04553,4743,train,11683
4554,plan_04554,4744,train,8945
4555,plan_04555,4745,train,6338
4556,plan_04556,4746,train,12687
4557,plan_04557,4747,test,200
4558,plan_04558,4748,train,5610
4559,plan_04559,4749,train,10293
4560,plan_04560,4750,train,13996
4561,plan_04561,4751,train,2440
4562,plan_04562,4753,train,10124
4563,plan_04563,4754,train,765
4564,plan_04564,4755,train,11520
4565,plan_04565,4756,train,5803
4566,plan_04566,4757,train,12076
4567,plan_04567,4758,train,10553
4568,plan_04568,4759,train,582
4569,plan_04569,4760,test,2105
4570,plan_04570,4761,train,10083
4571,plan_04571,4762,train,3876
4572,plan_04572,4763,train,10990
4573,plan_04573,4764,train,11377
4574,plan_04574,4765,train,5930
4575,plan_04575,4766,train,9593
4576,plan_04576,4767,train,8914
4577,plan_04577,4768,train,4409
4578,plan_04578,4769,train,9853
4579,plan_04579,4770,train,2509
4580,plan_04580,4771,test,239
4581,plan_04581,4772,train,10080
4582,plan_04582,4773,train,10335
4583,plan_04583,4774,train,7021
4584,plan_04584,4777,train,1926
4585,plan_04585,4778,train,6919
4586,plan_04586,4779,train,1324
4587,plan_04587,4780,train,4802
4588,plan_04588,4781,train,12248
4589,plan_04589,4782,test,458
4590,plan_04590,4783,train,8578
4591,plan_04591,4784,train,14421
4592,plan_04592,4785,train,6716
4593,plan_04593,4786,train,8893
4594,plan_04594,4787,test,639
4595,plan_04595,4788,train,9636
4596,plan_04596,4789,train,2474
4597,plan_04597,4790,train,9282
4598,plan_04598,4791,train,4552
4599,plan_04599,4792,train,13471
4600,plan_04600,4793,train,13417
4601,plan_04601,4794,test,901
4602,plan_04602,4795,train,10132
4603,plan_04603,4796,train,10533
4604,plan_04604,4797,train,6577
4605,plan_04605,4800,train,4003
4606,plan_04606,4801,test,2473
4607,plan_04607,4802,train,8172
4608,plan_04608,4803,train,11283
4609,plan_04609,4804,test,2477
4610,plan_04610,4805,train,1498
4611,plan_04611,4806,train,9438
4612,plan_04612,4807,train,6558
4613,plan_04613,4808,train,8544
4614,plan_04614,4809,train,8958
4615,plan_04615,4810,test,761
4616,plan_04616,4811,train,3820
4617,plan_04617,4812,train,8980
4618,plan_04618,4813,train,12573
4619,plan_04619,4814,train,4768
4620,plan_04620,4815,train,11790
4621,plan_04621,4816,test,2202
4622,plan_04622,4817,train,4529
4623,plan_04623,4818,train,12249
4624,plan_04624,4819,train,4974
4625,plan_04625,4820,train,7323
4626,plan_04626,4821,train,3456
4627,plan_04627,4822,train,7119
4628,plan_04628,4823,train,6616
4629,plan_04629,4824,train,1765
4630,plan_04630,4825,test,2047
4631,plan_04631,4826,train,8121
4632,plan_04632,4827,train,2758
4633,plan_04633,4828,train,10728
4634,plan_04634,4829,train,2091
4635,plan_04635,4830,train,6506
4636,plan_04636,4831,train,7808
4637,plan_04637,4832,test,1425
4638,plan_04638,4833,train,9040
4639,plan_04639,4834,train,11926
4640,plan_04640,4835,train,13065
4641,plan_04641,4836,train,4309
4642,plan_04642,4837,train,10815
4643,plan_04643,4838,train,2936
4644,plan_04644,4839,train,13391
4645,plan_04645,4840,test,1516
4646,plan_04646,4841,train,3356
4647,plan_04647,4842,train,11022
4648,plan_04648,4843,train,7777
4649,plan_04649,4844,test,1718
4650,plan_04650,4845,test,1211
4651,plan_04651,4846,train,11196
4652,plan_04652,4847,train,14442
4653,plan_04653,4848,test,1710
4654,plan_04654,4849,test,2404
4655,plan_04655,4850,train,12337
4656,plan_04656,4851,train,12851
4657,plan_04657,4852,train,2966
4658,plan_04658,4853,train,1020
4659,plan_04659,4854,train,6813
4660,plan_04660,4855,train,13422
4661,plan_04661,4856,train,13093
4662,plan_04662,4857,train,14161
4663,plan_04663,4858,train,7389
4664,plan_04664,4859,train,6610
4665,plan_04665,4860,train,11718
4666,plan_04666,4861,test,2007
4667,plan_04667,4862,train,6921
4668,plan_04668,4863,test,287
4669,plan_04669,4864,train,3608
4670,plan_04670,4865,train,10937
4671,plan_04671,4866,train,595
4672,plan_04672,4867,train,12774
4673,plan_04673,4868,train,10101
4674,plan_04674,4869,train,13580
4675,plan_04675,4871,train,11774
4676,plan_04676,4872,train,2111
4677,plan_04677,4873,train,7774
4678,plan_04678,4874,train,14334
4679,plan_04679,4875,train,7003
4680,plan_04680,4876,train,1981
4681,plan_04681,4877,train,9760
4682,plan_04682,4878,train,12060
4683,plan_04683,4879,train,3354
4684,plan_04684,4880,train,7917
4685,plan_04685,4881,train,9971
4686,plan_04686,4882,train,12886
4687,plan_04687,4883,train,181
4688,plan_04688,4884,test,485
4689,plan_04689,4885,train,10236
4690,plan_04690,4886,train,6971
4691,plan_04691,4887,test,1712
4692,plan_04692,4888,train,10364
4693,plan_04693,4889,test,1973
4694,plan_04694,4890,train,2802
4695,plan_04695,4891,train,13316
4696,plan_04696,4892,train,7238
4697,plan_04697,4893,train,2711
4698,plan_04698,4894,train,7627
4699,plan_04699,4895,train,6988
4700,plan_04700,4896,train,12141
4701,plan_04701,4897,train,12609
4702,plan_04702,4898,train,2486
4703,plan_04703,4899,train,8040
4704,plan_04704,4900,train,11130
4705,plan_04705,4901,train,10535
4706,plan_04706,4902,train,13450
4707,plan_04707,4903,train,1389
4708,plan_04708,4904,train,12256
4709,plan_04709,4905,train,2034
4710,plan_04710,4906,train,1734
4711,plan_04711,4907,train,1792
4712,plan_04712,4908,train,2857
4713,plan_04713,4909,train,988
4714,plan_04714,4910,test,596
4715,plan_04715,4911,train,6840
4716,plan_04716,4912,train,4160
4717,plan_04717,4913,train,10066
4718,plan_04718,4914,train,7052
4719,plan_04719,4915,train,9441
4720,plan_04720,4916,train,5706
4721,plan_04721,4917,train,7464
4722,plan_04722,4918,train,4680
4723,plan_04723,4919,train,8951
4724,plan_04724,4920,train,13684
4725,plan_04725,4921,train,1488
4726,plan_04726,4922,test,1440
4727,plan_04727,4923,train,4447
4728,plan_04728,4924,train,1520
4729,plan_04729,4925,train,10419
4730,plan_04730,4926,train,8954
4731,plan_04731,4927,train,4040
4732,plan_04732,4928,train,5723
4733,plan_04733,4929,test,1498
4734,plan_04734,4930,train,10216
4735,plan_04735,4931,train,1697
4736,plan_04736,4932,test,2254
4737,plan_04737,4933,train,13834
4738,plan_04738,4934,train,2978
4739,plan_04739,4937,train,6339
4740,plan_04740,4938,train,14341
4741,plan_04741,4939,train,7205
4742,plan_04742,4940,train,13572
4743,plan_04743,4941,train,4037
4744,plan_04744,4942,test,1118
4745,plan_04745,4943,train,12543
4746,plan_04746,4944,train,4134
4747,plan_04747,4945,train,10327
4748,plan_04748,4946,train,14004
4749,plan_04749,4947,train,1048
4750,plan_04750,4948,train,12782
4751,plan_04751,4949,train,930
4752,plan_04752,4950,train,4008
4753,plan_04753,4951,train,12722
4754,plan_04754,4952,test,500
4755,plan_04755,4953,train,7193
4756,plan_04756,4954,train,13741
4757,plan_04757,4955,train,14046
4758,plan_04758,4956,train,410
4759,plan_04759,4957,train,7704
4760,plan_04760,4958,train,13729
4761,plan_04761,4959,train,2119
4762,plan_04762,4960,train,9140
4763,plan_04763,4961,train,1607
4764,plan_04764,4962,train,6309
4765,plan_04765,4963,train,12258
4766,plan_04766,4964,train,8176
4767,plan_04767,4965,train,9001
4768,plan_04768,4966,train,4401
4769,plan_04769,4967,train,233
4770,plan_04770,4968,train,5790
4771,plan_04771,4969,train,4004
4772,plan_04772,4970,test,1687
4773,plan_04773,4971,train,5483
4774,plan_04774,4972,train,9600
4775,plan_04775,4973,train,8788
4776,plan_04776,4974,train,7971
4777,plan_04777,4975,train,13467
4778,plan_04778,4976,train,1631
4779,plan_04779,4977,train,7422
4780,plan_04780,4978,train,12775
4781,plan_04781,4979,test,2451
4782,plan_04782,4980,train,8327
4783,plan_04783,4981,train,4513
4784,plan_04784,4982,train,2977
4785,plan_04785,4983,test,1268
4786,plan_04786,4984,train,9731
4787,plan_04787,4985,train,3518
4788,plan_04788,4986,train,7282
4789,plan_04789,4987,train,5103
4790,plan_04790,4988,train,13503
4791,plan_04791,4989,train,10730
4792,plan_04792,4990,train,12948
4793,plan_04793,4991,train,9451
4794,plan_04794,4992,train,11617
4795,plan_04795,4993,train,4579
4796,plan_04796,4994,train,8316
4797,plan_04797,4995,train,3297
4798,plan_04798,4996,train,12827
4799,plan_04799,4997,train,13735
4800,plan_04800,4998,train,13800
4801,plan_04801,4999,train,8292
4802,plan_04802,5000,train,4275
4803,plan_04803,5001,train,6582
4804,plan_04804,5002,train,11089
4805,plan_04805,5003,train,12000
4806,plan_04806,5004,train,8283
4807,plan_04807,5005,train,3636
4808,plan_04808,5006,train,5672
4809,plan_04809,5007,train,5542
4810,plan_04810,5008,train,11443
4811,plan_04811,5009,train,6072
4812,plan_04812,5010,train,4100
4813,plan_04813,5011,train,381
4814,plan_04814,5012,train,6612
4815,plan_04815,5013,train,6487
4816,plan_04816,5014,train,13905
4817,plan_04817,5015,train,1305
4818,plan_04818,5016,train,11290
4819,plan_04819,5017,train,12978
4820,plan_04820,5018,train,9218
4821,plan_04821,5019,train,2076
4822,plan_04822,5020,train,11834
4823,plan_04823,5021,train,8875
4824,plan_04824,5022,test,740
4825,plan_04825,5023,train,10663
4826,plan_04826,5024,train,480
4827,plan_04827,5025,train,841
4828,plan_04828,5026,train,11642
4829,plan_04829,5027,train,10336
4830,plan_04830,5028,train,14073
4831,plan_04831,5029,train,13603
4832,plan_04832,5030,train,9488
4833,plan_04833,5031,train,357
4834,plan_04834,5032,train,2941
4835,plan_04835,5033,train,9034
4836,plan_04836,5034,train,12229
4837,plan_04837,5035,train,5234
4838,plan_04838,5036,train,2745
4839,plan_04839,5037,train,12106
4840,plan_04840,5038,train,10960
4841,plan_04841,5039,test,747
4842,plan_04842,5040,train,12260
4843,plan_04843,5041,train,7510
4844,plan_04844,5042,train,9885
4845,plan_04845,5043,train,14197
4846,plan_04846,5044,test,238
4847,plan_04847,5045,test,352
4848,plan_04848,5046,train,10163
4849,plan_04849,5047,train,3024
4850,plan_04850,5048,train,4387
4851,plan_04851,5049,train,11347
4852,plan_04852,5050,train,4682
4853,plan_04853,5051,train,6603
4854,plan_04854,5052,train,4185
4855,plan_04855,5053,train,4876
4856,plan_04856,5054,train,219
4857,plan_04857,5055,train,2608
4858,plan_04858,5056,train,1795
4859,plan_04859,5057,test,1931
4860,plan_04860,5058,train,8171
4861,plan_04861,5059,train,12305
4862,plan_04862,5060,test,301
4863,plan_04863,5061,train,3957
4864,plan_04864,5062,test,2529
4865,plan_04865,5063,train,12810
4866,plan_04866,5064,train,8253
4867,plan_04867,5065,train,5022
4868,plan_04868,5066,train,5167
4869,plan_04869,5067,train,2089
4870,plan_04870,5068,train,6343
4871,plan_04871,5069,train,5971
4872,plan_04872,5070,train,8152
4873,plan_04873,5071,test,1411
4874,plan_04874,5072,train,5311
4875,plan_04875,5073,test,955
4876,plan_04876,5074,train,14043
4877,plan_04877,5075,train,7938
4878,plan_04878,5076,train,9125
4879,plan_04879,5077,test,562
4880,plan_04880,5078,train,7575
4881,plan_04881,5079,test,559
4882,plan_04882,5080,test,2335
4883,plan_04883,5081,test,1876
4884,plan_04884,5082,train,6928
4885,plan_04885,5083,train,12591
4886,plan_04886,5084,train,5040
4887,plan_04887,5085,train,8166
4888,plan_04888,5086,train,9942
4889,plan_04889,5087,train,6314
4890,plan_04890,5088,train,10339
4891,plan_04891,5089,train,7954
4892,plan_04892,5090,train,12872
4893,plan_04893,5091,train,10545
4894,plan_04894,5092,train,11988
4895,plan_04895,5093,train,11993
4896,plan_04896,5094,train,4978
4897,plan_04897,5095,train,5384
4898,plan_04898,5096,test,956
4899,plan_04899,5097,train,12505
4900,plan_04900,5098,train,11286
4901,plan_04901,5099,train,9914
4902,plan_04902,5100,train,3986
4903,plan_04903,5101,train,8809
4904,plan_04904,5102,train,1917
4905,plan_04905,5103,train,1131
4906,plan_04906,5104,train,2028
4907,plan_04907,5105,test,2008
4908,plan_04908,5106,train,6304
4909,plan_04909,5107,test,1531
4910,plan_04910,5108,train,13219
4911,plan_04911,5109,train,8630
4912,plan_04912,5110,test,2389
4913,plan_04913,5111,train,4669
4914,plan_04914,5112,train,1154
4915,plan_04915,5113,train,13397
4916,plan_04916,5114,train,5921
4917,plan_04917,5115,train,8680
4918,plan_04918,5116,train,10312
4919,plan_04919,5117,train,4491
4920,plan_04920,5118,train,10572
4921,plan_04921,5119,test,147
4922,plan_04922,5120,train,6101
4923,plan_04923,5121,train,4153
4924,plan_04924,5122,train,3222
4925,plan_04925,5123,train,2916
4926,plan_04926,5124,train,2860
4927,plan_04927,5125,test,68
4928,plan_04928,5126,train,1699
4929,plan_04929,5127,train,11071
4930,plan_04930,5128,train,10734
4931,plan_04931,5129,train,1749
4932,plan_04932,5130,train,13043
4933,plan_04933,5131,test,2325
4934,plan_04934,5132,test,2521
4935,plan_04935,5133,train,12351
4936,plan_04936,5134,train,9631
4937,plan_04937,5135,train,14155
4938,plan_04938,5136,train,2984
4939,plan_04939,5137,train,13525
4940,plan_04940,5138,train,2202
4941,plan_04941,5139,test,2069
4942,plan_04942,5140,train,11404
4943,plan_04943,5141,train,11839
4944,plan_04944,5142,train,12820
4945,plan_04945,5143,train,8749
4946,plan_04946,5144,train,12154
4947,plan_04947,5145,test,1663
4948,plan_04948,5146,train,10338
4949,plan_04949,5147,train,3467
4950,plan_04950,5148,train,5059
4951,plan_04951,5149,train,4661
4952,plan_04952,5150,train,1038
4953,plan_04953,5151,train,2010
4954,plan_04954,5152,train,2932
4955,plan_04955,5153,train,3225
4956,plan_04956,5154,train,1187
4957,plan_04957,5155,test,1187
4958,plan_04958,5156,train,728
4959,plan_04959,5157,train,14289
4960,plan_04960,5158,train,11366
4961,plan_04961,5159,test,1608
4962,plan_04962,5160,test,1565
4963,plan_04963,5161,train,6385
4964,plan_04964,5162,test,686
4965,plan_04965,5163,train,5405
4966,plan_04966,5164,test,570
4967,plan_04967,5165,train,12011
4968,plan_04968,5166,train,7770
4969,plan_04969,5167,test,1255
4970,plan_04970,5168,train,11949
4971,plan_04971,5169,train,6682
4972,plan_04972,5170,train,11148
4973,plan_04973,5171,train,11106
4974,plan_04974,5172,train,9167
4975,plan_04975,5173,train,14392
4976,plan_04976,5174,train,3837
4977,plan_04977,5175,train,13487
4978,plan_04978,5176,train,6364
4979,plan_04979,5177,train,7328
4980,plan_04980,5178,train,13839
4981,plan_04981,5179,test,28
4982,plan_04982,5180,train,10388
4983,plan_04983,5181,train,12632
4984,plan_04984,5182,train,1958
4985,plan_04985,5183,train,5213
4986,plan_04986,5184,train,11170
4987,plan_04987,5185,train,10170
4988,plan_04988,5186,test,936
4989,plan_04989,5187,train,8614
4990,plan_04990,5188,train,12108
4991,plan_04991,5189,train,2719
4992,plan_04992,5190,train,5724
4993,plan_04993,5191,train,3810
4994,plan_04994,5192,train,7688
4995,plan_04995,5193,train,9117
4996,plan_04996,5194,train,13284
4997,plan_04997,5195,train,6925
4998,plan_04998,5196,train,1438
4999,plan_04999,5197,train,14144
5000,plan_05000,5198,train,14331
5001,plan_05001,5199,test,1368
5002,plan_05002,5200,train,2502
5003,plan_05003,5201,test,167
5004,plan_05004,5202,test,1156
5005,plan_05005,5203,train,6907
5006,plan_05006,5204,train,2554
5007,plan_05007,5205,train,7559
5008,plan_05008,5206,train,8688
5009,plan_05009,5207,test,310
5010,plan_05010,5208,train,13528
5011,plan_05011,5209,train,6351
5012,plan_05012,5210,test,2315
5013,plan_05013,5211,test,95
5014,plan_05014,5212,train,6808
5015,plan_05015,5213,train,12668
5016,plan_05016,5214,train,8963
5017,plan_05017,5215,train,3140
5018,plan_05018,5216,train,2126
5019,plan_05019,5217,train,9384
5020,plan_05020,5218,train,4823
5021,plan_05021,5219,train,1590
5022,plan_05022,5220,train,1372
5023,plan_05023,5221,train,226
5024,plan_05024,5222,train,14285
5025,plan_05025,5223,train,4766
5026,plan_05026,5227,train,1093
5027,plan_05027,5228,train,11337
5028,plan_05028,5229,train,1532
5029,plan_05029,5230,train,10033
5030,plan_05030,5231,train,7973
5031,plan_05031,5232,test,1941
5032,plan_05032,5233,train,10247
5033,plan_05033,5234,train,6820
5034,plan_05034,5235,train,1115
5035,plan_05035,5236,train,13028
5036,plan_05036,5237,train,2133
5037,plan_05037,5238,train,3196
5038,plan_05038,5239,train,13590
5039,plan_05039,5240,train,3830
5040,plan_05040,5241,train,3980
5041,plan_05041,5242,train,13641
5042,plan_05042,5243,train,4735
5043,plan_05043,5244,train,14173
5044,plan_05044,5245,test,1623
5045,plan_05045,5246,train,2891
5046,plan_05046,5247,train,9453
5047,plan_05047,5248,train,2371
5048,plan_05048,5249,train,12620
5049,plan_05049,5250,train,1078
5050,plan_05050,5251,train,8832
5051,plan_05051,5252,test,79
5052,plan_05052,5253,train,916
5053,plan_05053,5254,train,2634
5054,plan_05054,5255,train,1803
5055,plan_05055,5256,train,8161
5056,plan_05056,5257,test,51
5057,plan_05057,5258,train,2166
5058,plan_05058,5259,train,1059
5059,plan_05059,5260,train,8643
5060,plan_05060,5261,train,12653
5061,plan_05061,5262,train,10151
5062,plan_05062,5263,test,2447
5063,plan_05063,5264,test,599
5064,plan_05064,5265,train,4305
5065,plan_05065,5266,train,9612
5066,plan_05066,5267,train,7826
5067,plan_05067,5268,train,13764
5068,plan_05068,5269,train,4396
5069,plan_05069,5272,train,1768
5070,plan_05070,5273,train,10498
5071,plan_05071,5274,train,10923
5072,plan_05072,5275,test,571
5073,plan_05073,5276,test,2112
5074,plan_05074,5277,train,7523
5075,plan_05075,5278,train,11330
5076,plan_05076,5279,train,11851
5077,plan_05077,5280,train,6602
5078,plan_05078,5281,train,3266
5079,plan_05079,5282,train,10383
5080,plan_05080,5283,test,1127
5081,plan_05081,5284,train,7807
5082,plan_05082,5285,train,12347
5083,plan_05083,5286,train,13012
5084,plan_05084,5287,test,2191
5085,plan_05085,5288,train,12622
5086,plan_05086,5289,train,3687
5087,plan_05087,5290,train,7394
5088,plan_05088,5291,train,2558
5089,plan_05089,5292,test,121
5090,plan_05090,5293,test,1437
5091,plan_05091,5294,test,553
5092,plan_05092,5295,train,6503
5093,plan_05093,5296,train,12280
5094,plan_05094,5297,train,3361
5095,plan_05095,5298,test,128
5096,plan_05096,5299,test,251
5097,plan_05097,5301,train,13710
5098,plan_05098,5302,train,550
5099,plan_05099,5303,train,2993
5100,plan_05100,5304,test,1122
5101,plan_05101,5305,train,8666
5102,plan_05102,5306,train,14250
5103,plan_05103,5307,train,7178
5104,plan_05104,5308,test,1745
5105,plan_05105,5309,test,1013
5106,plan_05106,5310,train,48
5107,plan_05107,5311,train,1856
5108,plan_05108,5312,train,12913
5109,plan_05109,5313,test,1962
5110,plan_05110,5314,train,1747
5111,plan_05111,5315,train,12942
5112,plan_05112,5316,test,161
5113,plan_05113,5317,train,5705
5114,plan_05114,5318,train,12316
5115,plan_05115,5319,test,383
5116,plan_05116,5320,train,11554
5117,plan_05117,5321,train,11023
5118,plan_05118,5322,test,1251
5119,plan_05119,5323,train,10071
5120,plan_05120,5324,train,8413
5121,plan_05121,5325,train,8230
5122,plan_05122,5326,train,6232
5123,plan_05123,5327,train,6325
5124,plan_05124,5328,test,672
5125,plan_05125,5329,test,2098
5126,plan_05126,5330,train,5205
5127,plan_05127,5331,train,7058
5128,plan_05128,5332,train,13278
5129,plan_05129,5333,test,1515
5130,plan_05130,5334,test,826
5131,plan_05131,5335,train,1067
5132,plan_05132,5336,train,14244
5133,plan_05133,5337,train,8490
5134,plan_05134,5338,train,2081
5135,plan_05135,5339,train,1719
5136,plan_05136,5340,test,1178
5137,plan_05137,5341,train,6277
5138,plan_05138,5342,train,2096
5139,plan_05139,5343,test,2065
5140,plan_05140,5344,train,731
5141,plan_05141,5345,test,602
5142,plan_05142,5346,train,8772
5143,plan_05143,5347,train,9173
5144,plan_05144,5348,train,13139
5145,plan_05145,5349,train,1787
5146,plan_05146,5351,train,9958
5147,plan_05147,5352,train,6674
5148,plan_05148,5353,train,3011
5149,plan_05149,5354,train,5098
5150,plan_05150,5355,test,179
5151,plan_05151,5356,test,2027
5152,plan_05152,5357,train,10347
5153,plan_05153,5358,train,3065
5154,plan_05154,5359,train,1310
5155,plan_05155,5360,train,5946
5156,plan_05156,5361,train,4267
5157,plan_05157,5362,train,12425
5158,plan_05158,5363,train,4441
5159,plan_05159,5364,test,2078
5160,plan_05160,5365,train,11152
5161,plan_05161,5366,train,11845
5162,plan_05162,5367,train,1789
5163,plan_05163,5368,train,6627
5164,plan_05164,5369,train,2640
5165,plan_05165,5370,train,7261
5166,plan_05166,5371,train,266
5167,plan_05167,5372,train,10291
5168,plan_05168,5373,train,6556
5169,plan_05169,5374,train,9533
5170,plan_05170,5375,train,9379
5171,plan_05171,5376,train,10964
5172,plan_05172,5377,train,14348
5173,plan_05173,5378,train,14358
5174,plan_05174,5379,train,12254
5175,plan_05175,5380,train,218
5176,plan_05176,5381,train,14056
5177,plan_05177,5382,train,4861
5178,plan_05178,5383,train,8069
5179,plan_05179,5384,train,4886
5180,plan_05180,5385,train,7962
5181,plan_05181,5386,train,5990
5182,plan_05182,5387,train,1212
5183,plan_05183,5388,train,6179
5184,plan_05184,5389,train,13500
5185,plan_05185,5390,train,6933
5186,plan_05186,5391,train,2949
5187,plan_05187,5392,train,13148
5188,plan_05188,5393,train,7841
5189,plan_05189,5394,train,10839
5190,plan_05190,5395,test,601
5191,plan_05191,5396,test,1346
5192,plan_05192,5397,train,13847
5193,plan_05193,5398,train,8539
5194,plan_05194,5399,train,3006
5195,plan_05195,5400,train,1249
5196,plan_05196,5401,test,680
5197,plan_05197,5402,train,12606
5198,plan_05198,5403,train,14190
5199,plan_05199,5404,train,6918
5200,plan_05200,5405,test,2331
5201,plan_05201,5406,train,5361
5202,plan_05202,5407,train,8100
5203,plan_05203,5408,train,8347
5204,plan_05204,5409,train,11526
5205,plan_05205,5410,train,9419
5206,plan_05206,5411,train,11393
5207,plan_05207,5412,train,10315
5208,plan_05208,5413,train,7936
5209,plan_05209,5414,train,10603
5210,plan_05210,5415,train,710
5211,plan_05211,5416,train,12531
5212,plan_05212,5417,train,11343
5213,plan_05213,5418,train,9872
5214,plan_05214,5419,train,5130
5215,plan_05215,5420,train,3676
5216,plan_05216,5421,train,13379
5217,plan_05217,5422,train,8263
5218,plan_05218,5423,train,150
5219,plan_05219,5424,train,12414
5220,plan_05220,5425,train,8011
5221,plan_05221,5426,train,7107
5222,plan_05222,5427,test,1467
5223,plan_05223,5428,train,12174
5224,plan_05224,5430,train,5301
5225,plan_05225,5431,test,1269
5226,plan_05226,5432,train,10735
5227,plan_05227,5433,train,12755
5228,plan_05228,5435,train,11668
5229,plan_05229,5436,train,8245
5230,plan_05230,5437,test,74
5231,plan_05231,5438,train,10210
5232,plan_05232,5439,test,2087
5233,plan_05233,5440,test,267
5234,plan_05234,5441,test,2214
5235,plan_05235,5442,train,8850
5236,plan_05236,5443,train,1858
5237,plan_05237,5444,train,6443
5238,plan_05238,5445,train,13150
5239,plan_05239,5446,train,186
5240,plan_05240,5447,train,4146
5241,plan_05241,5448,train,7126
5242,plan_05242,5449,train,6664
5243,plan_05243,5450,train,9455
5244,plan_05244,5451,train,3555
5245,plan_05245,5452,train,9827
5246,plan_05246,5453,train,11690
5247,plan_05247,5454,train,4626
5248,plan_05248,5455,test,1472
5249,plan_05249,5456,train,10484
5250,plan_05250,5457,train,3373
5251,plan_05251,5458,train,9213
5252,plan_05252,5459,test,2357
5253,plan_05253,5460,train,5792
5254,plan_05254,5461,train,11930
5255,plan_05255,5462,test,991
5256,plan_05256,5463,train,8821
5257,plan_05257,5464,test,1382
5258,plan_05258,5465,train,5353
5259,plan_05259,5466,test,1102
5260,plan_05260,5467,train,9681
5261,plan_05261,5468,train,12636
5262,plan_05262,5469,train,1890
5263,plan_05263,5470,train,1648
5264,plan_05264,5471,train,9152
5265,plan_05265,5474,train,5654
5266,plan_05266,5475,test,1465
5267,plan_05267,5476,train,2708
5268,plan_05268,5477,train,5645
5269,plan_05269,5478,train,4017
5270,plan_05270,5479,train,2641
5271,plan_05271,5480,train,8936
5272,plan_05272,5481,train,2218
5273,plan_05273,5482,train,8999
5274,plan_05274,5483,train,11209
5275,plan_05275,5484,train,3276
5276,plan_05276,5485,train,1626
5277,plan_05277,5486,train,12125
5278,plan_05278,5487,train,10819
5279,plan_05279,5488,train,14415
5280,plan_05280,5489,train,683
5281,plan_05281,5490,train,556
5282,plan_05282,5491,train,1192
5283,plan_05283,5492,train,9735
5284,plan_05284,5493,train,648
5285,plan_05285,5494,train,2419
5286,plan_05286,5495,train,6066
5287,plan_05287,5496,train,347
5288,plan_05288,5497,train,12533
5289,plan_05289,5498,train,3251
5290,plan_05290,5499,train,4243
5291,plan_05291,5500,train,11826
5292,plan_05292,5501,train,98
5293,plan_05293,5502,train,974
5294,plan_05294,5503,train,10259
5295,plan_05295,5504,train,10184
5296,plan_05296,5505,train,9191
5297,plan_05297,5506,train,2674
5298,plan_05298,5507,train,9671
5299,plan_05299,5508,train,13055
5300,plan_05300,5509,train,2617
5301,plan_05301,5510,train,9139
5302,plan_05302,5511,train,8150
5303,plan_05303,5512,train,8558
5304,plan_05304,5513,train,4187
5305,plan_05305,5514,train,2607
5306,plan_05306,5515,train,13977
5307,plan_05307,5516,test,2139
5308,plan_05308,5517,train,3000
5309,plan_05309,5518,test,576
5310,plan_05310,5519,test,124
5311,plan_05311,5520,train,10865
5312,plan_05312,5521,train,4528
5313,plan_05313,5522,test,123
5314,plan_05314,5523,test,1258
5315,plan_05315,5524,train,8848
5316,plan_05316,5525,train,6467
5317,plan_05317,5526,train,10657
5318,plan_05318,5527,train,662
5319,plan_05319,5528,train,13135
5320,plan_05320,5529,train,12003
5321,plan_05321,5530,train,2434
5322,plan_05322,5531,test,199
5323,plan_05323,5532,train,426
5324,plan_05324,5533,train,12123
5325,plan_05325,5534,test,1850
5326,plan_05326,5535,train,10198
5327,plan_05327,5536,test,367
5328,plan_05328,5537,train,5786
5329,plan_05329,5538,train,4500
5330,plan_05330,5539,train,11408
5331,plan_05331,5540,train,2913
5332,plan_05332,5541,test,2534
5333,plan_05333,5542,train,13362
5334,plan_05334,5543,train,890
5335,plan_05335,5544,train,560
5336,plan_05336,5545,train,7204
5337,plan_05337,5546,train,12556
5338,plan_05338,5547,train,13648
5339,plan_05339,5548,test,2323
5340,plan_05340,5549,train,7562
5341,plan_05341,5550,train,7493
5342,plan_05342,5551,train,2402
5343,plan_05343,5552,train,11935
5344,plan_05344,5553,train,5252
5345,plan_05345,5554,train,9506
5346,plan_05346,5555,train,250
5347,plan_05347,5556,train,706
5348,plan_05348,5557,train,8036
5349,plan_05349,5558,test,473
5350,plan_05350,5559,train,10280
5351,plan_05351,5560,train,7876
5352,plan_05352,5561,train,20
5353,plan_05353,5562,test,979
5354,plan_05354,5563,train,12985
5355,plan_05355,5564,train,11600
5356,plan_05356,5565,train,1329
5357,plan_05357,5566,train,11261
5358,plan_05358,5567,train,2662
5359,plan_05359,5568,train,1251
5360,plan_05360,5569,train,2274
5361,plan_05361,5570,train,386
5362,plan_05362,5571,train,11741
5363,plan_05363,5572,train,1732
5364,plan_05364,5574,train,1298
5365,plan_05365,5575,train,5085
5366,plan_05366,5576,test,2373
5367,plan_05367,5577,train,8518
5368,plan_05368,5578,train,3714
5369,plan_05369,5579,train,1691
5370,plan_05370,5580,train,6265
5371,plan_05371,5581,train,4505
5372,plan_05372,5582,train,1027
5373,plan_05373,5583,train,11255
5374,plan_05374,5584,train,9951
5375,plan_05375,5585,train,4603
5376,plan_05376,5586,train,8625
5377,plan_05377,5587,train,11081
5378,plan_05378,5588,test,1563
5379,plan_05379,5589,train,1546
5380,plan_05380,5590,train,2061
5381,plan_05381,5591,train,11978
5382,plan_05382,5592,train,528
5383,plan_05383,5593,test,1486
5384,plan_05384,5594,train,10082
5385,plan_05385,5595,train,10435
5386,plan_05386,5596,train,10351
5387,plan_05387,5597,test,2507
5388,plan_05388,5598,train,14407
5389,plan_05389,5599,train,7816
5390,plan_05390,5600,test,1264
5391,plan_05391,5601,train,8752
5392,plan_05392,5602,train,4113
5393,plan_05393,5603,train,6149
5394,plan_05394,5604,train,8068
5395,plan_05395,5605,train,14042
5396,plan_05396,5606,train,12486
5397,plan_05397,5607,test,300
5398,plan_05398,5608,test,2498
5399,plan_05399,5609,train,2192
5400,plan_05400,5610,train,1673
5401,plan_05401,5611,train,1409
5402,plan_05402,5612,train,7408
5403,plan_05403,5613,train,13975
5404,plan_05404,5614,train,12655
5405,plan_05405,5615,train,4148
5406,plan_05406,5616,train,7430
5407,plan_05407,5619,train,2987
5408,plan_05408,5620,train,3904
5409,plan_05409,5622,train,4350
5410,plan_05410,5623,test,1643
5411,plan_05411,5624,train,5825
5412,plan_05412,5625,train,1128
5413,plan_05413,5626,test,2031
5414,plan_05414,5627,train,258
5415,plan_05415,5628,train,6642
5416,plan_05416,5629,train,134
5417,plan_05417,5630,train,193
5418,plan_05418,5631,test,1478
5419,plan_05419,5632,train,7825
5420,plan_05420,5633,train,12199
5421,plan_05421,5634,test,2394
5422,plan_05422,5635,train,1651
5423,plan_05423,5636,train,14094
5424,plan_05424,5637,train,13157
5425,plan_05425,5638,train,14357
5426,plan_05426,5639,train,5543
5427,plan_05427,5640,train,8699
5428,plan_05428,5641,train,14032
5429,plan_05429,5642,train,10131
5430,plan_05430,5643,train,8371
5431,plan_05431,5644,train,8144
5432,plan_05432,5645,train,13537
5433,plan_05433,5646,train,11628
5434,plan_05434,5647,test,1653
5435,plan_05435,5648,train,13393
5436,plan_05436,5649,train,11009
5437,plan_05437,5650,train,2897
5438,plan_05438,5651,test,314
5439,plan_05439,5652,test,1754
5440,plan_05440,5653,train,8289
5441,plan_05441,5654,train,11528
5442,plan_05442,5655,train,9516
5443,plan_05443,5656,train,8492
5444,plan_05444,5657,train,6738
5445,plan_05445,5658,train,13122
5446,plan_05446,5659,train,3998
5447,plan_05447,5660,train,13102
5448,plan_05448,5661,train,4713
5449,plan_05449,5662,train,3294
5450,plan_05450,5663,train,11349
5451,plan_05451,5664,train,253
5452,plan_05452,5665,train,13627
5453,plan_05453,5666,train,1519
5454,plan_05454,5667,test,585
5455,plan_05455,5668,train,13236
5456,plan_05456,5669,train,12734
5457,plan_05457,5670,train,10698
5458,plan_05458,5671,train,14200
5459,plan_05459,5672,train,13666
5460,plan_05460,5673,train,7356
5461,plan_05461,5674,train,9558
5462,plan_05462,5675,train,2476
5463,plan_05463,5676,train,10646
5464,plan_05464,5677,train,13820
5465,plan_05465,5678,train,591
5466,plan_05466,5679,train,6073
5467,plan_05467,5680,train,3322
5468,plan_05468,5681,train,2541
5469,plan_05469,5682,train,10894
5470,plan_05470,5683,train,12371
5471,plan_05471,5684,train,7186
5472,plan_05472,5685,test,1466
5473,plan_05473,5686,train,816
5474,plan_05474,5687,test,1621
5475,plan_05475,5688,train,13903
5476,plan_05476,5689,train,7022
5477,plan_05477,5690,train,6630
5478,plan_05478,5691,test,1137
5479,plan_05479,5692,train,6281
5480,plan_05480,5693,train,8778
5481,plan_05481,5694,test,2137
5482,plan_05482,5695,train,12013
5483,plan_05483,5696,train,7004
5484,plan_05484,5697,train,5123
5485,plan_05485,5698,train,6814
5486,plan_05486,5699,train,192
5487,plan_05487,5700,train,12497
5488,plan_05488,5701,train,11552
5489,plan_05489,5702,train,3812
5490,plan_05490,5703,train,2915
5491,plan_05491,5704,train,9277
5492,plan_05492,5705,train,10941
5493,plan_05493,5706,train,10823
5494,plan_05494,5707,train,6071
5495,plan_05495,5708,train,8860
5496,plan_05496,5709,train,2130
5497,plan_05497,5710,train,10213
5498,plan_05498,5711,train,5595
5499,plan_05499,5712,train,8845
5500,plan_05500,5713,train,11280
5501,plan_05501,5714,train,2256
5502,plan_05502,5715,train,11550
5503,plan_05503,5716,train,7796
5504,plan_05504,5717,train,1491
5505,plan_05505,5718,train,5861
5506,plan_05506,5719,train,13767
5507,plan_05507,5720,train,3918
5508,plan_05508,5721,train,8803
5509,plan_05509,5722,train,8783
5510,plan_05510,5723,train,6809
5511,plan_05511,5724,train,10805
5512,plan_05512,5725,train,11997
5513,plan_05513,5726,train,8865
5514,plan_05514,5727,train,6696
5515,plan_05515,5728,train,1920
5516,plan_05516,5729,test,1638
5517,plan_05517,5730,train,12514
5518,plan_05518,5731,train,2551
5519,plan_05519,5732,train,13526
5520,plan_05520,5733,train,7437
5521,plan_05521,5734,train,10147
5522,plan_05522,5735,train,7047
5523,plan_05523,5736,train,4624
5524,plan_05524,5737,test,651
5525,plan_05525,5738,train,5855
5526,plan_05526,5739,train,5091
5527,plan_05527,5740,train,8867
5528,plan_05528,5741,train,1468
5529,plan_05529,5742,train,10439
5530,plan_05530,5743,train,8060
5531,plan_05531,5744,test,1185
5532,plan_05532,5745,train,1049
5533,plan_05533,5746,test,2030
5534,plan_05534,5747,train,7210
5535,plan_05535,5748,train,8795
5536,plan_05536,5749,train,6763
5537,plan_05537,5750,train,3711
5538,plan_05538,5751,train,1908
5539,plan_05539,5752,train,4445
5540,plan_05540,5753,train,4025
5541,plan_05541,5754,train,8639
5542,plan_05542,5755,train,2986
5543,plan_05543,5756,train,833
5544,plan_05544,5757,train,10581
5545,plan_05545,5758,train,4313
5546,plan_05546,5759,train,2627
5547,plan_05547,5760,train,9369
5548,plan_05548,5761,test,783
5549,plan_05549,5762,test,1395
5550,plan_05550,5763,train,13307
5551,plan_05551,5764,test,1294
5552,plan_05552,5765,train,4651
5553,plan_05553,5766,train,148
5554,plan_05554,5767,test,1903
5555,plan_05555,5768,train,4589
5556,plan_05556,5769,test,1522
5557,plan_05557,5770,test,1114
5558,plan_05558,5771,train,3528
5559,plan_05559,5772,train,3753
5560,plan_05560,5773,train,5906
5561,plan_05561,5774,train,173
5562,plan_05562,5775,train,5
5563,plan_05563,5776,test,2289
5564,plan_05564,5777,train,12814
5565,plan_05565,5778,test,107
5566,plan_05566,5779,train,7228
5567,plan_05567,5780,train,13364
5568,plan_05568,5781,train,12590
5569,plan_05569,5782,train,1346
5570,plan_05570,5783,train,11058
5571,plan_05571,5784,train,1412
5572,plan_05572,5785,test,187
5573,plan_05573,5786,train,13982
5574,plan_05574,5787,train,6706
5575,plan_05575,5788,train,685
5576,plan_05576,5789,train,12051
5577,plan_05577,5790,train,10782
5578,plan_05578,5791,train,3144
5579,plan_05579,5792,train,7894
5580,plan_05580,5793,train,3685
5581,plan_05581,5794,test,1882
5582,plan_05582,5795,train,10313
5583,plan_05583,5796,train,2121
5584,plan_05584,5797,train,7915
5585,plan_05585,5798,train,2867
5586,plan_05586,5799,train,9986
5587,plan_05587,5800,train,13774
5588,plan_05588,5801,train,9443
5589,plan_05589,5802,train,362
5590,plan_05590,5803,test,940
5591,plan_05591,5804,train,3195
5592,plan_05592,5805,train,12716
5593,plan_05593,5806,train,8856
5594,plan_05594,5807,train,11294
5595,plan_05595,5808,train,10243
5596,plan_05596,5809,train,12772
5597,plan_05597,5810,train,11154
5598,plan_05598,5811,train,1197
5599,plan_05599,5812,train,12630
5600,plan_05600,5813,train,11083
5601,plan_05601,5814,train,963
5602,plan_05602,5815,train,6856
5603,plan_05603,5816,train,9716
5604,plan_05604,5817,train,12365
5605,plan_05605,5818,train,700
5606,plan_05606,5819,train,12915
5607,plan_05607,5820,train,8659
5608,plan_05608,5821,train,12762
5609,plan_05609,5822,train,4223
5610,plan_05610,5823,train,757
5611,plan_05611,5824,train,6262
5612,plan_05612,5825,train,6862
5613,plan_05613,5826,train,6669
5614,plan_05614,5827,train,10616
5615,plan_05615,5828,train,6752
5616,plan_05616,5829,train,9365
5617,plan_05617,5830,train,9874
5618,plan_05618,5831,train,11117
5619,plan_05619,5832,train,3186
5620,plan_05620,5833,train,2425
5621,plan_05621,5834,train,13416
5622,plan_05622,5835,test,78
5623,plan_05623,5836,train,444
5624,plan_05624,5837,train,7927
5625,plan_05625,5838,train,6226
5626,plan_05626,5839,train,1720
5627,plan_05627,5840,train,1182
5628,plan_05628,5841,train,8030
5629,plan_05629,5842,train,10072
5630,plan_05630,5843,train,10453
5631,plan_05631,5844,train,11028
5632,plan_05632,5845,train,4137
5633,plan_05633,5846,train,13264
5634,plan_05634,5847,train,5546
5635,plan_05635,5848,train,993
5636,plan_05636,5849,train,3059
5637,plan_05637,5850,train,1195
5638,plan_05638,5851,train,9223
5639,plan_05639,5852,train,812
5640,plan_05640,5853,train,12792
5641,plan_05641,5854,train,10393
5642,plan_05642,5855,train,4326
5643,plan_05643,5856,train,13886
5644,plan_05644,5857,test,700
5645,plan_05645,5858,train,13976
5646,plan_05646,5859,train,3567
5647,plan_05647,5860,train,4933
5648,plan_05648,5861,train,9343
5649,plan_05649,5862,train,11378
5650,plan_05650,5863,test,2281
5651,plan_05651,5864,train,350
5652,plan_05652,5865,train,14085
5653,plan_05653,5866,train,4081
5654,plan_05654,5867,train,14164
5655,plan_05655,5868,train,1980
5656,plan_05656,5869,train,7843
5657,plan_05657,5870,train,139
5658,plan_05658,5871,train,8727
5659,plan_05659,5872,train,13997
5660,plan_05660,5873,train,14069
5661,plan_05661,5874,test,2544
5662,plan_05662,5875,test,2390
5663,plan_05663,5876,train,3991
5664,plan_05664,5877,train,11604
5665,plan_05665,5878,train,9557
5666,plan_05666,5879,train,2834
5667,plan_05667,5880,train,5713
5668,plan_05668,5881,train,5986
5669,plan_05669,5882,train,5058
5670,plan_05670,5883,train,3799
5671,plan_05671,5884,train,3296
5672,plan_05672,5885,test,960
5673,plan_05673,5886,train,6244
5674,plan_05674,5887,train,8878
5675,plan_05675,5888,train,14000
5676,plan_05676,5889,train,12924
5677,plan_05677,5890,test,433
5678,plan_05678,5891,train,4804
5679,plan_05679,5892,train,3126
5680,plan_05680,5893,train,9067
5681,plan_05681,5894,train,8168
5682,plan_05682,5895,train,10642
5683,plan_05683,5896,train,13640
5684,plan_05684,5897,train,7528
5685,plan_05685,5898,train,7563
5686,plan_05686,5899,test,969
5687,plan_05687,5900,train,13538
5688,plan_05688,5901,test,1362
5689,plan_05689,5902,train,3316
5690,plan_05690,5903,train,1989
5691,plan_05691,5904,test,1342
5692,plan_05692,5905,train,7974
5693,plan_05693,5906,train,1063
5694,plan_05694,5907,train,454
5695,plan_05695,5908,train,1404
5696,plan_05696,5909,train,4321
5697,plan_05697,5910,train,12167
5698,plan_05698,5911,train,9038
5699,plan_05699,5912,train,13681
5700,plan_05700,5913,test,1881
5701,plan_05701,5914,train,13002
5702,plan_05702,5915,train,9690
5703,plan_05703,5916,test,1431
5704,plan_05704,5917,test,1324
5705,plan_05705,5918,train,10546
5706,plan_05706,5919,train,3023
5707,plan_05707,5920,train,3540
5708,plan_05708,5921,train,1914
5709,plan_05709,5922,train,11553
5710,plan_05710,5923,train,3332
5711,plan_05711,5924,test,1625
5712,plan_05712,5925,train,2190
5713,plan_05713,5926,train,12907
5714,plan_05714,5927,train,1184
5715,plan_05715,5928,train,3547
5716,plan_05716,5929,train,2723
5717,plan_05717,5930,train,9871
5718,plan_05718,5931,test,202
5719,plan_05719,5932,train,10273
5720,plan_05720,5933,train,8994
5721,plan_05721,5934,test,2182
5722,plan_05722,5935,train,14120
5723,plan_05723,5936,train,2729
5724,plan_05724,5937,train,6411
5725,plan_05725,5938,train,7776
5726,plan_05726,5939,train,9289
5727,plan_05727,5940,train,9360
5728,plan_05728,5941,train,3161
5729,plan_05729,5942,train,9845
5730,plan_05730,5943,train,1451
5731,plan_05731,5944,train,853
5732,plan_05732,5945,train,10349
5733,plan_05733,5946,train,1668
5734,plan_05734,5947,train,8464
5735,plan_05735,5948,train,2446
5736,plan_05736,5949,train,7172
5737,plan_05737,5950,train,6568
5738,plan_05738,5951,test,1468
5739,plan_05739,5952,train,8520
5740,plan_05740,5953,test,692
5741,plan_05741,5954,train,11955
5742,plan_05742,5955,train,11672
5743,plan_05743,5956,train,6191
5744,plan_05744,5957,test,1179
5745,plan_05745,5958,train,8438
5746,plan_05746,5959,train,5962
5747,plan_05747,5960,train,4525
5748,plan_05748,5961,train,11333
5749,plan_05749,5962,train,13281
5750,plan_05750,5963,train,12530
5751,plan_05751,5964,test,1922
5752,plan_05752,5965,train,4455
5753,plan_05753,5966,train,13568
5754,plan_05754,5967,train,2831
5755,plan_05755,5968,train,3229
5756,plan_05756,5969,train,5154
5757,plan_05757,5970,train,11953
5758,plan_05758,5971,train,11555
5759,plan_05759,5972,train,2177
5760,plan_05760,5973,test,902
5761,plan_05761,5974,train,7359
5762,plan_05762,5975,train,8124
5763,plan_05763,5976,train,9773
5764,plan_05764,5977,train,951
5765,plan_05765,5978,train,4944
5766,plan_05766,5979,train,9729
5767,plan_05767,5980,train,10962
5768,plan_05768,5981,train,5608
5769,plan_05769,5982,train,5531
5770,plan_05770,5983,train,1638
5771,plan_05771,5984,train,9449
5772,plan_05772,5985,train,7597
5773,plan_05773,5986,test,1925
5774,plan_05774,5987,test,1996
5775,plan_05775,5988,train,9095
5776,plan_05776,5989,train,2709
5777,plan_05777,5990,train,11906
5778,plan_05778,5991,train,5211
5779,plan_05779,5992,train,13224
5780,plan_05780,5993,train,8359
5781,plan_05781,5994,train,13377
5782,plan_05782,5995,train,4798
5783,plan_05783,5996,train,4783
5784,plan_05784,5997,train,12074
5785,plan_05785,5998,train,10091
5786,plan_05786,5999,test,706
5787,plan_05787,6000,test,1191
5788,plan_05788,6001,train,5943
5789,plan_05789,6002,train,12326
5790,plan_05790,6003,train,2038
5791,plan_05791,6004,train,7286
5792,plan_05792,6005,test,1989
5793,plan_05793,6006,train,1925
5794,plan_05794,6007,train,7472
5795,plan_05795,6008,train,657
5796,plan_05796,6009,test,1636
5797,plan_05797,6010,train,11610
5798,plan_05798,6011,train,8716
5799,plan_05799,6012,train,428
5800,plan_05800,6013,train,12412
5801,plan_05801,6014,train,12520
5802,plan_05802,6015,train,4795
5803,plan_05803,6016,train,215
5804,plan_05804,6017,test,2495
5805,plan_05805,6018,train,5847
5806,plan_05806,6019,train,5438
5807,plan_05807,6020,train,7641
5808,plan_05808,6021,train,5487
5809,plan_05809,6022,test,2114
5810,plan_05810,6023,train,7484
5811,plan_05811,6024,train,11226
5812,plan_05812,6025,test,67
5813,plan_05813,6026,test,35
5814,plan_05814,6027,test,323
5815,plan_05815,6028,train,2479
5816,plan_05816,6029,train,1773
5817,plan_05817,6030,train,6657
5818,plan_05818,6031,train,3705
5819,plan_05819,6032,train,3272
5820,plan_05820,6033,train,11524
5821,plan_05821,6034,train,10442
5822,plan_05822,6035,train,123
5823,plan_05823,6036,train,11942
5824,plan_05824,6037,train,13381
5825,plan_05825,6038,train,3256
5826,plan_05826,6039,train,12468
5827,plan_05827,6040,test,984
5828,plan_05828,6041,train,5787
5829,plan_05829,6042,train,6023
5830,plan_05830,6043,test,1849
5831,plan_05831,6044,train,10017
5832,plan_05832,6045,test,950
5833,plan_05833,6046,train,8731
5834,plan_05834,6047,train,2132
5835,plan_05835,6048,train,4415
5836,plan_05836,6049,train,7436
5837,plan_05837,6050,train,3742
5838,plan_05838,6051,train,7740
5839,plan_05839,6052,test,1711
5840,plan_05840,6053,test,1980
5841,plan_05841,6054,train,159
5842,plan_05842,6055,test,2511
5843,plan_05843,6056,train,6707
5844,plan_05844,6057,train,11918
5845,plan_05845,6058,train,873
5846,plan_05846,6059,train,7694
5847,plan_05847,6060,train,13329
5848,plan_05848,6061,train,2655
5849,plan_05849,6062,test,2059
5850,plan_05850,6063,test,531
5851,plan_05851,6064,train,2974
5852,plan_05852,6065,train,11253
5853,plan_05853,6066,train,14362
5854,plan_05854,6067,train,1294
5855,plan_05855,6068,train,7316
5856,plan_05856,6069,train,11731
5857,plan_05857,6070,train,10455
5858,plan_05858,6071,train,12725
5859,plan_05859,6072,train,13524
5860,plan_05860,6073,train,3989
5861,plan_05861,6074,train,8861
5862,plan_05862,6075,test,898
5863,plan_05863,6080,test,2022
5864,plan_05864,6081,train,9160
5865,plan_05865,6082,train,4642
5866,plan_05866,6083,train,11645
5867,plan_05867,6084,train,5188
5868,plan_05868,6085,train,3325
5869,plan_05869,6086,train,7590
5870,plan_05870,6088,train,8016
5871,plan_05871,6089,train,12645
5872,plan_05872,6090,train,8229
5873,plan_05873,6091,train,9807
5874,plan_05874,6092,train,8082
5875,plan_05875,6093,train,6541
5876,plan_05876,6094,train,6613
5877,plan_05877,6095,train,10632
5878,plan_05878,6096,train,5350
5879,plan_05879,6097,train,11870
5880,plan_05880,6098,train,9501
5881,plan_05881,6099,train,6461
5882,plan_05882,6100,train,2228
5883,plan_05883,6101,train,2863
5884,plan_05884,6102,train,8372
5885,plan_05885,6103,train,5703
5886,plan_05886,6104,train,5292
5887,plan_05887,6105,test,881
5888,plan_05888,6106,train,9183
5889,plan_05889,6107,train,6520
5890,plan_05890,6108,train,10434
5891,plan_05891,6109,train,10424
5892,plan_05892,6110,train,8640
5893,plan_05893,6111,test,744
5894,plan_05894,6112,test,1037
5895,plan_05895,6113,train,8802
5896,plan_05896,6114,train,11724
5897,plan_05897,6115,test,1398
5898,plan_05898,6116,train,1418
5899,plan_05899,6117,train,6633
5900,plan_05900,6118,train,13
5901,plan_05901,6119,train,10067
5902,plan_05902,6120,train,7889
5903,plan_05903,6121,train,4759
5904,plan_05904,6122,test,1190
5905,plan_05905,6123,test,1075
5906,plan_05906,6125,train,13116
5907,plan_05907,6126,test,2402
5908,plan_05908,6127,train,1963
5909,plan_05909,6128,train,1325
5910,plan_05910,6129,test,792
5911,plan_05911,6130,train,10878
5912,plan_05912,6131,train,11094
5913,plan_05913,6132,train,4800
5914,plan_05914,6133,train,7410
5915,plan_05915,6134,train,10901
5916,plan_05916,6135,train,8362
5917,plan_05917,6136,test,1544
5918,plan_05918,6137,train,12869
5919,plan_05919,6138,train,5270
5920,plan_05920,6139,train,1853
5921,plan_05921,6140,train,9261
5922,plan_05922,6141,train,9233
5923,plan_05923,6142,train,10917
5924,plan_05924,6143,train,2301
5925,plan_05925,6144,train,13160
5926,plan_05926,6145,train,5153
5927,plan_05927,6146,train,84
5928,plan_05928,6147,train,2141
5929,plan_05929,6148,test,2122
5930,plan_05930,6149,train,6465
5931,plan_05931,6150,train,11448
5932,plan_05932,6151,test,139
5933,plan_05933,6152,train,8737
5934,plan_05934,6153,train,13177
5935,plan_05935,6154,train,5411
5936,plan_05936,6155,train,13569
5937,plan_05937,6156,train,10398
5938,plan_05938,6157,train,14368
5939,plan_05939,6158,train,12198
5940,plan_05940,6159,train,7555
5941,plan_05941,6160,train,5052
5942,plan_05942,6161,train,6777
5943,plan_05943,6162,train,13029
5944,plan_05944,6163,train,14288
5945,plan_05945,6164,train,5587
5946,plan_05946,6165,train,8797
5947,plan_05947,6166,train,678
5948,plan_05948,6167,test,2244
5949,plan_05949,6168,train,12582
5950,plan_05950,6169,test,2183
5951,plan_05951,6170,train,4422
5952,plan_05952,6171,train,2408
5953,plan_05953,6172,train,10526
5954,plan_05954,6173,train,10750
5955,plan_05955,6174,train,5726
5956,plan_05956,6175,train,5084
5957,plan_05957,6176,train,5515
5958,plan_05958,6177,train,11664
5959,plan_05959,6178,train,10137
5960,plan_05960,6179,train,12408
5961,plan_05961,6180,train,4882
5962,plan_05962,6181,train,12492
5963,plan_05963,6182,train,3247
5964,plan_05964,6183,train,8192
5965,plan_05965,6184,train,4347
5966,plan_05966,6185,train,33
5967,plan_05967,6186,train,524
5968,plan_05968,6187,train,6444
5969,plan_05969,6188,train,1457
5970,plan_05970,6189,train,9395
5971,plan_05971,6190,train,7960
5972,plan_05972,6191,test,1186
5973,plan_05973,6192,train,4271
5974,plan_05974,6193,test,1290
5975,plan_05975,6194,train,1307
5976,plan_05976,6195,train,13547
5977,plan_05977,6196,train,3496
5978,plan_05978,6197,train,13361
5979,plan_05979,6198,train,7108
5980,plan_05980,6199,train,6189
5981,plan_05981,6200,train,11688
5982,plan_05982,6201,train,1419
5983,plan_05983,6202,train,9585
5984,plan_05984,6203,train,5757
5985,plan_05985,6204,train,6583
5986,plan_05986,6205,train,1331
5987,plan_05987,6206,train,4486
5988,plan_05988,6207,train,8738
5989,plan_05989,6208,train,5248
5990,plan_05990,6209,train,1609
5991,plan_05991,6210,train,8819
5992,plan_05992,6211,train,4956
5993,plan_05993,6212,train,9072
5994,plan_05994,6213,train,4209
5995,plan_05995,6214,train,771
5996,plan_05996,6215,train,6535
5997,plan_05997,6216,train,12159
5998,plan_05998,6217,train,4175
5999,plan_05999,6218,train,2919
6000,plan_06000,6219,train,12587
6001,plan_06001,6220,test,532
6002,plan_06002,6221,test,910
6003,plan_06003,6222,train,12463
6004,plan_06004,6223,test,348
6005,plan_06005,6224,test,1309
6006,plan_06006,6225,train,1258
6007,plan_06007,6226,train,5304
6008,plan_06008,6227,train,6947
6009,plan_06009,6228,train,5743
6010,plan_06010,6229,train,8852
6011,plan_06011,6230,train,12643
6012,plan_06012,6231,test,27
6013,plan_06013,6232,test,617
6014,plan_06014,6233,train,11698
6015,plan_06015,6234,train,6102
6016,plan_06016,6235,train,11306
6017,plan_06017,6236,train,705
6018,plan_06018,6237,train,1535
6019,plan_06019,6238,test,2396
6020,plan_06020,6239,test,402
6021,plan_06021,6240,train,12623
6022,plan_06022,6241,train,6287
6023,plan_06023,6242,train,7615
6024,plan_06024,6243,train,1100
6025,plan_06025,6244,train,4562
6026,plan_06026,6245,test,505
6027,plan_06027,6246,train,3415
6028,plan_06028,6247,train,12404
6029,plan_06029,6248,train,1876
6030,plan_06030,6249,train,11339
6031,plan_06031,6250,train,3392
6032,plan_06032,6251,train,4984
6033,plan_06033,6252,train,8232
6034,plan_06034,6253,train,8311
6035,plan_06035,6254,train,5809
6036,plan_06036,6255,train,12100
6037,plan_06037,6256,train,10682
6038,plan_06038,6257,train,11543
6039,plan_06039,6258,train,8725
6040,plan_06040,6259,train,13225
6041,plan_06041,6260,test,1592
6042,plan_06042,6261,train,6
6043,plan_06043,6262,train,846
6044,plan_06044,6263,train,4156
6045,plan_06045,6264,train,7582
6046,plan_06046,6265,train,1244
6047,plan_06047,6266,train,3
6048,plan_06048,6267,train,1022
6049,plan_06049,6268,train,10005
6050,plan_06050,6269,train,9601
6051,plan_06051,6270,train,11109
6052,plan_06052,6271,train,4432
6053,plan_06053,6272,train,4580
6054,plan_06054,6273,train,10154
6055,plan_06055,6274,train,13272
6056,plan_06056,6275,train,9996
6057,plan_06057,6276,test,2282
6058,plan_06058,6277,test,1682
6059,plan_06059,6278,train,8771
6060,plan_06060,6279,train,7997
6061,plan_06061,6280,train,11232
6062,plan_06062,6281,train,5370
6063,plan_06063,6282,train,10552
6064,plan_06064,6283,test,951
6065,plan_06065,6284,train,12870
6066,plan_06066,6285,train,10496
6067,plan_06067,6286,train,11501
6068,plan_06068,6287,train,12511
6069,plan_06069,6288,train,12598
6070,plan_06070,6289,train,12338
6071,plan_06071,6290,train,4597
6072,plan_06072,6291,train,13112
6073,plan_06073,6292,train,6497
6074,plan_06074,6293,train,12694
6075,plan_06075,6294,train,2109
6076,plan_06076,6295,train,10285
6077,plan_06077,6296,train,401
6078,plan_06078,6297,train,7568
6079,plan_06079,6298,train,14114
6080,plan_06080,6299,test,315
6081,plan_06081,6300,train,4105
6082,plan_06082,6301,test,1785
6083,plan_06083,6302,train,9044
6084,plan_06084,6303,train,12223
6085,plan_06085,6304,train,10740
6086,plan_06086,6305,train,7441
6087,plan_06087,6306,train,290
6088,plan_06088,6307,train,11976
6089,plan_06089,6308,train,9326
6090,plan_06090,6309,train,9078
6091,plan_06091,6310,test,499
6092,plan_06092,6311,train,10660
6093,plan_06093,6312,train,2827
6094,plan_06094,6313,train,7663
6095,plan_06095,6314,train,11222
6096,plan_06096,6315,train,2040
6097,plan_06097,6316,train,10594
6098,plan_06098,6318,train,3393
6099,plan_06099,6319,train,6181
6100,plan_06100,6320,train,10493
6101,plan_06101,6321,train,9567
6102,plan_06102,6322,train,371
6103,plan_06103,6323,train,14034
6104,plan_06104,6324,train,13601
6105,plan_06105,6325,train,4719
6106,plan_06106,6326,train,10038
6107,plan_06107,6327,train,6280
6108,plan_06108,6328,train,3719
6109,plan_06109,6329,train,11488
6110,plan_06110,6330,test,865
6111,plan_06111,6331,train,12957
6112,plan_06112,6332,train,5607
6113,plan_06113,6333,train,2433
6114,plan_06114,6334,train,5815
6115,plan_06115,6335,train,11809
6116,plan_06116,6336,train,2482
6117,plan_06117,6337,test,1031
6118,plan_06118,6338,train,9155
6119,plan_06119,6339,train,8952
6120,plan_06120,6340,train,6202
6121,plan_06121,6341,train,7791
6122,plan_06122,6342,train,12081
6123,plan_06123,6343,train,3893
6124,plan_06124,6344,train,9801
6125,plan_06125,6345,train,732
6126,plan_06126,6346,train,6347
6127,plan_06127,6347,train,11463
6128,plan_06128,6348,train,10838
6129,plan_06129,6349,train,7326
6130,plan_06130,6350,train,8941
6131,plan_06131,6351,train,9535
6132,plan_06132,6352,train,9128
6133,plan_06133,6353,train,8083
6134,plan_06134,6354,test,1508
6135,plan_06135,6355,train,9296
6136,plan_06136,6356,train,979
6137,plan_06137,6357,test,1471
6138,plan_06138,6358,train,12888
6139,plan_06139,6359,train,1452
6140,plan_06140,6360,train,11827
6141,plan_06141,6361,train,4395
6142,plan_06142,6362,train,13949
6143,plan_06143,6363,train,10160
6144,plan_06144,6364,train,887
6145,plan_06145,6365,train,3478
6146,plan_06146,6366,train,185
6147,plan_06147,6367,train,8477
6148,plan_06148,6368,train,6794
6149,plan_06149,6369,train,13096
6150,plan_06150,6370,train,6607
6151,plan_06151,6371,test,2216
6152,plan_06152,6372,train,11821
6153,plan_06153,6373,train,9496
6154,plan_06154,6374,train,7793
6155,plan_06155,6375,train,5427
6156,plan_06156,6376,train,2621
6157,plan_06157,6377,train,6673
6158,plan_06158,6378,train,2917
6159,plan_06159,6379,train,13048
6160,plan_06160,6380,test,2206
6161,plan_06161,6381,train,13864
6162,plan_06162,6382,train,6838
6163,plan_06163,6383,train,7752
6164,plan_06164,6384,train,2152
6165,plan_06165,6385,test,38
6166,plan_06166,6386,train,4434
6167,plan_06167,6387,train,1367
6168,plan_06168,6388,test,2213
6169,plan_06169,6389,train,6666
6170,plan_06170,6390,train,1595
6171,plan_06171,6391,train,9297
6172,plan_06172,6392,train,10946
6173,plan_06173,6393,train,9628
6174,plan_06174,6394,train,10940
6175,plan_06175,6395,train,13423
6176,plan_06176,6396,train,6667
6177,plan_06177,6397,test,318
6178,plan_06178,6398,train,8340
6179,plan_06179,6399,train,2134
6180,plan_06180,6400,train,8260
6181,plan_06181,6401,train,8132
6182,plan_06182,6402,train,11619
6183,plan_06183,6403,test,1318
6184,plan_06184,6404,test,1228
6185,plan_06185,6405,train,786
6186,plan_06186,6406,train,517
6187,plan_06187,6407,test,365
6188,plan_06188,6408,train,3882
6189,plan_06189,6409,train,13775
6190,plan_06190,6410,train,5050
6191,plan_06191,6411,test,2014
6192,plan_06192,6412,train,13523
6193,plan_06193,6413,test,306
6194,plan_06194,6414,train,5520
6195,plan_06195,6415,train,10019
6196,plan_06196,6416,train,7614
6197,plan_06197,6417,train,274
6198,plan_06198,6418,train,9166
6199,plan_06199,6419,train,7466
6200,plan_06200,6420,train,3987
6201,plan_06201,6421,train,207
6202,plan_06202,6422,train,488
6203,plan_06203,6423,train,5364
6204,plan_06204,6424,train,6967
6205,plan_06205,6425,train,3047
6206,plan_06206,6426,train,12866
6207,plan_06207,6427,train,5704
6208,plan_06208,6428,train,766
6209,plan_06209,6429,train,9280
6210,plan_06210,6430,train,13579
6211,plan_06211,6431,train,11606
6212,plan_06212,6432,train,379
6213,plan_06213,6433,train,8076
6214,plan_06214,6434,train,6750
6215,plan_06215,6435,train,1132
6216,plan_06216,6436,train,9525
6217,plan_06217,6437,test,2500
6218,plan_06218,6438,train,57
6219,plan_06219,6439,train,2086
6220,plan_06220,6440,train,13819
6221,plan_06221,6441,train,7529
6222,plan_06222,6442,train,2950
6223,plan_06223,6443,train,6303
6224,plan_06224,6444,train,13368
6225,plan_06225,6445,test,1042
6226,plan_06226,6446,train,453
6227,plan_06227,6447,train,4391
6228,plan_06228,6448,train,9617
6229,plan_06229,6449,train,3950
6230,plan_06230,6450,train,10097
6231,plan_06231,6451,test,2292
6232,plan_06232,6452,train,8344
6233,plan_06233,6453,test,1827
6234,plan_06234,6454,train,7693
6235,plan_06235,6455,train,9764
6236,plan_06236,6456,train,14298
6237,plan_06237,6457,train,8014
6238,plan_06238,6458,train,214
6239,plan_06239,6459,train,12640
6240,plan_06240,6460,train,10322
6241,plan_06241,6461,train,12179
6242,plan_06242,6462,train,9184
6243,plan_06243,6463,train,10514
6244,plan_06244,6464,train,6488
6245,plan_06245,6465,train,10659
6246,plan_06246,6466,train,13832
6247,plan_06247,6467,train,4693
6248,plan_06248,6468,train,14045
6249,plan_06249,6469,train,28
6250,plan_06250,6470,train,7813
6251,plan_06251,6471,train,1017
6252,plan_06252,6472,train,1114
6253,plan_06253,6473,train,2998
6254,plan_06254,6474,train,13077
6255,plan_06255,6475,train,269
6256,plan_06256,6476,train,8351
6257,plan_06257,6477,train,5068
6258,plan_06258,6478,train,4250
6259,plan_06259,6479,train,7751
6260,plan_06260,6480,train,8338
6261,plan_06261,6481,train,7905
6262,plan_06262,6482,train,7923
6263,plan_06263,6483,train,8986
6264,plan_06264,6484,train,10755
6265,plan_06265,6485,train,11125
6266,plan_06266,6486,train,9148
6267,plan_06267,6487,train,9428
6268,plan_06268,6488,train,814
6269,plan_06269,6489,train,6019
6270,plan_06270,6490,train,7669
6271,plan_06271,6491,train,12936
6272,plan_06272,6492,train,13137
6273,plan_06273,6493,train,13001
6274,plan_06274,6494,test,431
6275,plan_06275,6495,train,1767
6276,plan_06276,6496,train,7741
6277,plan_06277,6497,train,1222
6278,plan_06278,6498,train,2146
6279,plan_06279,6499,train,6922
6280,plan_06280,6500,train,9547
6281,plan_06281,6501,test,2290
6282,plan_06282,6502,train,9304
6283,plan_06283,6503,train,8057
6284,plan_06284,6504,train,7986
6285,plan_06285,6505,test,1288
6286,plan_06286,6506,train,431
6287,plan_06287,6507,train,1953
6288,plan_06288,6508,train,10718
6289,plan_06289,6509,train,14424
6290,plan_06290,6510,train,13249
6291,plan_06291,6511,train,4416
6292,plan_06292,6512,train,10737
6293,plan_06293,6513,train,8333
6294,plan_06294,6514,train,5196
6295,plan_06295,6515,train,2160
6296,plan_06296,6516,train,11035
6297,plan_06297,6517,train,12356
6298,plan_06298,6518,train,14326
6299,plan_06299,6519,train,6340
6300,plan_06300,6520,train,1486
6301,plan_06301,6521,train,7194
6302,plan_06302,6522,test,2463
6303,plan_06303,6523,train,825
6304,plan_06304,6524,train,2184
6305,plan_06305,6525,train,11626
6306,plan_06306,6526,train,6256
6307,plan_06307,6527,test,645
6308,plan_06308,6528,train,2168
6309,plan_06309,6529,train,9314
6310,plan_06310,6530,train,8925
6311,plan_06311,6531,train,1204
6312,plan_06312,6532,train,13578
6313,plan_06313,6533,train,9452
6314,plan_06314,6534,train,6532
6315,plan_06315,6535,test,1460
6316,plan_06316,6536,train,5136
6317,plan_06317,6537,train,10809
6318,plan_06318,6538,train,8402
6319,plan_06319,6539,train,1207
6320,plan_06320,6540,train,5905
6321,plan_06321,6541,train,4717
6322,plan_06322,6542,train,9116
6323,plan_06323,6543,train,4094
6324,plan_06324,6544,train,10323
6325,plan_06325,6545,train,13917
6326,plan_06326,6546,train,5231
6327,plan_06327,6547,test,2203
6328,plan_06328,6548,train,5078
6329,plan_06329,6549,train,2638
6330,plan_06330,6550,train,6164
6331,plan_06331,6551,train,1522
6332,plan_06332,6552,train,10204
6333,plan_06333,6553,train,4869
6334,plan_06334,6554,train,12002
6335,plan_06335,6555,train,1075
6336,plan_06336,6556,train,13921
6337,plan_06337,6557,train,8099
6338,plan_06338,6558,train,6095
6339,plan_06339,6559,test,1672
6340,plan_06340,6560,train,238
6341,plan_06341,6561,train,10674
6342,plan_06342,6562,train,6143
6343,plan_06343,6563,train,11074
6344,plan_06344,6564,train,384
6345,plan_06345,6565,test,2356
6346,plan_06346,6566,train,13106
6347,plan_06347,6567,test,1159
6348,plan_06348,6568,test,2520
6349,plan_06349,6569,train,3919
6350,plan_06350,6570,train,11020
6351,plan_06351,6571,train,7392
6352,plan_06352,6572,train,719
6353,plan_06353,6573,train,3494
6354,plan_06354,6574,train,2854
6355,plan_06355,6577,train,2097
6356,plan_06356,6578,test,422
6357,plan_06357,6579,train,3472
6358,plan_06358,6580,train,3572
6359,plan_06359,6581,train,11649
6360,plan_06360,6582,train,76
6361,plan_06361,6583,train,3596
6362,plan_06362,6584,train,5090
6363,plan_06363,6585,test,1413
6364,plan_06364,6586,train,10430
6365,plan_06365,6587,train,5074
6366,plan_06366,6588,train,12231
6367,plan_06367,6589,train,11051
6368,plan_06368,6590,train,11473
6369,plan_06369,6591,train,12874
6370,plan_06370,6592,train,3243
6371,plan_06371,6593,train,4614
6372,plan_06372,6594,train,13332
6373,plan_06373,6595,train,663
6374,plan_06374,6596,train,11123
6375,plan_06375,6597,test,196
6376,plan_06376,6598,test,2184
6377,plan_06377,6600,train,8268
6378,plan_06378,6601,train,9824
6379,plan_06379,6602,test,1088
6380,plan_06380,6603,train,4427
6381,plan_06381,6604,test,875
6382,plan_06382,6605,train,12592
6383,plan_06383,6606,train,9081
6384,plan_06384,6607,train,532
6385,plan_06385,6608,train,5402
6386,plan_06386,6609,train,7403
6387,plan_06387,6610,test,1948
6388,plan_06388,6611,train,2317
6389,plan_06389,6612,train,5138
6390,plan_06390,6613,test,159
6391,plan_06391,6614,train,237
6392,plan_06392,6616,train,9366
6393,plan_06393,6617,train,11392
6394,plan_06394,6618,test,1
6395,plan_06395,6619,train,11430
6396,plan_06396,6620,train,9417
6397,plan_06397,6621,train,12717
6398,plan_06398,6622,train,13566
6399,plan_06399,6623,train,14117
6400,plan_06400,6628,train,9307
6401,plan_06401,6629,train,13097
6402,plan_06402,6630,test,941
6403,plan_06403,6631,test,2366
6404,plan_06404,6637,test,1755
6405,plan_06405,6651,train,3461
6406,plan_06406,6652,train,13629
6407,plan_06407,6653,train,12647
6408,plan_06408,6658,train,9809
6409,plan_06409,6659,train,7426
6410,plan_06410,6660,train,545
6411,plan_06411,6661,train,3607
6412,plan_06412,6669,test,2461
6413,plan_06413,6674,train,2565
6414,plan_06414,6675,train,4515
6415,plan_06415,6676,train,12911
6416,plan_06416,6677,train,12189
6417,plan_06417,6684,train,7298
6418,plan_06418,6685,train,972
6419,plan_06419,6686,train,14215
6420,plan_06420,6687,train,4024
6421,plan_06421,6688,train,2562
6422,plan_06422,6689,train,5258
6423,plan_06423,6690,train,2093
6424,plan_06424,6691,train,114
6425,plan_06425,6692,train,11578
6426,plan_06426,6693,train,10935
6427,plan_06427,6694,train,6853
6428,plan_06428,6695,train,12811
6429,plan_06429,6696,train,10371
6430,plan_06430,6697,train,1663
6431,plan_06431,6698,test,84
6432,plan_06432,6699,train,2246
6433,plan_06433,6700,train,6336
6434,plan_06434,6701,train,14106
6435,plan_06435,6702,test,1665
6436,plan_06436,6703,train,11359
6437,plan_06437,6704,train,5619
6438,plan_06438,6705,train,10350
6439,plan_06439,6706,test,1093
6440,plan_06440,6707,train,9883
6441,plan_06441,6708,train,13470
6442,plan_06442,6709,train,11436
6443,plan_06443,6710,train,1111
6444,plan_06444,6711,train,14444
6445,plan_06445,6712,train,3900
6446,plan_06446,6713,train,1521
6447,plan_06447,6714,train,12723
6448,plan_06448,6715,train,3194
6449,plan_06449,6716,test,1520
6450,plan_06450,6717,train,8649
6451,plan_06451,6718,test,273
6452,plan_06452,6719,train,9707
6453,plan_06453,6720,train,5319
6454,plan_06454,6721,train,7418
6455,plan_06455,6722,test,151
6456,plan_06456,6723,train,1568
6457,plan_06457,6724,train,9660
6458,plan_06458,6725,train,6127
6459,plan_06459,6726,train,4407
6460,plan_06460,6727,train,5150
6461,plan_06461,6728,train,12829
6462,plan_06462,6729,train,4716
6463,plan_06463,6730,train,7908
6464,plan_06464,6731,train,4333
6465,plan_06465,6732,test,1949
6466,plan_06466,6733,train,12842
6467,plan_06467,6734,train,9635
6468,plan_06468,6735,train,13449
6469,plan_06469,6736,train,12487
6470,plan_06470,6737,train,8005
6471,plan_06471,6738,train,13073
6472,plan_06472,6739,train,1924
6473,plan_06473,6740,train,4059
6474,plan_06474,6741,train,5453
6475,plan_06475,6742,train,11952
6476,plan_06476,6743,test,245
6477,plan_06477,6744,train,11059
6478,plan_06478,6745,test,2093
6479,plan_06479,6746,train,9158
6480,plan_06480,6747,test,1586
6481,plan_06481,6748,test,2352
6482,plan_06482,6749,train,2836
6483,plan_06483,6750,test,1328
6484,plan_06484,6751,train,8934
6485,plan_06485,6752,train,1447
6486,plan_06486,6753,train,6454
6487,plan_06487,6754,train,11288
6488,plan_06488,6755,test,699
6489,plan_06489,6756,test,705
6490,plan_06490,6757,train,12173
6491,plan_06491,6758,train,4737
6492,plan_06492,6759,train,2559
6493,plan_06493,6760,train,7117
6494,plan_06494,6761,train,3543
6495,plan_06495,6762,train,1384
6496,plan_06496,6763,train,13597
6497,plan_06497,6764,train,13371
6498,plan_06498,6765,train,10853
6499,plan_06499,6766,train,6517
6500,plan_06500,6767,train,14068
6501,plan_06501,6768,train,2399
6502,plan_06502,6769,train,12417
6503,plan_06503,6770,train,3263
6504,plan_06504,6771,train,10822
6505,plan_06505,6772,train,13890
6506,plan_06506,6773,train,2525
6507,plan_06507,6774,train,7166
6508,plan_06508,6775,train,3163
6509,plan_06509,6776,train,6984
6510,plan_06510,6777,train,8697
6511,plan_06511,6778,train,8519
6512,plan_06512,6779,train,11726
6513,plan_06513,6780,train,14159
6514,plan_06514,6781,train,13478
6515,plan_06515,6782,train,6398
6516,plan_06516,6783,train,9837
6517,plan_06517,6784,train,11190
6518,plan_06518,6785,test,895
6519,plan_06519,6786,train,8498
6520,plan_06520,6790,train,3829
6521,plan_06521,6791,train,7355
6522,plan_06522,6792,train,4376
6523,plan_06523,6793,train,12981
6524,plan_06524,6794,train,10876
6525,plan_06525,6795,test,719
6526,plan_06526,6796,train,11525
6527,plan_06527,6797,train,3221
6528,plan_06528,6798,train,8833
6529,plan_06529,6800,train,8209
6530,plan_06530,6801,train,13311
6531,plan_06531,6802,train,787
6532,plan_06532,6803,train,2353
6533,plan_06533,6804,train,4602
6534,plan_06534,6805,train,552
6535,plan_06535,6806,train,14432
6536,plan_06536,6807,train,11721
6537,plan_06537,6808,train,2967
6538,plan_06538,6809,train,2443
6539,plan_06539,6810,train,4323
6540,plan_06540,6811,train,6563
6541,plan_06541,6812,train,2014
6542,plan_06542,6813,test,1961
6543,plan_06543,6814,train,4967
6544,plan_06544,6815,train,7922
6545,plan_06545,6816,train,6890
6546,plan_06546,6817,train,3937
6547,plan_06547,6818,train,7232
6548,plan_06548,6819,train,10088
6549,plan_06549,6820,train,5391
6550,plan_06550,6821,train,5243
6551,plan_06551,6822,train,9313
6552,plan_06552,6823,train,11785
6553,plan_06553,6824,train,8073
6554,plan_06554,6825,train,14271
6555,plan_06555,6826,train,11140
6556,plan_06556,6827,train,5844
6557,plan_06557,6828,train,12501
6558,plan_06558,6829,train,15
6559,plan_06559,6830,train,2470
6560,plan_06560,6831,train,4373
6561,plan_06561,6832,train,14066
6562,plan_06562,6833,train,1700
6563,plan_06563,6834,train,4041
6564,plan_06564,6835,train,4677
6565,plan_06565,6836,train,11082
6566,plan_06566,6837,train,6081
6567,plan_06567,6838,train,12758
6568,plan_06568,6839,train,5521
6569,plan_06569,6840,train,1547
6570,plan_06570,6841,train,9977
6571,plan_06571,6842,train,12175
6572,plan_06572,6843,train,4560
6573,plan_06573,6844,train,795
6574,plan_06574,6845,train,1349
6575,plan_06575,6846,test,1120
6576,plan_06576,6847,train,2186
6577,plan_06577,6848,train,4484
6578,plan_06578,6849,train,3513
6579,plan_06579,6850,train,9929
6580,plan_06580,6851,test,1693
6581,plan_06581,6852,train,4806
6582,plan_06582,6853,train,14253
6583,plan_06583,6854,train,1135
6584,plan_06584,6855,train,6430
6585,plan_06585,6856,train,1087
6586,plan_06586,6857,train,2002
6587,plan_06587,6858,test,2286
6588,plan_06588,6859,train,11512
6589,plan_06589,6860,train,6800
6590,plan_06590,6861,test,456
6591,plan_06591,6862,test,2324
6592,plan_06592,6863,train,11511
6593,plan_06593,6864,train,5251
6594,plan_06594,6865,train,6991
6595,plan_06595,6866,train,601
6596,plan_06596,6867,test,2472
6597,plan_06597,6868,train,4136
6598,plan_06598,6869,train,1966
6599,plan_06599,6870,test,164
6600,plan_06600,6871,train,3769
6601,plan_06601,6872,train,6035
6602,plan_06602,6873,train,621
6603,plan_06603,6874,train,4242
6604,plan_06604,6875,train,4147
6605,plan_06605,6876,train,4064
6606,plan_06606,6877,train,13330
6607,plan_06607,6878,test,1445
6608,plan_06608,6879,train,14122
6609,plan_06609,6880,train,8756
6610,plan_06610,6881,test,784
6611,plan_06611,6882,train,9353
6612,plan_06612,6883,train,6022
6613,plan_06613,6884,train,13789
6614,plan_06614,6885,test,2096
6615,plan_06615,6886,test,1199
6616,plan_06616,6887,train,9629
6617,plan_06617,6888,test,1919
6618,plan_06618,6889,train,14329
6619,plan_06619,6890,train,1104
6620,plan_06620,6891,train,2309
6621,plan_06621,6894,train,8911
6622,plan_06622,6895,test,2413
6623,plan_06623,6896,train,10520
6624,plan_06624,6897,test,486
6625,plan_06625,6898,train,1711
6626,plan_06626,6899,train,11986
6627,plan_06627,6910,train,8396
6628,plan_06628,6911,test,1618
6629,plan_06629,6912,train,9697
6630,plan_06630,6913,train,8906
6631,plan_06631,6914,test,2332
6632,plan_06632,6915,train,6600
6633,plan_06633,6916,train,11694
6634,plan_06634,6917,test,1232
6635,plan_06635,6918,test,920
6636,plan_06636,6919,train,12164
6637,plan_06637,6920,train,12301
6638,plan_06638,6921,train,13619
6639,plan_06639,6922,train,6306
6640,plan_06640,6923,train,11
6641,plan_06641,6924,test,2239
6642,plan_06642,6925,train,10662
6643,plan_06643,6926,train,10587
6644,plan_06644,6927,train,8350
6645,plan_06645,6928,train,6866
6646,plan_06646,6929,train,8373
6647,plan_06647,6930,train,10325
6648,plan_06648,6931,train,11519
6649,plan_06649,6932,train,5955
6650,plan_06650,6933,train,12315
6651,plan_06651,6934,train,14110
6652,plan_06652,6935,test,752
6653,plan_06653,6936,train,6567
6654,plan_06654,6937,train,11927
6655,plan_06655,6938,train,6483
6656,plan_06656,6939,train,11147
6657,plan_06657,6940,train,10771
6658,plan_06658,6941,train,12253
6659,plan_06659,6942,test,1010
6660,plan_06660,6943,test,883
6661,plan_06661,6944,train,14141
6662,plan_06662,6945,train,6386
6663,plan_06663,6946,train,8029
6664,plan_06664,6947,train,8563
6665,plan_06665,6948,test,1313
6666,plan_06666,6949,train,566
6667,plan_06667,6950,train,8604
6668,plan_06668,6951,train,9928
6669,plan_06669,6952,train,7999
6670,plan_06670,6953,train,561
6671,plan_06671,6954,train,770
6672,plan_06672,6955,train,11462
6673,plan_06673,6956,train,4095
6674,plan_06674,6957,train,2376
6675,plan_06675,6958,train,10841
6676,plan_06676,6959,train,13515
6677,plan_06677,6960,train,3536
6678,plan_06678,6961,test,2160
6679,plan_06679,6962,test,1217
6680,plan_06680,6963,train,5894
6681,plan_06681,6964,test,2385
6682,plan_06682,6965,train,13005
6683,plan_06683,6966,train,10677
6684,plan_06684,6967,train,7691
6685,plan_06685,6968,train,13489
6686,plan_06686,6969,train,11788
6687,plan_06687,6970,train,1113
6688,plan_06688,6971,train,8346
6689,plan_06689,6972,train,7458
6690,plan_06690,6973,test,256
6691,plan_06691,6974,train,10720
6692,plan_06692,6975,train,13873
6693,plan_06693,6976,test,1823
6694,plan_06694,6977,train,6076
6695,plan_06695,6978,train,6157
6696,plan_06696,6979,test,1287
6697,plan_06697,6980,test,1076
6698,plan_06698,6981,train,4171
6699,plan_06699,6982,train,1702
6700,plan_06700,6983,train,7707
6701,plan_06701,6984,train,7611
6702,plan_06702,6985,train,5000
6703,plan_06703,6986,train,13168
6704,plan_06704,6987,train,603
6705,plan_06705,6988,train,2314
6706,plan_06706,6989,train,5902
6707,plan_06707,6990,test,1708
6708,plan_06708,6991,train,10001
6709,plan_06709,6992,train,10077
6710,plan_06710,6993,train,4358
6711,plan_06711,6994,train,9615
6712,plan_06712,6995,test,1029
6713,plan_06713,6996,train,2618
6714,plan_06714,6997,test,2151
6715,plan_06715,6998,train,2595
6716,plan_06716,6999,train,7050
6717,plan_06717,7000,train,7906
6718,plan_06718,7001,train,9825
6719,plan_06719,7002,train,8206
6720,plan_06720,7003,train,456
6721,plan_06721,7004,train,3481
6722,plan_06722,7005,train,3675
6723,plan_06723,7006,train,12910
6724,plan_06724,7007,test,743
6725,plan_06725,7008,train,4123
6726,plan_06726,7009,test,1546
6727,plan_06727,7010,train,12848
6728,plan_06728,7011,train,5525
6729,plan_06729,7012,train,2604
6730,plan_06730,7013,train,2777
6731,plan_06731,7014,train,439
6732,plan_06732,7015,train,11001
6733,plan_06733,7016,test,1620
6734,plan_06734,7017,train,5147
6735,plan_06735,7018,train,14388
6736,plan_06736,7019,train,2437
6737,plan_06737,7020,train,1733
6738,plan_06738,7021,train,13273
6739,plan_06739,7022,train,4969
6740,plan_06740,7023,train,6366
6741,plan_06741,7024,train,4506
6742,plan_06742,7025,test,1503
6743,plan_06743,7026,train,6902
6744,plan_06744,7027,train,3454
6745,plan_06745,7028,train,14370
6746,plan_06746,7029,train,4896
6747,plan_06747,7030,train,535
6748,plan_06748,7031,train,12327
6749,plan_06749,7032,test,1986
6750,plan_06750,7033,test,2185
6751,plan_06751,7034,train,4605
6752,plan_06752,7035,train,1612
6753,plan_06753,7036,train,9539
6754,plan_06754,7037,train,7212
6755,plan_06755,7038,train,11936
6756,plan_06756,7039,test,312
6757,plan_06757,7040,train,1428
6758,plan_06758,7041,train,5550
6759,plan_06759,7042,train,10524
6760,plan_06760,7043,train,2418
6761,plan_06761,7044,test,398
6762,plan_06762,7045,train,2331
6763,plan_06763,7046,train,5122
6764,plan_06764,7047,train,10886
6765,plan_06765,7048,train,11403
6766,plan_06766,7049,train,4827
6767,plan_06767,7050,train,180
6768,plan_06768,7051,train,8159
6769,plan_06769,7052,train,14243
6770,plan_06770,7053,train,9741
6771,plan_06771,7054,train,10185
6772,plan_06772,7055,train,2342
6773,plan_06773,7056,train,6370
6774,plan_06774,7057,test,336
6775,plan_06775,7058,train,7972
6776,plan_06776,7059,train,11198
6777,plan_06777,7060,test,337
6778,plan_06778,7061,test,2412
6779,plan_06779,7062,train,4619
6780,plan_06780,7063,train,4496
6781,plan_06781,7064,train,10919
6782,plan_06782,7065,train,4116
6783,plan_06783,7066,train,4119
6784,plan_06784,7067,train,13704
6785,plan_06785,7068,train,2780
6786,plan_06786,7069,train,10748
6787,plan_06787,7070,train,5385
6788,plan_06788,7071,train,6754
6789,plan_06789,7072,train,10486
6790,plan_06790,7073,test,1160
6791,plan_06791,7074,train,12715
6792,plan_06792,7075,test,2395
6793,plan_06793,7076,train,433
6794,plan_06794,7077,train,5215
6795,plan_06795,7078,train,13879
6796,plan_06796,7079,train,7229
6797,plan_06797,7080,train,6748
6798,plan_06798,7081,train,3427
6799,plan_06799,7082,train,13357
6800,plan_06800,7083,train,2164
6801,plan_06801,7084,test,2005
6802,plan_06802,7085,train,13217
6803,plan_06803,7086,train,1954
6804,plan_06804,7087,train,12047
6805,plan_06805,7088,train,1237
6806,plan_06806,7089,train,8330
6807,plan_06807,7090,test,1177
6808,plan_06808,7091,train,3106
6809,plan_06809,7092,train,6663
6810,plan_06810,7093,test,268
6811,plan_06811,7094,test,1416
6812,plan_06812,7095,train,11627
6813,plan_06813,7096,train,6705
6814,plan_06814,7097,test,2180
6815,plan_06815,7098,train,9598
6816,plan_06816,7099,train,13722
6817,plan_06817,7100,train,1740
6818,plan_06818,7101,test,2272
6819,plan_06819,7102,test,780
6820,plan_06820,7103,test,1130
6821,plan_06821,7104,train,4473
6822,plan_06822,7105,test,444
6823,plan_06823,7106,train,3412
6824,plan_06824,7107,test,475
6825,plan_06825,7108,train,12840
6826,plan_06826,7109,train,9187
6827,plan_06827,7110,train,8282
6828,plan_06828,7111,train,2258
6829,plan_06829,7112,test,1138
6830,plan_06830,7113,test,8
6831,plan_06831,7114,train,7495
6832,plan_06832,7115,train,8713
6833,plan_06833,7116,test,1929
6834,plan_06834,7117,test,1548
6835,plan_06835,7118,train,6762
6836,plan_06836,7119,train,941
6837,plan_06837,7120,train,1174
6838,plan_06838,7121,train,2628
6839,plan_06839,7122,train,4663
6840,plan_06840,7123,train,12649
6841,plan_06841,7124,train,8781
6842,plan_06842,7125,train,13271
6843,plan_06843,7126,train,9422
6844,plan_06844,7128,train,3696
6845,plan_06845,7129,train,3147
6846,plan_06846,7130,train,3752
6847,plan_06847,7131,train,4548
6848,plan_06848,7132,test,961
6849,plan_06849,7133,train,13131
6850,plan_06850,7134,train,8430
6851,plan_06851,7135,train,626
6852,plan_06852,7136,train,9908
6853,plan_06853,7137,test,563
6854,plan_06854,7138,test,404
6855,plan_06855,7139,train,8243
6856,plan_06856,7140,train,5769
6857,plan_06857,7141,train,10954
6858,plan_06858,7142,train,13770
6859,plan_06859,7143,train,932
6860,plan_06860,7144,train,9552
6861,plan_06861,7145,train,11439
6862,plan_06862,7146,train,664
6863,plan_06863,7147,train,10115
6864,plan_06864,7148,train,1153
6865,plan_06865,7149,train,3046
6866,plan_06866,7150,test,2050
6867,plan_06867,7151,train,4545
6868,plan_06868,7152,train,5828
6869,plan_06869,7153,train,7312
6870,plan_06870,7154,train,2056
6871,plan_06871,7155,train,6766
6872,plan_06872,7156,train,5159
6873,plan_06873,7157,train,7340
6874,plan_06874,7158,train,995
6875,plan_06875,7159,test,2041
6876,plan_06876,7160,train,13979
6877,plan_06877,7161,train,1822
6878,plan_06878,7162,test,89
6879,plan_06879,7163,train,13583
6880,plan_06880,7164,train,6275
6881,plan_06881,7165,train,5428
6882,plan_06882,7166,test,425
6883,plan_06883,7167,train,7218
6884,plan_06884,7168,train,4784
6885,plan_06885,7169,train,10931
6886,plan_06886,7170,train,13616
6887,plan_06887,7171,train,8730
6888,plan_06888,7172,train,7736
6889,plan_06889,7173,train,12951
6890,plan_06890,7174,train,8375
6891,plan_06891,7175,train,5569
6892,plan_06892,7176,train,13111
6893,plan_06893,7177,test,80
6894,plan_06894,7178,train,1610
6895,plan_06895,7179,train,13083
6896,plan_06896,7180,train,5280
6897,plan_06897,7181,train,292
6898,plan_06898,7182,train,2455
6899,plan_06899,7183,train,11567
6900,plan_06900,7184,train,5382
6901,plan_06901,7185,train,6799
6902,plan_06902,7186,train,1723
6903,plan_06903,7187,train,6917
6904,plan_06904,7188,train,9736
6905,plan_06905,7189,train,11338
6906,plan_06906,7190,train,190
6907,plan_06907,7191,train,12302
6908,plan_06908,7192,train,9667
6909,plan_06909,7193,train,8446
6910,plan_06910,7194,train,10761
6911,plan_06911,7195,train,13388
6912,plan_06912,7196,train,11216
6913,plan_06913,7197,train,4192
6914,plan_06914,7198,train,10542
6915,plan_06915,7199,train,10441
6916,plan_06916,7200,test,1760
6917,plan_06917,7201,train,54
6918,plan_06918,7202,test,523
6919,plan_06919,7203,train,205
6920,plan_06920,7204,train,1422
6921,plan_06921,7205,train,5142
6922,plan_06922,7206,train,5718
6923,plan_06923,7207,test,737
6924,plan_06924,7208,train,12980
6925,plan_06925,7211,train,6298
6926,plan_06926,7212,train,1090
6927,plan_06927,7213,train,3574
6928,plan_06928,7214,train,12800
6929,plan_06929,7215,train,7710
6930,plan_06930,7216,train,351
6931,plan_06931,7217,train,13730
6932,plan_06932,7218,train,13539
6933,plan_06933,7219,train,12965
6934,plan_06934,7220,train,323
6935,plan_06935,7221,train,11678
6936,plan_06936,7222,test,1271
6937,plan_06937,7223,test,355
6938,plan_06938,7224,train,6715
6939,plan_06939,7225,train,4437
6940,plan_06940,7226,train,7726
6941,plan_06941,7227,train,1967
6942,plan_06942,7228,train,11244
6943,plan_06943,7229,train,494
6944,plan_06944,7230,test,2485
6945,plan_06945,7231,train,9746
6946,plan_06946,7232,test,1350
6947,plan_06947,7233,train,6923
6948,plan_06948,7234,train,259
6949,plan_06949,7237,train,59
6950,plan_06950,7238,train,8990
6951,plan_06951,7239,train,12070
6952,plan_06952,7241,train,411
6953,plan_06953,7242,train,5416
6954,plan_06954,7243,train,11124
6955,plan_06955,7244,train,7034
6956,plan_06956,7245,train,13161
6957,plan_06957,7246,train,11903
6958,plan_06958,7247,train,61
6959,plan_06959,7248,train,7919
6960,plan_06960,7249,test,1524
6961,plan_06961,7250,train,11481
6962,plan_06962,7251,train,221
6963,plan_06963,7252,train,686
6964,plan_06964,7253,test,2267
6965,plan_06965,7254,train,4399
6966,plan_06966,7255,train,6876
6967,plan_06967,7256,test,2397
6968,plan_06968,7257,train,7872
6969,plan_06969,7258,train,1386
6970,plan_06970,7259,train,13220
6971,plan_06971,7260,train,5684
6972,plan_06972,7261,train,9923
6973,plan_06973,7262,train,2651
6974,plan_06974,7263,train,14236
6975,plan_06975,7264,train,13021
6976,plan_06976,7265,train,14076
6977,plan_06977,7266,test,635
6978,plan_06978,7267,train,5171
6979,plan_06979,7268,train,8502
6980,plan_06980,7269,train,8874
6981,plan_06981,7270,train,9003
6982,plan_06982,7271,train,12677
6983,plan_06983,7272,train,8633
6984,plan_06984,7273,test,1892
6985,plan_06985,7274,train,5837
6986,plan_06986,7275,train,8474
6987,plan_06987,7276,train,10031
6988,plan_06988,7277,train,11542
6989,plan_06989,7278,train,4213
6990,plan_06990,7279,train,8183
6991,plan_06991,7280,train,6059
6992,plan_06992,7281,train,3819
6993,plan_06993,7282,test,2175
6994,plan_06994,7283,train,10796
6995,plan_06995,7284,train,1728
6996,plan_06996,7285,train,5730
6997,plan_06997,7286,test,1946
6998,plan_06998,7287,train,14171
6999,plan_06999,7288,test,1997
7000,plan_07000,7289,train,9175
7001,plan_07001,7290,train,7500
7002,plan_07002,7291,test,1494
7003,plan_07003,7292,train,11729
7004,plan_07004,7293,train,6428
7005,plan_07005,7294,train,6595
7006,plan_07006,7295,train,12093
7007,plan_07007,7296,train,10436
7008,plan_07008,7297,train,11187
7009,plan_07009,7298,train,1864
7010,plan_07010,7299,train,3353
7011,plan_07011,7300,test,2037
7012,plan_07012,7301,train,1119
7013,plan_07013,7302,test,2542
7014,plan_07014,7303,train,5601
7015,plan_07015,7304,train,9726
7016,plan_07016,7305,train,9862
7017,plan_07017,7306,train,1710
7018,plan_07018,7307,train,13609
7019,plan_07019,7308,train,1378
7020,plan_07020,7309,test,387
7021,plan_07021,7311,train,225
7022,plan_07022,7312,train,7629
7023,plan_07023,7313,train,11998
7024,plan_07024,7314,train,13390
7025,plan_07025,7315,test,1539
7026,plan_07026,7316,train,8759
7027,plan_07027,7317,train,12641
7028,plan_07028,7318,train,13908
7029,plan_07029,7319,train,2063
7030,plan_07030,7320,train,1604
7031,plan_07031,7321,test,1201
7032,plan_07032,7322,test,580
7033,plan_07033,7323,test,2143
7034,plan_07034,7324,train,10828
7035,plan_07035,7325,train,6555
7036,plan_07036,7326,train,646
7037,plan_07037,7327,train,10267
7038,plan_07038,7328,train,8094
7039,plan_07039,7329,train,2422
7040,plan_07040,7330,train,4352
7041,plan_07041,7331,train,8383
7042,plan_07042,7332,train,13014
7043,plan_07043,7333,test,836
7044,plan_07044,7334,train,10907
7045,plan_07045,7335,train,4575
7046,plan_07046,7336,train,4997
7047,plan_07047,7337,train,677
7048,plan_07048,7338,train,5766
7049,plan_07049,7339,test,1057
7050,plan_07050,7340,test,913
7051,plan_07051,7341,train,12293
7052,plan_07052,7342,train,2273
7053,plan_07053,7343,test,1213
7054,plan_07054,7344,train,5534
7055,plan_07055,7345,train,4177
7056,plan_07056,7346,train,13937
7057,plan_07057,7347,train,12963
7058,plan_07058,7348,train,1255
7059,plan_07059,7349,train,7892
7060,plan_07060,7350,train,4459
7061,plan_07061,7351,train,8194
7062,plan_07062,7352,test,1514
7063,plan_07063,7353,train,1991
7064,plan_07064,7354,train,4660
7065,plan_07065,7356,train,12264
7066,plan_07066,7357,train,10676
7067,plan_07067,7358,train,7788
7068,plan_07068,7359,train,2730
7069,plan_07069,7360,test,803
7070,plan_07070,7361,train,4630
7071,plan_07071,7362,train,1529
7072,plan_07072,7363,train,13431
7073,plan_07073,7364,train,1912
7074,plan_07074,7365,train,3723
7075,plan_07075,7366,train,2405
7076,plan_07076,7367,train,5633
7077,plan_07077,7369,train,8432
7078,plan_07078,7370,train,6721
7079,plan_07079,7371,train,9970
7080,plan_07080,7372,train,13015
7081,plan_07081,7373,train,709
7082,plan_07082,7374,test,2427
7083,plan_07083,7375,train,6672
7084,plan_07084,7376,train,10355
7085,plan_07085,7377,train,11047
7086,plan_07086,7378,train,9778
7087,plan_07087,7379,train,1284
7088,plan_07088,7380,train,1145
7089,plan_07089,7381,train,3091
7090,plan_07090,7382,train,5095
7091,plan_07091,7383,test,1208
7092,plan_07092,7384,train,1898
7093,plan_07093,7385,train,13798
7094,plan_07094,7386,train,7864
7095,plan_07095,7387,train,8888
7096,plan_07096,7388,train,1209
7097,plan_07097,7389,test,1219
7098,plan_07098,7390,train,6684
7099,plan_07099,7391,train,3956
7100,plan_07100,7392,train,10379
7101,plan_07101,7393,train,6737
7102,plan_07102,7394,test,281
7103,plan_07103,7395,train,7199
7104,plan_07104,7396,train,3803
7105,plan_07105,7397,train,10766
7106,plan_07106,7398,test,1667
7107,plan_07107,7399,test,1510
7108,plan_07108,7400,test,2044
7109,plan_07109,7401,train,5832
7110,plan_07110,7402,train,12724
7111,plan_07111,7403,train,14134
7112,plan_07112,7404,train,12459
7113,plan_07113,7405,test,2319
7114,plan_07114,7406,train,12038
7115,plan_07115,7407,train,9519
7116,plan_07116,7408,train,3228
7117,plan_07117,7409,train,7255
7118,plan_07118,7410,train,11266
7119,plan_07119,7411,train,10475
7120,plan_07120,7412,train,3465
7121,plan_07121,7413,train,80
7122,plan_07122,7414,train,10277
7123,plan_07123,7415,train,8889
7124,plan_07124,7416,train,9275
7125,plan_07125,7417,train,9367
7126,plan_07126,7418,test,185
7127,plan_07127,7419,train,586
7128,plan_07128,7420,train,4057
7129,plan_07129,7421,train,2904
7130,plan_07130,7422,train,4686
7131,plan_07131,7423,train,4855
7132,plan_07132,7424,train,2396
7133,plan_07133,7425,train,11432
7134,plan_07134,7426,train,11371
7135,plan_07135,7427,train,336
7136,plan_07136,7428,test,942
7137,plan_07137,7429,train,11959
7138,plan_07138,7430,train,5212
7139,plan_07139,7431,train,324
7140,plan_07140,7432,train,5360
7141,plan_07141,7433,train,1030
7142,plan_07142,7434,train,14082
7143,plan_07143,7435,test,1205
7144,plan_07144,7436,train,2395
7145,plan_07145,7437,train,6841
7146,plan_07146,7438,train,6510
7147,plan_07147,7439,train,13658
7148,plan_07148,7440,train,13715
7149,plan_07149,7441,train,4926
7150,plan_07150,7442,train,4097
7151,plan_07151,7443,train,1785
7152,plan_07152,7444,train,6063
7153,plan_07153,7446,train,4152
7154,plan_07154,7447,train,10060
7155,plan_07155,7448,train,10206
7156,plan_07156,7449,train,10959
7157,plan_07157,7450,train,3146
7158,plan_07158,7451,train,8701
7159,plan_07159,7452,train,7012
7160,plan_07160,7453,test,2345
7161,plan_07161,7454,train,435
7162,plan_07162,7455,test,1830
7163,plan_07163,7456,train,11879
7164,plan_07164,7457,train,10432
7165,plan_07165,7458,train,220
7166,plan_07166,7459,train,2557
7167,plan_07167,7460,train,5589
7168,plan_07168,7461,train,8086
7169,plan_07169,7462,train,4644
7170,plan_07170,7463,train,3691
7171,plan_07171,7464,train,12967
7172,plan_07172,7465,train,13369
7173,plan_07173,7466,train,3101
7174,plan_07174,7467,train,12373
7175,plan_07175,7468,train,1297
7176,plan_07176,7469,train,12612
7177,plan_07177,7470,train,13573
7178,plan_07178,7471,train,811
7179,plan_07179,7472,train,4774
7180,plan_07180,7473,train,3505
7181,plan_07181,7474,train,4851
7182,plan_07182,7475,train,751
7183,plan_07183,7476,test,1561
7184,plan_07184,7477,train,3016
7185,plan_07185,7478,train,14166
7186,plan_07186,7481,train,13833
7187,plan_07187,7482,train,8620
7188,plan_07188,7483,train,10253
7189,plan_07189,7484,train,10983
7190,plan_07190,7485,train,8033
7191,plan_07191,7486,test,1502
7192,plan_07192,7487,train,1312
7193,plan_07193,7488,train,13023
7194,plan_07194,7489,test,2048
7195,plan_07195,7490,train,3291
7196,plan_07196,7491,train,5245
7197,plan_07197,7492,train,11242
7198,plan_07198,7493,train,9573
7199,plan_07199,7494,train,511
7200,plan_07200,7495,train,5048
7201,plan_07201,7496,train,5898
7202,plan_07202,7497,train,5451
7203,plan_07203,7498,test,534
7204,plan_07204,7499,test,81
7205,plan_07205,7500,train,7531
7206,plan_07206,7501,train,12699
7207,plan_07207,7502,train,12778
7208,plan_07208,7503,train,3165
7209,plan_07209,7504,test,931
7210,plan_07210,7505,train,5985
7211,plan_07211,7506,train,7930
7212,plan_07212,7507,train,6665
7213,plan_07213,7508,train,7551
7214,plan_07214,7509,test,1058
7215,plan_07215,7510,train,12550
7216,plan_07216,7511,train,1125
7217,plan_07217,7512,test,595
7218,plan_07218,7513,train,12120
7219,plan_07219,7514,train,7243
7220,plan_07220,7515,train,2806
7221,plan_07221,7516,train,2798
7222,plan_07222,7517,train,11495
7223,plan_07223,7518,train,10525
7224,plan_07224,7519,train,13759
7225,plan_07225,7520,train,11909
7226,plan_07226,7525,train,10165
7227,plan_07227,7526,train,7717
7228,plan_07228,7527,train,13554
7229,plan_07229,7528,train,2707
7230,plan_07230,7529,test,935
7231,plan_07231,7530,train,8984
7232,plan_07232,7531,train,14133
7233,plan_07233,7532,train,2957
7234,plan_07234,7533,train,13202
7235,plan_07235,7534,train,1381
7236,plan_07236,7535,train,2473
7237,plan_07237,7536,train,4276
7238,plan_07238,7537,train,10397
7239,plan_07239,7538,train,13138
7240,plan_07240,7539,train,7294
7241,plan_07241,7540,train,204
7242,plan_07242,7541,train,11386
7243,plan_07243,7542,train,7556
7244,plan_07244,7543,train,1313
7245,plan_07245,7544,train,2789
7246,plan_07246,7545,train,13244
7247,plan_07247,7546,train,4779
7248,plan_07248,7547,train,4504
7249,plan_07249,7548,train,1484
7250,plan_07250,7549,train,10772
7251,plan_07251,7550,train,8792
7252,plan_07252,7551,train,12534
7253,plan_07253,7552,train,1031
7254,plan_07254,7553,train,12859
7255,plan_07255,7554,test,343
7256,plan_07256,7555,train,4495
7257,plan_07257,7556,train,9854
7258,plan_07258,7557,train,12697
7259,plan_07259,7558,train,5813
7260,plan_07260,7559,train,9181
7261,plan_07261,7560,train,8270
7262,plan_07262,7561,train,1801
7263,plan_07263,7562,train,2448
7264,plan_07264,7563,train,6433
7265,plan_07265,7564,train,6283
7266,plan_07266,7565,train,3743
7267,plan_07267,7566,train,12028
7268,plan_07268,7567,test,1857
7269,plan_07269,7568,train,9321
7270,plan_07270,7569,test,1275
7271,plan_07271,7570,train,868
7272,plan_07272,7571,train,7032
7273,plan_07273,7572,train,7696
7274,plan_07274,7573,train,5114
7275,plan_07275,7574,train,2809
7276,plan_07276,7575,train,2536
7277,plan_07277,7576,train,2672
7278,plan_07278,7577,train,5419
7279,plan_07279,7578,train,6606
7280,plan_07280,7579,test,1571
7281,plan_07281,7580,train,10392
7282,plan_07282,7581,train,1032
7283,plan_07283,7582,train,4068
7284,plan_07284,7583,train,3740
7285,plan_07285,7584,test,363
7286,plan_07286,7585,train,10691
7287,plan_07287,7586,train,13246
7288,plan_07288,7587,train,2392
7289,plan_07289,7588,train,3274
7290,plan_07290,7589,train,9456
7291,plan_07291,7590,train,78
7292,plan_07292,7591,train,7468
7293,plan_07293,7592,train,3717
7294,plan_07294,7593,train,9934
7295,plan_07295,7594,train,3854
7296,plan_07296,7595,train,2374
7297,plan_07297,7596,train,3022
7298,plan_07298,7597,train,1155
7299,plan_07299,7598,train,4086
7300,plan_07300,7599,train,9345
7301,plan_07301,7600,train,10460
7302,plan_07302,7601,train,45
7303,plan_07303,7602,train,1867
7304,plan_07304,7603,train,5526
7305,plan_07305,7604,test,2386
7306,plan_07306,7605,train,13765
7307,plan_07307,7606,train,14204
7308,plan_07308,7607,train,3832
7309,plan_07309,7608,test,2383
7310,plan_07310,7609,train,2124
7311,plan_07311,7610,train,682
7312,plan_07312,7611,test,1952
7313,plan_07313,7620,train,10994
7314,plan_07314,7621,train,2457
7315,plan_07315,7622,train,8345
7316,plan_07316,7623,train,10070
7317,plan_07317,7624,train,7578
7318,plan_07318,7625,train,9385
7319,plan_07319,7626,train,12209
7320,plan_07320,7627,train,13222
7321,plan_07321,7628,train,5162
7322,plan_07322,7629,train,13094
7323,plan_07323,7630,train,1148
7324,plan_07324,7631,train,6210
7325,plan_07325,7632,train,4521
7326,plan_07326,7633,test,2493
7327,plan_07327,7634,train,1186
7328,plan_07328,7635,train,7678
7329,plan_07329,7636,train,6639
7330,plan_07330,7637,train,2383
7331,plan_07331,7638,train,9775
7332,plan_07332,7639,train,419
7333,plan_07333,7640,train,11983
7334,plan_07334,7641,train,4812
7335,plan_07335,7642,test,510
7336,plan_07336,7643,train,7425
7337,plan_07337,7644,train,2407
7338,plan_07338,7645,train,4431
7339,plan_07339,7646,train,1321
7340,plan_07340,7647,test,198
7341,plan_07341,7648,train,5797
7342,plan_07342,7649,train,4668
7343,plan_07343,7650,train,1355
7344,plan_07344,7651,train,831
7345,plan_07345,7652,train,7773
7346,plan_07346,7653,test,1798
7347,plan_07347,7654,test,711
7348,plan_07348,7655,train,4859
7349,plan_07349,7656,train,7343
7350,plan_07350,7657,train,4910
7351,plan_07351,7658,train,8526
7352,plan_07352,7659,train,6764
7353,plan_07353,7660,train,6379
7354,plan_07354,7661,train,8017
7355,plan_07355,7662,train,7291
7356,plan_07356,7663,train,2946
7357,plan_07357,7664,train,5345
7358,plan_07358,7665,train,2819
7359,plan_07359,7666,train,8948
7360,plan_07360,7667,test,874
7361,plan_07361,7668,train,13398
7362,plan_07362,7669,train,8288
7363,plan_07363,7670,train,5380
7364,plan_07364,7671,train,6087
7365,plan_07365,7672,train,11476
7366,plan_07366,7673,test,1289
7367,plan_07367,7674,test,394
7368,plan_07368,7675,train,6778
7369,plan_07369,7676,train,11665
7370,plan_07370,7677,test,977
7371,plan_07371,7679,train,7077
7372,plan_07372,7680,train,2679
7373,plan_07373,7681,train,984
7374,plan_07374,7682,train,11210
7375,plan_07375,7683,test,2148
7376,plan_07376,7684,train,1226
7377,plan_07377,7685,train,4973
7378,plan_07378,7686,train,5599
7379,plan_07379,7687,train,793
7380,plan_07380,7688,train,7098
7381,plan_07381,7689,train,2726
7382,plan_07382,7690,train,8822
7383,plan_07383,7691,train,2340
7384,plan_07384,7692,train,12862
7385,plan_07385,7693,train,3673
7386,plan_07386,7694,test,1367
7387,plan_07387,7695,train,10958
7388,plan_07388,7696,train,10936
7389,plan_07389,7697,train,11099
7390,plan_07390,7698,train,6075
7391,plan_07391,7699,train,4308
7392,plan_07392,7700,train,3257
7393,plan_07393,7701,train,2592
7394,plan_07394,7702,train,6656
7395,plan_07395,7703,train,12941
7396,plan_07396,7704,train,13803
7397,plan_07397,7705,test,589
7398,plan_07398,7707,test,488
7399,plan_07399,7708,test,2011
7400,plan_07400,7709,test,1133
7401,plan_07401,7710,train,330
7402,plan_07402,7711,train,14017
7403,plan_07403,7712,train,8846
7404,plan_07404,7713,train,14355
7405,plan_07405,7714,train,1538
7406,plan_07406,7715,train,1467
7407,plan_07407,7716,test,928
7408,plan_07408,7717,train,12082
7409,plan_07409,7718,train,14265
7410,plan_07410,7719,train,8506
7411,plan_07411,7720,train,5073
7412,plan_07412,7721,train,10893
7413,plan_07413,7722,train,11478
7414,plan_07414,7723,train,1513
7415,plan_07415,7724,train,13556
7416,plan_07416,7725,train,4206
7417,plan_07417,7726,train,6296
7418,plan_07418,7727,train,144
7419,plan_07419,7728,train,11206
7420,plan_07420,7729,train,466
7421,plan_07421,7730,train,2938
7422,plan_07422,7731,train,6135
7423,plan_07423,7732,train,11801
7424,plan_07424,7733,train,2467
7425,plan_07425,7734,train,13544
7426,plan_07426,7735,train,12999
7427,plan_07427,7736,train,9138
7428,plan_07428,7737,train,5187
7429,plan_07429,7738,test,1463
7430,plan_07430,7739,train,14443
7431,plan_07431,7740,train,8632
7432,plan_07432,7741,train,883
7433,plan_07433,7742,train,4655
7434,plan_07434,7743,train,9273
7435,plan_07435,7744,train,14009
7436,plan_07436,7745,train,2698
7437,plan_07437,7746,train,13401
7438,plan_07438,7747,train,3605
7439,plan_07439,7748,train,14414
7440,plan_07440,7749,train,12599
7441,plan_07441,7750,train,7509
7442,plan_07442,7751,train,13995
7443,plan_07443,7752,train,4483
7444,plan_07444,7753,train,3410
7445,plan_07445,7755,train,2382
7446,plan_07446,7756,test,1409
7447,plan_07447,7757,train,3413
7448,plan_07448,7758,train,2336
7449,plan_07449,7759,train,14337
7450,plan_07450,7760,train,8304
7451,plan_07451,7761,train,2776
7452,plan_07452,7762,test,693
7453,plan_07453,7763,train,229
7454,plan_07454,7764,train,11466
7455,plan_07455,7765,test,1489
7456,plan_07456,7766,train,8784
7457,plan_07457,7767,test,1407
7458,plan_07458,7768,train,9208
7459,plan_07459,7769,train,1744
7460,plan_07460,7770,train,13614
7461,plan_07461,7771,train,12964
7462,plan_07462,7772,train,1033
7463,plan_07463,7773,train,13218
7464,plan_07464,7774,train,11189
7465,plan_07465,7775,train,9561
7466,plan_07466,7776,train,5994
7467,plan_07467,7777,train,5689
7468,plan_07468,7778,train,14377
7469,plan_07469,7779,train,4678
7470,plan_07470,7780,train,1410
7471,plan_07471,7781,train,307
7472,plan_07472,7782,test,1596
7473,plan_07473,7783,train,5459
7474,plan_07474,7784,test,1227
7475,plan_07475,7785,test,2465
7476,plan_07476,7786,train,11692
7477,plan_07477,7787,train,7064
7478,plan_07478,7788,train,4077
7479,plan_07479,7789,train,6481
7480,plan_07480,7790,train,10714
7481,plan_07481,7791,train,2578
7482,plan_07482,7792,test,1067
7483,plan_07483,7793,train,3712
7484,plan_07484,7794,train,14152
7485,plan_07485,7795,test,547
7486,plan_07486,7796,train,9902
7487,plan_07487,7797,train,8847
7488,plan_07488,7798,train,8428
7489,plan_07489,7799,test,1168
7490,plan_07490,7800,train,13532
7491,plan_07491,7801,train,7137
7492,plan_07492,7802,train,12118
7493,plan_07493,7803,train,9354
7494,plan_07494,7804,train,5191
7495,plan_07495,7805,test,2462
7496,plan_07496,7806,train,3938
7497,plan_07497,7807,train,9904
7498,plan_07498,7808,train,8456
7499,plan_07499,7809,train,12586
7500,plan_07500,7810,train,3858
7501,plan_07501,7811,train,11881
7502,plan_07502,7812,train,3317
7503,plan_07503,7813,test,2405
7504,plan_07504,7814,train,2494
7505,plan_07505,7815,train,9544
7506,plan_07506,7816,train,2225
7507,plan_07507,7817,train,13745
7508,plan_07508,7818,train,1161
7509,plan_07509,7819,train,3899
7510,plan_07510,7820,train,11132
7511,plan_07511,7821,train,4745
7512,plan_07512,7822,train,11415
7513,plan_07513,7823,train,6574
7514,plan_07514,7824,train,4168
7515,plan_07515,7825,train,3625
7516,plan_07516,7826,train,7560
7517,plan_07517,7827,train,11120
7518,plan_07518,7828,train,12777
7519,plan_07519,7829,train,3378
7520,plan_07520,7830,test,2016
7521,plan_07521,7831,train,14039
7522,plan_07522,7832,train,12410
7523,plan_07523,7833,train,2512
7524,plan_07524,7834,train,5699
7525,plan_07525,7835,train,7644
7526,plan_07526,7836,test,1943
7527,plan_07527,7837,test,1904
7528,plan_07528,7838,train,4413
7529,plan_07529,7839,train,6528
7530,plan_07530,7840,train,7504
7531,plan_07531,7841,train,9705
7532,plan_07532,7842,train,949
7533,plan_07533,7843,train,1940
7534,plan_07534,7844,train,9425
7535,plan_07535,7845,train,14379
7536,plan_07536,7846,train,9893
7537,plan_07537,7847,test,1048
7538,plan_07538,7848,train,847
7539,plan_07539,7849,train,7525
7540,plan_07540,7850,test,548
7541,plan_07541,7851,train,5835
7542,plan_07542,7852,train,9946
7543,plan_07543,7853,train,8529
7544,plan_07544,7854,test,2104
7545,plan_07545,7855,train,4226
7546,plan_07546,7856,train,10100
7547,plan_07547,7857,test,2174
7548,plan_07548,7858,train,13448
7549,plan_07549,7859,train,8537
7550,plan_07550,7861,train,372
7551,plan_07551,7862,train,12881
7552,plan_07552,7868,train,5190
7553,plan_07553,7869,train,3621
7554,plan_07554,7870,test,1775
7555,plan_07555,7871,train,291
7556,plan_07556,7872,train,11108
7557,plan_07557,7873,test,354
7558,plan_07558,7874,train,8976
7559,plan_07559,7875,train,9974
7560,plan_07560,7876,train,5489
7561,plan_07561,7877,test,1501
7562,plan_07562,7878,train,14383
7563,plan_07563,7879,train,2191
7564,plan_07564,7880,train,10133
7565,plan_07565,7881,train,9718
7566,plan_07566,7882,train,9774
7567,plan_07567,7883,train,10495
7568,plan_07568,7884,train,1035
7569,plan_07569,7885,train,2963
7570,plan_07570,7886,train,11762
7571,plan_07571,7887,train,12700
7572,plan_07572,7888,train,6055
7573,plan_07573,7889,train,5096
7574,plan_07574,7890,train,857
7575,plan_07575,7891,train,7128
7576,plan_07576,7892,test,1375
7577,plan_07577,7893,train,13322
7578,plan_07578,7894,test,1597
7579,plan_07579,7896,train,10696
7580,plan_07580,7897,train,3431
7581,plan_07581,7898,train,2197
7582,plan_07582,7899,train,886
7583,plan_07583,7900,train,5511
7584,plan_07584,7901,train,6905
7585,plan_07585,7902,train,11102
7586,plan_07586,7903,train,4465
7587,plan_07587,7904,train,12927
7588,plan_07588,7905,test,370
7589,plan_07589,7906,train,11630
7590,plan_07590,7907,train,4901
7591,plan_07591,7908,train,1363
7592,plan_07592,7909,train,5991
7593,plan_07593,7910,train,10752
7594,plan_07594,7911,train,1570
7595,plan_07595,7912,test,545
7596,plan_07596,7913,train,13493
7597,plan_07597,7914,test,1434
7598,plan_07598,7915,train,4791
7599,plan_07599,7916,test,1253
7600,plan_07600,7917,train,14062
7601,plan_07601,7918,train,12399
7602,plan_07602,7919,train,3997
7603,plan_07603,7920,train,1935
7604,plan_07604,7921,train,8597
7605,plan_07605,7922,train,11329
7606,plan_07606,7923,train,6099
7607,plan_07607,7924,train,577
7608,plan_07608,7925,train,1356
7609,plan_07609,7926,train,8592
7610,plan_07610,7927,train,9621
7611,plan_07611,7928,train,10116
7612,plan_07612,7929,test,2329
7613,plan_07613,7930,train,5620
7614,plan_07614,7931,train,2635
7615,plan_07615,7932,train,4565
7616,plan_07616,7933,train,3535
7617,plan_07617,7934,train,13120
7618,plan_07618,7935,train,12460
7619,plan_07619,7936,train,4034
7620,plan_07620,7937,train,13948
7621,plan_07621,7938,train,2095
7622,plan_07622,7939,train,3898
7623,plan_07623,7940,train,9869
7624,plan_07624,7941,train,4460
7625,plan_07625,7942,train,11516
7626,plan_07626,7943,train,12974
7627,plan_07627,7944,train,9687
7628,plan_07628,7945,train,3288
7629,plan_07629,7946,train,7329
7630,plan_07630,7947,train,228
7631,plan_07631,7948,test,1750
7632,plan_07632,7949,train,7463
7633,plan_07633,7950,train,9221
7634,plan_07634,7951,train,9715
7635,plan_07635,7952,train,5290
7636,plan_07636,7953,test,2052
7637,plan_07637,7954,train,11405
7638,plan_07638,7955,train,13927
7639,plan_07639,7956,test,1150
7640,plan_07640,7957,train,11128
7641,plan_07641,7958,train,1368
7642,plan_07642,7959,train,13859
7643,plan_07643,7960,train,4588
7644,plan_07644,7961,test,856
7645,plan_07645,7962,test,1032
7646,plan_07646,7963,train,3358
7647,plan_07647,7964,train,1862
7648,plan_07648,7966,train,10414
7649,plan_07649,7967,train,13633
7650,plan_07650,7968,train,13109
7651,plan_07651,7969,train,12693
7652,plan_07652,7970,train,9070
7653,plan_07653,7971,train,10797
7654,plan_07654,7972,train,12096
7655,plan_07655,7973,train,6274
7656,plan_07656,7974,train,3706
7657,plan_07657,7975,train,3063
7658,plan_07658,7976,train,1126
7659,plan_07659,7977,train,12428
7660,plan_07660,7978,test,2218
7661,plan_07661,7979,train,2069
7662,plan_07662,7980,train,5851
7663,plan_07663,7981,train,374
7664,plan_07664,7982,train,1945
7665,plan_07665,7983,train,9114
7666,plan_07666,7984,train,11046
7667,plan_07667,7985,train,9828
7668,plan_07668,7986,train,5182
7669,plan_07669,7987,train,7521
7670,plan_07670,7988,train,1360
7671,plan_07671,7989,train,417
7672,plan_07672,7990,train,5687
7673,plan_07673,7991,train,4522
7674,plan_07674,7992,test,824
7675,plan_07675,7993,train,6470
7676,plan_07676,7994,train,8276
7677,plan_07677,7995,train,11912
7678,plan_07678,7996,train,3661
7679,plan_07679,7997,train,2456
7680,plan_07680,7998,train,6243
7681,plan_07681,7999,train,9814
7682,plan_07682,8000,train,8087
7683,plan_07683,8001,train,8978
7684,plan_07684,8002,train,2400
7685,plan_07685,8003,train,6152
7686,plan_07686,8004,train,8635
7687,plan_07687,8005,train,3499
7688,plan_07688,8006,train,6835
7689,plan_07689,8007,train,8930
7690,plan_07690,8008,train,3149
7691,plan_07691,8009,test,1241
7692,plan_07692,8010,train,3891
7693,plan_07693,8011,train,1198
7694,plan_07694,8012,test,258
7695,plan_07695,8013,train,473
7696,plan_07696,8014,train,6026
7697,plan_07697,8015,train,9076
7698,plan_07698,8016,train,3715
7699,plan_07699,8017,test,98
7700,plan_07700,8018,train,13851
7701,plan_07701,8019,train,3407
7702,plan_07702,8020,train,10117
7703,plan_07703,8021,train,6996
7704,plan_07704,8022,train,12140
7705,plan_07705,8023,train,5053
7706,plan_07706,8024,train,7019
7707,plan_07707,8025,train,5480
7708,plan_07708,8026,test,1833
7709,plan_07709,8027,test,1300
7710,plan_07710,8028,train,9540
7711,plan_07711,8029,train,7372
7712,plan_07712,8030,train,10729
7713,plan_07713,8031,train,4462
7714,plan_07714,8032,train,5219
7715,plan_07715,8033,train,7370
7716,plan_07716,8034,train,11036
7717,plan_07717,8035,train,13170
7718,plan_07718,8036,train,11712
7719,plan_07719,8037,train,3930
7720,plan_07720,8038,train,7593
7721,plan_07721,8039,train,1830
7722,plan_07722,8040,train,315
7723,plan_07723,8041,train,12513
7724,plan_07724,8042,train,7877
7725,plan_07725,8043,train,6745
7726,plan_07726,8044,train,5588
7727,plan_07727,8045,train,888
7728,plan_07728,8046,train,4807
7729,plan_07729,8047,train,6273
7730,plan_07730,8048,test,465
7731,plan_07731,8049,train,1675
7732,plan_07732,8050,train,5944
7733,plan_07733,8051,train,5452
7734,plan_07734,8052,train,6885
7735,plan_07735,8053,train,13046
7736,plan_07736,8054,train,3275
7737,plan_07737,8055,train,14011
7738,plan_07738,8056,test,1361
7739,plan_07739,8057,train,8686
7740,plan_07740,8058,train,202
7741,plan_07741,8059,train,9684
7742,plan_07742,8060,train,2646
7743,plan_07743,8061,train,9197
7744,plan_07744,8062,train,7383
7745,plan_07745,8063,train,867
7746,plan_07746,8064,train,4315
7747,plan_07747,8065,train,2704
7748,plan_07748,8066,train,8677
7749,plan_07749,8067,test,346
7750,plan_07750,8068,train,12489
7751,plan_07751,8069,train,9037
7752,plan_07752,8070,train,5075
7753,plan_07753,8071,train,912
7754,plan_07754,8072,train,2113
7755,plan_07755,8073,test,1945
7756,plan_07756,8074,train,3118
7757,plan_07757,8075,train,539
7758,plan_07758,8076,test,1921
7759,plan_07759,8077,train,10328
7760,plan_07760,8078,train,4968
7761,plan_07761,8079,train,5968
7762,plan_07762,8080,train,13602
7763,plan_07763,8081,train,1359
7764,plan_07764,8082,train,6755
7765,plan_07765,8083,train,6855
7766,plan_07766,8084,test,959
7767,plan_07767,8085,train,5655
7768,plan_07768,8086,train,13848
7769,plan_07769,8087,train,3965
7770,plan_07770,8088,test,10
7771,plan_07771,8089,train,4378
7772,plan_07772,8090,train,12405
7773,plan_07773,8091,train,6320
7774,plan_07774,8092,train,7891
7775,plan_07775,8093,train,5464
7776,plan_07776,8094,train,782
7777,plan_07777,8095,train,5263
7778,plan_07778,8096,test,1947
7779,plan_07779,8097,train,10029
7780,plan_07780,8098,train,14307
7781,plan_07781,8099,train,5806
7782,plan_07782,8102,train,12193
7783,plan_07783,8103,train,13347
7784,plan_07784,8104,train,2579
7785,plan_07785,8105,train,7182
7786,plan_07786,8106,train,10106
7787,plan_07787,8107,train,7081
7788,plan_07788,8108,train,8760
7789,plan_07789,8109,train,2088
7790,plan_07790,8110,train,5299
7791,plan_07791,8111,train,5442
7792,plan_07792,8112,train,8470
7793,plan_07793,8113,train,2988
7794,plan_07794,8114,train,11221
7795,plan_07795,8115,train,3154
7796,plan_07796,8116,test,1742
7797,plan_07797,8117,train,6796
7798,plan_07798,8118,test,261
7799,plan_07799,8119,train,8722
7800,plan_07800,8120,train,4180
7801,plan_07801,8121,train,9372
7802,plan_07802,8122,train,9856
7803,plan_07803,8123,train,7664
7804,plan_07804,8124,train,12394
7805,plan_07805,8125,train,3103
7806,plan_07806,8126,train,6472
7807,plan_07807,8127,train,6359
7808,plan_07808,8128,train,10238
7809,plan_07809,8129,train,4623
7810,plan_07810,8130,train,7292
7811,plan_07811,8131,train,10947
7812,plan_07812,8132,test,551
7813,plan_07813,8133,train,4665
7814,plan_07814,8134,train,11749
7815,plan_07815,8135,test,626
7816,plan_07816,8136,train,10445
7817,plan_07817,8137,train,11859
7818,plan_07818,8139,train,5406
7819,plan_07819,8140,train,12333
7820,plan_07820,8141,train,12865
7821,plan_07821,8142,train,3476
7822,plan_07822,8143,train,6473
7823,plan_07823,8144,test,1804
7824,plan_07824,8145,train,6062
7825,plan_07825,8146,train,13766
7826,plan_07826,8147,train,13461
7827,plan_07827,8148,train,13146
7828,plan_07828,8149,train,2544
7829,plan_07829,8150,train,333
7830,plan_07830,8151,train,12466
7831,plan_07831,8152,train,13153
7832,plan_07832,8153,train,11944
7833,plan_07833,8154,train,8237
7834,plan_07834,8155,test,1240
7835,plan_07835,8156,train,13610
7836,plan_07836,8157,train,8755
7837,plan_07837,8158,train,9518
7838,plan_07838,8159,test,138
7839,plan_07839,8160,train,4032
7840,plan_07840,8161,train,6140
7841,plan_07841,8162,train,7569
7842,plan_07842,8163,train,8389
7843,plan_07843,8164,train,1948
7844,plan_07844,8165,train,11583
7845,plan_07845,8166,test,104
7846,plan_07846,8167,train,4199
7847,plan_07847,8168,train,2980
7848,plan_07848,8169,train,2518
7849,plan_07849,8170,train,6843
7850,plan_07850,8171,train,2183
7851,plan_07851,8172,train,4015
7852,plan_07852,8173,train,9245
7853,plan_07853,8174,train,5088
7854,plan_07854,8175,test,1259
7855,plan_07855,8176,train,1798
7856,plan_07856,8177,test,1880
7857,plan_07857,8178,train,11162
7858,plan_07858,8182,train,13009
7859,plan_07859,8183,train,8472
7860,plan_07860,8184,train,627
7861,plan_07861,8187,train,12669
7862,plan_07862,8188,train,6675
7863,plan_07863,8189,test,249
7864,plan_07864,8190,train,12095
7865,plan_07865,8191,test,2074
7866,plan_07866,8192,train,10187
7867,plan_07867,8193,train,13780
7868,plan_07868,8194,train,12954
7869,plan_07869,8195,train,4689
7870,plan_07870,8196,train,9769
7871,plan_07871,8197,train,13033
7872,plan_07872,8198,train,1727
7873,plan_07873,8199,train,11875
7874,plan_07874,8200,train,2051
7875,plan_07875,8201,train,13840
7876,plan_07876,8202,test,1642
7877,plan_07877,8203,train,10556
7878,plan_07878,8204,train,13152
7879,plan_07879,8205,train,5367
7880,plan_07880,8206,train,10558
7881,plan_07881,8207,train,1396
7882,plan_07882,8208,train,9947
7883,plan_07883,8209,test,689
7884,plan_07884,8210,train,9532
7885,plan_07885,8211,train,14435
7886,plan_07886,8212,test,1707
7887,plan_07887,8213,train,13599
7888,plan_07888,8214,train,7607
7889,plan_07889,8215,train,894
7890,plan_07890,8216,train,10346
7891,plan_07891,8217,train,10126
7892,plan_07892,8218,train,5727
7893,plan_07893,8219,train,8021
7894,plan_07894,8220,train,316
7895,plan_07895,8221,test,926
7896,plan_07896,8222,train,9203
7897,plan_07897,8223,train,1425
7898,plan_07898,8224,train,13403
7899,plan_07899,8226,train,14350
7900,plan_07900,8227,test,2003
7901,plan_07901,8230,test,2219
7902,plan_07902,8231,train,4659
7903,plan_07903,8232,train,1041
7904,plan_07904,8233,train,3848
7905,plan_07905,8234,train,14143
7906,plan_07906,8235,test,2316
7907,plan_07907,8236,train,8027
7908,plan_07908,8237,train,12112
7909,plan_07909,8238,train,12650
7910,plan_07910,8239,train,5888
7911,plan_07911,8240,train,5736
7912,plan_07912,8241,test,286
7913,plan_07913,8242,train,3681
7914,plan_07914,8243,train,13439
7915,plan_07915,8244,train,11345
7916,plan_07916,8245,train,3081
7917,plan_07917,8246,train,5926
7918,plan_07918,8247,train,10454
7919,plan_07919,8248,train,6703
7920,plan_07920,8249,train,8272
7921,plan_07921,8250,test,2085
7922,plan_07922,8251,train,1081
7923,plan_07923,8252,train,6003
7924,plan_07924,8253,train,7368
7925,plan_07925,8254,test,127
7926,plan_07926,8255,train,3159
7927,plan_07927,8257,train,14216
7928,plan_07928,8258,train,8791
7929,plan_07929,8259,train,9368
7930,plan_07930,8260,train,3672
7931,plan_07931,8261,train,14365
7932,plan_07932,8262,train,11396
7933,plan_07933,8263,train,2255
7934,plan_07934,8264,train,10473
7935,plan_07935,8265,train,4640
7936,plan_07936,8266,train,6196
7937,plan_07937,8267,train,10640
7938,plan_07938,8268,train,9017
7939,plan_07939,8269,train,13113
7940,plan_07940,8270,train,5683
7941,plan_07941,8271,train,8008
7942,plan_07942,8272,test,2410
7943,plan_07943,8273,train,3570
7944,plan_07944,8274,train,5043
7945,plan_07945,8275,train,5371
7946,plan_07946,8276,test,1790
7947,plan_07947,8277,train,8411
7948,plan_07948,8278,test,2225
7949,plan_07949,8279,train,13365
7950,plan_07950,8280,train,1489
7951,plan_07951,8281,train,3460
7952,plan_07952,8282,train,6260
7953,plan_07953,8283,train,8231
7954,plan_07954,8284,train,11890
7955,plan_07955,8285,train,5630
7956,plan_07956,8286,train,13662
7957,plan_07957,8287,train,9759
7958,plan_07958,8288,train,7281
7959,plan_07959,8293,train,11067
7960,plan_07960,8294,train,11297
7961,plan_07961,8295,train,5156
7962,plan_07962,8296,train,5728
7963,plan_07963,8297,train,7775
7964,plan_07964,8298,train,9546
7965,plan_07965,8299,test,1562
7966,plan_07966,8300,train,9873
7967,plan_07967,8301,train,5086
7968,plan_07968,8302,train,2546
7969,plan_07969,8303,train,8180
7970,plan_07970,8304,test,1112
7971,plan_07971,8305,train,10490
7972,plan_07972,8306,train,10056
7973,plan_07973,8307,test,2491
7974,plan_07974,8308,train,2514
7975,plan_07975,8309,train,4618
7976,plan_07976,8310,train,7084
7977,plan_07977,8311,train,13181
7978,plan_07978,8312,train,12896
7979,plan_07979,8313,train,12353
7980,plan_07980,8317,train,11271
7981,plan_07981,8318,train,7025
7982,plan_07982,8319,train,7652
7983,plan_07983,8320,train,5407
7984,plan_07984,8321,train,12375
7985,plan_07985,8322,train,897
7986,plan_07986,8323,train,14070
7987,plan_07987,8324,train,3447
7988,plan_07988,8325,train,640
7989,plan_07989,8326,train,13992
7990,plan_07990,8327,train,4349
7991,plan_07991,8328,train,14247
7992,plan_07992,8329,train,1127
7993,plan_07993,8330,train,13066
7994,plan_07994,8331,train,3622
7995,plan_07995,8332,train,10233
7996,plan_07996,8333,train,7750
7997,plan_07997,8334,train,14239
7998,plan_07998,8335,train,2060
7999,plan_07999,8336,train,12477
8000,plan_08000,8337,train,5940
8001,plan_08001,8338,train,860
8002,plan_08002,8339,train,8296
8003,plan_08003,8340,train,2495
8004,plan_08004,8341,train,4485
8005,plan_08005,8342,train,5659
8006,plan_08006,8343,train,11655
8007,plan_08007,8344,train,8831
8008,plan_08008,8345,train,1082
8009,plan_08009,8346,train,3036
8010,plan_08010,8347,train,3375
8011,plan_08011,8348,test,607
8012,plan_08012,8349,train,4699
8013,plan_08013,8350,train,3515
8014,plan_08014,8351,train,3204
8015,plan_08015,8352,train,13190
8016,plan_08016,8353,train,6447
8017,plan_08017,8354,test,1136
8018,plan_08018,8355,train,7006
8019,plan_08019,8356,train,11496
8020,plan_08020,8357,test,492
8021,plan_08021,8358,train,1229
8022,plan_08022,8359,train,634
8023,plan_08023,8360,train,10562
8024,plan_08024,8361,train,5750
8025,plan_08025,8362,train,8424
8026,plan_08026,8363,train,7955
8027,plan_08027,8364,train,3150
8028,plan_08028,8365,train,8676
8029,plan_08029,8366,train,8839
8030,plan_08030,8367,train,2606
8031,plan_08031,8368,train,8177
8032,plan_08032,8369,test,170
8033,plan_08033,8370,train,9391
8034,plan_08034,8371,train,3057
8035,plan_08035,8372,train,8406
8036,plan_08036,8373,train,7377
8037,plan_08037,8374,train,7420
8038,plan_08038,8375,test,393
8039,plan_08039,8376,train,2567
8040,plan_08040,8377,train,9332
8041,plan_08041,8378,train,14354
8042,plan_08042,8379,train,1442
8043,plan_08043,8380,train,12904
8044,plan_08044,8381,train,12208
8045,plan_08045,8382,train,9199
8046,plan_08046,8383,train,6466
8047,plan_08047,8384,test,1547
8048,plan_08048,8385,train,13107
8049,plan_08049,8386,train,10451
8050,plan_08050,8387,train,4088
8051,plan_08051,8388,train,928
8052,plan_08052,8389,train,8617
8053,plan_08053,8390,train,1364
8054,plan_08054,8391,test,1657
8055,plan_08055,8392,train,11076
8056,plan_08056,8393,train,738
8057,plan_08057,8394,train,6410
8058,plan_08058,8395,train,10501
8059,plan_08059,8396,train,113
8060,plan_08060,8397,test,893
8061,plan_08061,8398,train,3073
8062,plan_08062,8399,train,6861
8063,plan_08063,8400,train,11341
8064,plan_08064,8401,test,1388
8065,plan_08065,8402,train,11452
8066,plan_08066,8403,train,12898
8067,plan_08067,8404,train,3379
8068,plan_08068,8405,test,1789
8069,plan_08069,8406,train,8733
8070,plan_08070,8407,train,12923
8071,plan_08071,8408,train,3082
8072,plan_08072,8409,train,13675
8073,plan_08073,8410,train,3416
8074,plan_08074,8411,train,7273
8075,plan_08075,8412,train,2609
8076,plan_08076,8413,train,3634
8077,plan_08077,8414,test,1315
8078,plan_08078,8415,train,8332
8079,plan_08079,8416,train,14148
8080,plan_08080,8417,train,30
8081,plan_08081,8418,train,2357
8082,plan_08082,8419,train,6148
8083,plan_08083,8420,train,2622
8084,plan_08084,8421,train,11723
8085,plan_08085,8422,train,8942
8086,plan_08086,8423,train,4906
8087,plan_08087,8424,train,4983
8088,plan_08088,8425,test,733
8089,plan_08089,8426,train,8883
8090,plan_08090,8427,train,189
8091,plan_08091,8428,train,2695
8092,plan_08092,8429,train,8890
8093,plan_08093,8430,train,1511
8094,plan_08094,8431,train,11922
8095,plan_08095,8432,train,7478
8096,plan_08096,8433,train,9792
8097,plan_08097,8434,train,2920
8098,plan_08098,8435,test,890
8099,plan_08099,8436,test,1266
8100,plan_08100,8437,train,4301
8101,plan_08101,8438,train,6882
8102,plan_08102,8439,test,1052
8103,plan_08103,8440,train,3913
8104,plan_08104,8441,train,14139
8105,plan_08105,8442,train,6995
8106,plan_08106,8443,train,12875
8107,plan_08107,8444,train,13912
8108,plan_08108,8445,train,277
8109,plan_08109,8446,test,162
8110,plan_08110,8447,train,13091
8111,plan_08111,8448,test,755
8112,plan_08112,8449,train,4870
8113,plan_08113,8450,train,1098
8114,plan_08114,8451,train,6828
8115,plan_08115,8452,train,5003
8116,plan_08116,8453,test,1836
8117,plan_08117,8454,train,14439
8118,plan_08118,8455,train,12369
8119,plan_08119,8456,train,13502
8120,plan_08120,8457,train,162
8121,plan_08121,8458,train,12407
8122,plan_08122,8459,train,5399
8123,plan_08123,8460,train,9161
8124,plan_08124,8461,train,10121
8125,plan_08125,8462,test,1280
8126,plan_08126,8463,train,3105
8127,plan_08127,8464,train,3171
8128,plan_08128,8465,train,7723
8129,plan_08129,8466,train,761
8130,plan_08130,8467,train,12467
8131,plan_08131,8468,train,7958
8132,plan_08132,8469,train,6498
8133,plan_08133,8470,train,7926
8134,plan_08134,8471,train,10770
8135,plan_08135,8472,train,9363
8136,plan_08136,8473,train,7988
8137,plan_08137,8474,test,968
8138,plan_08138,8475,train,1165
8139,plan_08139,8476,train,4332
8140,plan_08140,8477,train,2125
8141,plan_08141,8478,train,13815
8142,plan_08142,8479,train,254
8143,plan_08143,8480,train,10240
8144,plan_08144,8481,train,4903
8145,plan_08145,8482,train,842
8146,plan_08146,8483,train,13518
8147,plan_08147,8484,test,775
8148,plan_08148,8485,train,7321
8149,plan_08149,8486,train,5266
8150,plan_08150,8487,train,2664
8151,plan_08151,8488,test,2192
8152,plan_08152,8489,train,8445
8153,plan_08153,8490,train,3160
8154,plan_08154,8491,train,14406
8155,plan_08155,8492,test,1216
8156,plan_08156,8493,train,14116
8157,plan_08157,8494,train,6067
8158,plan_08158,8495,train,7538
8159,plan_08159,8496,train,9944
8160,plan_08160,8497,test,681
8161,plan_08161,8498,train,7354
8162,plan_08162,8499,train,9054
8163,plan_08163,8500,train,9283
8164,plan_08164,8501,train,3238
8165,plan_08165,8502,test,1424
8166,plan_08166,8503,train,7626
8167,plan_08167,8504,train,6494
8168,plan_08168,8505,test,1166
8169,plan_08169,8506,train,6183
8170,plan_08170,8507,train,6247
8171,plan_08171,8508,train,5250
8172,plan_08172,8509,train,11707
8173,plan_08173,8510,train,4776
8174,plan_08174,8511,train,2527
8175,plan_08175,8512,test,512
8176,plan_08176,8513,train,14001
8177,plan_08177,8514,train,6521
8178,plan_08178,8515,train,12692
8179,plan_08179,8516,train,5666
8180,plan_08180,8517,train,2401
8181,plan_08181,8518,train,8726
8182,plan_08182,8519,train,11217
8183,plan_08183,8520,test,54
8184,plan_08184,8522,train,6377
8185,plan_08185,8523,train,1739
8186,plan_08186,8524,train,6683
8187,plan_08187,8525,test,376
8188,plan_08188,8526,train,3979
8189,plan_08189,8527,test,349
8190,plan_08190,8528,train,10833
8191,plan_08191,8529,train,14048
8192,plan_08192,8530,train,12103
8193,plan_08193,8531,train,11041
8194,plan_08194,8532,train,7949
8195,plan_08195,8533,train,4417
8196,plan_08196,8534,train,6049
8197,plan_08197,8535,test,2045
8198,plan_08198,8536,train,11065
8199,plan_08199,8537,train,7873
8200,plan_08200,8538,train,7840
8201,plan_08201,8539,train,9163
8202,plan_08202,8540,train,9811
8203,plan_08203,8541,test,1061
8204,plan_08204,8542,train,14428
8205,plan_08205,8543,test,1816
8206,plan_08206,8544,train,5107
8207,plan_08207,8545,train,2217
8208,plan_08208,8546,train,2129
8209,plan_08209,8547,train,12456
8210,plan_08210,8548,train,9470
8211,plan_08211,8549,train,11730
8212,plan_08212,8550,train,11780
8213,plan_08213,8551,train,1130
8214,plan_08214,8552,train,3446
8215,plan_08215,8553,train,13961
8216,plan_08216,8554,test,1347
8217,plan_08217,8555,train,654
8218,plan_08218,8556,train,11034
8219,plan_08219,8557,train,11737
8220,plan_08220,8558,train,10095
8221,plan_08221,8559,train,11053
8222,plan_08222,8560,test,2517
8223,plan_08223,8561,test,276
8224,plan_08224,8562,train,6123
8225,plan_08225,8563,train,2955
8226,plan_08226,8564,train,6993
8227,plan_08227,8565,train,5071
8228,plan_08228,8566,train,6624
8229,plan_08229,8567,train,22
8230,plan_08230,8568,train,7675
8231,plan_08231,8569,test,1786
8232,plan_08232,8570,train,13239
8233,plan_08233,8571,train,10688
8234,plan_08234,8572,train,6418
8235,plan_08235,8573,train,9502
8236,plan_08236,8574,train,12879
8237,plan_08237,8575,test,1837
8238,plan_08238,8576,train,13734
8239,plan_08239,8577,train,5498
8240,plan_08240,8578,train,3510
8241,plan_08241,8579,test,2460
8242,plan_08242,8580,train,127
8243,plan_08243,8581,train,3088
8244,plan_08244,8582,train,5895
8245,plan_08245,8583,train,6747
8246,plan_08246,8584,train,4582
8247,plan_08247,8585,test,1475
8248,plan_08248,8586,test,1907
8249,plan_08249,8587,train,5641
8250,plan_08250,8588,train,8642
8251,plan_08251,8589,test,1426
8252,plan_08252,8591,train,12787
8253,plan_08253,8592,train,12740
8254,plan_08254,8593,train,10694
8255,plan_08255,8594,train,434
8256,plan_08256,8595,train,3344
8257,plan_08257,8596,train,1248
8258,plan_08258,8597,train,13778
8259,plan_08259,8598,test,2
8260,plan_08260,8599,train,14242
8261,plan_08261,8600,train,13505
8262,plan_08262,8601,train,3076
8263,plan_08263,8602,train,1656
8264,plan_08264,8603,test,1956
8265,plan_08265,8604,train,3015
8266,plan_08266,8605,train,804
8267,plan_08267,8606,test,2228
8268,plan_08268,8607,train,2169
8269,plan_08269,8608,train,9246
8270,plan_08270,8609,train,11363
8271,plan_08271,8610,test,71
8272,plan_08272,8611,train,12210
8273,plan_08273,8612,train,14314
8274,plan_08274,8613,train,6604
8275,plan_08275,8614,train,6104
8276,plan_08276,8615,train,3674
8277,plan_08277,8618,train,2261
8278,plan_08278,8619,train,13486
8279,plan_08279,8620,test,1154
8280,plan_08280,8621,train,13713
8281,plan_08281,8622,train,6527
8282,plan_08282,8623,train,9943
8283,plan_08283,8624,train,3534
8284,plan_08284,8625,train,10008
8285,plan_08285,8626,train,414
8286,plan_08286,8627,train,13682
8287,plan_08287,8628,train,7375
8288,plan_08288,8629,train,12997
8289,plan_08289,8630,test,1202
8290,plan_08290,8631,train,11867
8291,plan_08291,8632,train,2171
8292,plan_08292,8633,train,5719
8293,plan_08293,8634,train,13367
8294,plan_08294,8635,train,3811
8295,plan_08295,8636,train,5742
8296,plan_08296,8637,train,14118
8297,plan_08297,8638,train,9165
8298,plan_08298,8639,train,6228
8299,plan_08299,8640,train,2356
8300,plan_08300,8641,train,11153
8301,plan_08301,8642,test,1149
8302,plan_08302,8643,train,12203
8303,plan_08303,8644,test,1723
8304,plan_08304,8645,train,3338
8305,plan_08305,8646,train,1318
8306,plan_08306,8647,train,3514
8307,plan_08307,8648,train,5494
8308,plan_08308,8649,train,7249
8309,plan_08309,8650,train,779
8310,plan_08310,8651,train,4045
8311,plan_08311,8652,train,3525
8312,plan_08312,8653,train,4370
8313,plan_08313,8654,train,13592
8314,plan_08314,8655,train,5602
8315,plan_08315,8656,train,8985
8316,plan_08316,8657,train,11141
8317,plan_08317,8658,train,9027
8318,plan_08318,8659,train,12119
8319,plan_08319,8660,train,8399
8320,plan_08320,8661,train,14057
8321,plan_08321,8662,train,542
8322,plan_08322,8663,train,13088
8323,plan_08323,8664,train,294
8324,plan_08324,8665,train,13133
8325,plan_08325,8666,test,2138
8326,plan_08326,8667,train,10613
8327,plan_08327,8668,train,13836
8328,plan_08328,8669,train,504
8329,plan_08329,8670,train,1397
8330,plan_08330,8671,test,6
8331,plan_08331,8672,train,4786
8332,plan_08332,8673,test,284
8333,plan_08333,8674,train,14387
8334,plan_08334,8675,train,10400
8335,plan_08335,8676,train,7327
8336,plan_08336,8677,train,5267
8337,plan_08337,8678,train,7054
8338,plan_08338,8679,train,3323
8339,plan_08339,8680,train,13277
8340,plan_08340,8681,train,11557
8341,plan_08341,8682,train,13125
8342,plan_08342,8683,test,2146
8343,plan_08343,8684,train,5268
8344,plan_08344,8685,train,9236
8345,plan_08345,8686,test,967
8346,plan_08346,8687,test,1795
8347,plan_08347,8688,train,13762
8348,plan_08348,8689,train,7234
8349,plan_08349,8690,train,557
8350,plan_08350,8691,train,5080
8351,plan_08351,8692,train,3530
8352,plan_08352,8693,train,6816
8353,plan_08353,8694,test,190
8354,plan_08354,8695,test,1339
8355,plan_08355,8696,train,1348
8356,plan_08356,8697,train,461
8357,plan_08357,8698,test,1974
8358,plan_08358,8699,train,2364
8359,plan_08359,8700,train,1944
8360,plan_08360,8701,train,13151
8361,plan_08361,8702,test,471
8362,plan_08362,8703,train,8114
8363,plan_08363,8704,train,5271
8364,plan_08364,8705,train,12526
8365,plan_08365,8706,train,13685
8366,plan_08366,8707,train,7382
8367,plan_08367,8708,train,1501
8368,plan_08368,8709,train,12889
8369,plan_08369,8710,train,11225
8370,plan_08370,8711,test,778
8371,plan_08371,8712,train,2970
8372,plan_08372,8713,test,1675
8373,plan_08373,8714,train,2994
8374,plan_08374,8715,train,12736
8375,plan_08375,8716,test,1698
8376,plan_08376,8717,train,12372
8377,plan_08377,8718,train,3329
8378,plan_08378,8719,train,7083
8379,plan_08379,8720,test,445
8380,plan_08380,8721,train,9548
8381,plan_08381,8722,train,3090
8382,plan_08382,8723,test,59
8383,plan_08383,8724,train,3663
8384,plan_08384,8725,train,1431
8385,plan_08385,8726,train,7293
8386,plan_08386,8727,train,1922
8387,plan_08387,8728,train,6871
8388,plan_08388,8729,train,13564
8389,plan_08389,8730,train,1766
8390,plan_08390,8731,train,3174
8391,plan_08391,8732,train,313
8392,plan_08392,8733,test,99
8393,plan_08393,8734,train,217
8394,plan_08394,8735,train,14049
8395,plan_08395,8736,train,623
8396,plan_08396,8737,train,11545
8397,plan_08397,8738,test,611
8398,plan_08398,8739,train,1552
8399,plan_08399,8740,train,12295
8400,plan_08400,8741,train,3910
8401,plan_08401,8742,train,11815
8402,plan_08402,8743,test,1843
8403,plan_08403,8744,train,13242
8404,plan_08404,8745,train,8653
8405,plan_08405,8746,test,1678
8406,plan_08406,8747,train,8917
8407,plan_08407,8748,train,11151
8408,plan_08408,8749,train,7092
8409,plan_08409,8750,train,4691
8410,plan_08410,8751,test,1110
8411,plan_08411,8752,train,5019
8412,plan_08412,8753,train,3590
8413,plan_08413,8754,train,5356
8414,plan_08414,8755,train,2354
8415,plan_08415,8756,train,7945
8416,plan_08416,8757,train,9002
8417,plan_08417,8758,train,3480
8418,plan_08418,8759,train,4523
8419,plan_08419,8760,train,6920
8420,plan_08420,8761,train,14441
8421,plan_08421,8762,train,6331
8422,plan_08422,8763,train,3879
8423,plan_08423,8764,test,1345
8424,plan_08424,8765,test,413
8425,plan_08425,8766,train,4337
8426,plan_08426,8767,train,7662
8427,plan_08427,8768,train,8711
8428,plan_08428,8769,train,9844
8429,plan_08429,8770,test,417
8430,plan_08430,8771,train,490
8431,plan_08431,8772,train,3926
8432,plan_08432,8773,train,10864
8433,plan_08433,8774,train,13298
8434,plan_08434,8775,train,531
8435,plan_08435,8776,test,975
8436,plan_08436,8777,train,11402
8437,plan_08437,8778,test,1811
8438,plan_08438,8779,train,4477
8439,plan_08439,8780,train,2931
8440,plan_08440,8781,train,10711
8441,plan_08441,8782,train,2727
8442,plan_08442,8783,train,13594
8443,plan_08443,8784,train,4102
8444,plan_08444,8785,train,8448
8445,plan_08445,8786,train,6365
8446,plan_08446,8787,train,278
8447,plan_08447,8788,train,5127
8448,plan_08448,8789,train,7046
8449,plan_08449,8790,train,1750
8450,plan_08450,8791,train,12205
8451,plan_08451,8792,train,3553
8452,plan_08452,8793,test,2127
8453,plan_08453,8794,train,8290
8454,plan_08454,8795,train,1779
8455,plan_08455,8796,train,11996
8456,plan_08456,8797,train,7469
8457,plan_08457,8798,test,970
8458,plan_08458,8799,train,7
8459,plan_08459,8800,train,7213
8460,plan_08460,8801,train,9599
8461,plan_08461,8802,train,8953
8462,plan_08462,8803,train,1369
8463,plan_08463,8804,train,8988
8464,plan_08464,8805,train,7888
8465,plan_08465,8806,test,203
8466,plan_08466,8807,train,13346
8467,plan_08467,8808,test,2346
8468,plan_08468,8809,test,1284
8469,plan_08469,8810,test,749
8470,plan_08470,8811,train,3894
8471,plan_08471,8812,train,2384
8472,plan_08472,8813,train,2487
8473,plan_08473,8814,train,9022
8474,plan_08474,8815,train,317
8475,plan_08475,8816,train,523
8476,plan_08476,8817,train,4863
8477,plan_08477,8818,train,8517
8478,plan_08478,8819,train,9819
8479,plan_08479,8820,train,10736
8480,plan_08480,8821,test,1458
8481,plan_08481,8822,train,4530
8482,plan_08482,8823,test,430
8483,plan_08483,8824,train,2429
8484,plan_08484,8825,train,5341
8485,plan_08485,8826,train,9477
8486,plan_08486,8827,test,1377
8487,plan_08487,8828,train,6653
8488,plan_08488,8829,train,12735
8489,plan_08489,8830,train,4526
8490,plan_08490,8831,train,11566
8491,plan_08491,8832,train,12232
8492,plan_08492,8833,train,4782
8493,plan_08493,8834,train,2549
8494,plan_08494,8835,train,12895
8495,plan_08495,8836,train,808
8496,plan_08496,8837,train,7713
8497,plan_08497,8838,train,6097
8498,plan_08498,8839,train,7618
8499,plan_08499,8840,train,701
8500,plan_08500,8841,train,1748
8501,plan_08501,8842,test,2204
8502,plan_08502,8843,train,5896
8503,plan_08503,8844,train,11477
8504,plan_08504,8845,train,12053
8505,plan_08505,8846,train,4173
8506,plan_08506,8847,train,4511
8507,plan_08507,8850,train,12054
8508,plan_08508,8851,train,13855
8509,plan_08509,8852,train,4785
8510,plan_08510,8853,train,3822
8511,plan_08511,8854,train,5450
8512,plan_08512,8855,train,4386
8513,plan_08513,8856,train,4723
8514,plan_08514,8857,train,14294
8515,plan_08515,8858,train,10597
8516,plan_08516,8859,train,4862
8517,plan_08517,8860,train,2222
8518,plan_08518,8861,train,5256
8519,plan_08519,8862,train,13562
8520,plan_08520,8863,train,11156
8521,plan_08521,8865,train,1671
8522,plan_08522,8866,train,3766
8523,plan_08523,8867,train,6173
8524,plan_08524,8868,train,1149
8525,plan_08525,8869,train,1578
8526,plan_08526,8870,train,8314
8527,plan_08527,8871,test,450
8528,plan_08528,8872,test,1169
8529,plan_08529,8873,train,5681
8530,plan_08530,8874,test,66
8531,plan_08531,8875,train,12322
8532,plan_08532,8876,train,9096
8533,plan_08533,8877,test,2157
8534,plan_08534,8878,train,1494
8535,plan_08535,8879,test,624
8536,plan_08536,8880,train,1527
8537,plan_08537,8881,train,7385
8538,plan_08538,8883,train,1542
8539,plan_08539,8884,train,1969
8540,plan_08540,8885,train,2391
8541,plan_08541,8886,train,9331
8542,plan_08542,8887,train,2573
8543,plan_08543,8888,train,7146
8544,plan_08544,8889,train,9061
8545,plan_08545,8890,test,1189
8546,plan_08546,8891,train,1016
8547,plan_08547,8892,test,389
8548,plan_08548,8893,train,7512
8549,plan_08549,8894,train,13779
8550,plan_08550,8895,train,11727
8551,plan_08551,8896,train,5648
8552,plan_08552,8897,train,834
8553,plan_08553,8898,test,1090
8554,plan_08554,8899,test,1116
8555,plan_08555,8900,train,3862
8556,plan_08556,8901,train,9670
8557,plan_08557,8902,test,759
8558,plan_08558,8903,train,4535
8559,plan_08559,8904,train,10353
8560,plan_08560,8905,train,14162
8561,plan_08561,8906,test,1813
8562,plan_08562,8907,train,4815
8563,plan_08563,8908,test,401
8564,plan_08564,8909,train,944
8565,plan_08565,8910,test,876
8566,plan_08566,8911,train,12350
8567,plan_08567,8913,train,6826
8568,plan_08568,8914,train,6986
8569,plan_08569,8915,train,2766
8570,plan_08570,8916,test,745
8571,plan_08571,8917,train,3302
8572,plan_08572,8918,train,8853
8573,plan_08573,8919,train,3840
8574,plan_08574,8920,train,1872
8575,plan_08575,8921,train,14325
8576,plan_08576,8922,test,2311
8577,plan_08577,8923,train,1326
8578,plan_08578,8924,train,5473
8579,plan_08579,8925,train,11246
8580,plan_08580,8926,train,3734
8581,plan_08581,8927,test,2251
8582,plan_08582,8928,train,4770
8583,plan_08583,8929,train,13856
8584,plan_08584,8930,train,13206
8585,plan_08585,8931,train,11192
8586,plan_08586,8932,train,9652
8587,plan_08587,8933,test,1959
8588,plan_08588,8934,train,4397
8589,plan_08589,8935,train,8912
8590,plan_08590,8936,train,7802
8591,plan_08591,8937,test,1015
8592,plan_08592,8938,train,5347
8593,plan_08593,8939,train,6047
8594,plan_08594,8940,train,3102
8595,plan_08595,8941,train,7835
8596,plan_08596,8942,train,1910
8597,plan_08597,8943,train,4497
8598,plan_08598,8944,train,3173
8599,plan_08599,8945,train,11985
8600,plan_08600,8946,train,11268
8601,plan_08601,8947,train,11639
8602,plan_08602,8948,train,10996
8603,plan_08603,8949,train,2305
8604,plan_08604,8950,train,2264
8605,plan_08605,8951,train,12025
8606,plan_08606,8952,train,11941
8607,plan_08607,8953,train,9471
8608,plan_08608,8954,train,260
8609,plan_08609,8955,train,9272
8610,plan_08610,8956,train,14147
8611,plan_08611,8957,test,1078
8612,plan_08612,8958,train,1288
8613,plan_08613,8959,train,3248
8614,plan_08614,8960,train,13269
8615,plan_08615,8961,train,9504
8616,plan_08616,8962,train,1455
8617,plan_08617,8963,train,14014
8618,plan_08618,8964,train,13209
8619,plan_08619,8965,train,6352
8620,plan_08620,8966,train,2868
8621,plan_08621,8967,train,5422
8622,plan_08622,8968,train,9168
8623,plan_08623,8969,train,14246
8624,plan_08624,8970,train,12056
8625,plan_08625,8971,train,2140
8626,plan_08626,8972,train,5272
8627,plan_08627,8973,train,5988
8628,plan_08628,8974,test,96
8629,plan_08629,8975,train,11002
8630,plan_08630,8976,train,3193
8631,plan_08631,8977,train,6145
8632,plan_08632,8978,train,2644
8633,plan_08633,8979,train,12039
8634,plan_08634,8980,train,8882
8635,plan_08635,8981,train,2107
8636,plan_08636,8982,train,5702
8637,plan_08637,8983,train,2814
8638,plan_08638,8984,test,1396
8639,plan_08639,8985,train,9489
8640,plan_08640,8986,test,1927
8641,plan_08641,8987,train,1011
8642,plan_08642,8988,train,12235
8643,plan_08643,8989,train,3873
8644,plan_08644,8990,train,8512
8645,plan_08645,8991,train,11717
8646,plan_08646,8992,test,697
8647,plan_08647,8993,train,9264
8648,plan_08648,8994,test,978
8649,plan_08649,8995,train,12578
8650,plan_08650,8996,train,5632
8651,plan_08651,8997,train,12905
8652,plan_08652,8998,test,17
8653,plan_08653,8999,train,3283
8654,plan_08654,9000,train,7063
8655,plan_08655,9001,train,4219
8656,plan_08656,9002,train,799
8657,plan_08657,9003,test,18
8658,plan_08658,9004,train,9426
8659,plan_08659,9005,train,4055
8660,plan_08660,9006,test,496
8661,plan_08661,9007,train,8886
8662,plan_08662,9008,train,165
8663,plan_08663,9009,train,5329
8664,plan_08664,9010,train,2903
8665,plan_08665,9011,train,5945
8666,plan_08666,9012,train,8427
8667,plan_08667,9013,train,4744
8668,plan_08668,9014,train,2230
8669,plan_08669,9015,train,8170
8670,plan_08670,9016,train,6217
8671,plan_08671,9017,train,6959
8672,plan_08672,9018,train,7921
8673,plan_08673,9019,train,13708
8674,plan_08674,9020,test,2369
8675,plan_08675,9021,train,2281
8676,plan_08676,9022,test,1764
8677,plan_08677,9023,train,655
8678,plan_08678,9024,train,8842
8679,plan_08679,9025,train,1086
8680,plan_08680,9026,train,13179
8681,plan_08681,9027,train,213
8682,plan_08682,9028,train,9254
8683,plan_08683,9029,train,14007
8684,plan_08684,9030,train,3591
8685,plan_08685,9031,test,319
8686,plan_08686,9032,train,8715
8687,plan_08687,9033,test,1365
8688,plan_08688,9034,train,748
8689,plan_08689,9035,test,2002
8690,plan_08690,9036,train,8185
8691,plan_08691,9037,train,12682
8692,plan_08692,9038,train,9579
8693,plan_08693,9039,test,847
8694,plan_08694,9040,test,188
8695,plan_08695,9041,train,1633
8696,plan_08696,9042,train,9193
8697,plan_08697,9043,train,11413
8698,plan_08698,9044,test,995
8699,plan_08699,9045,test,1385
8700,plan_08700,9046,train,10203
8701,plan_08701,9047,test,1330
8702,plan_08702,9048,train,2643
8703,plan_08703,9049,train,6021
8704,plan_08704,9050,train,13072
8705,plan_08705,9051,train,11679
8706,plan_08706,9052,train,10098
8707,plan_08707,9053,train,370
8708,plan_08708,9054,train,6965
8709,plan_08709,9055,train,12088
8710,plan_08710,9056,train,2105
8711,plan_08711,9057,test,369
8712,plan_08712,9058,train,2050
8713,plan_08713,9063,train,6900
8714,plan_08714,9064,test,1151
8715,plan_08715,9065,test,1215
8716,plan_08716,9066,train,1653
8717,plan_08717,9067,train,2065
8718,plan_08718,9068,train,9436
8719,plan_08719,9069,train,6829
8720,plan_08720,9070,train,810
8721,plan_08721,9071,train,2139
8722,plan_08722,9072,train,3405
8723,plan_08723,9073,train,8770
8724,plan_08724,9074,test,1593
8725,plan_08725,9075,train,4388
8726,plan_08726,9076,train,11811
8727,plan_08727,9077,train,13545
8728,plan_08728,9078,train,6018
8729,plan_08729,9079,train,10470
8730,plan_08730,9080,test,280
8731,plan_08731,9081,train,272
8732,plan_08732,9082,train,12156
8733,plan_08733,9083,train,13279
8734,plan_08734,9084,train,9879
8735,plan_08735,9085,train,11323
8736,plan_08736,9086,train,6769
8737,plan_08737,9087,train,4524
8738,plan_08738,9088,train,4925
8739,plan_08739,9089,train,9984
8740,plan_08740,9090,train,6388
8741,plan_08741,9091,train,3414
8742,plan_08742,9092,train,5510
8743,plan_08743,9093,train,4701
8744,plan_08744,9094,train,6590
8745,plan_08745,9095,test,1937
8746,plan_08746,9096,train,5413
8747,plan_08747,9097,train,3002
8748,plan_08748,9098,train,9648
8749,plan_08749,9099,train,1004
8750,plan_08750,9100,train,13639
8751,plan_08751,9101,train,3360
8752,plan_08752,9102,train,9982
8753,plan_08753,9103,train,2676
8754,plan_08754,9104,train,14228
8755,plan_08755,9105,train,10849
8756,plan_08756,9106,train,11201
8757,plan_08757,9107,train,14217
8758,plan_08758,9108,train,10786
8759,plan_08759,9109,test,2339
8760,plan_08760,9110,train,296
8761,plan_08761,9111,train,10834
8762,plan_08762,9112,train,5660
8763,plan_08763,9113,train,3915
8764,plan_08764,9114,train,11098
8765,plan_08765,9115,test,1853
8766,plan_08766,9116,train,2472
8767,plan_08767,9117,test,1617
8768,plan_08768,9118,test,1695
8769,plan_08769,9119,train,12063
8770,plan_08770,9120,train,6586
8771,plan_08771,9121,train,11656
8772,plan_08772,9122,train,3468
8773,plan_08773,9123,test,850
8774,plan_08774,9124,train,5336
8775,plan_08775,9125,test,619
8776,plan_08776,9126,train,14340
8777,plan_08777,9127,train,8637
8778,plan_08778,9128,train,5858
8779,plan_08779,9129,train,1383
8780,plan_08780,9130,test,1267
8781,plan_08781,9131,train,8070
8782,plan_08782,9132,train,4674
8783,plan_08783,9133,train,6349
8784,plan_08784,9134,train,13004
8785,plan_08785,9135,train,10497
8786,plan_08786,9136,train,2201
8787,plan_08787,9137,train,6457
8788,plan_08788,9138,test,2494
8789,plan_08789,9139,test,103
8790,plan_08790,9140,train,994
8791,plan_08791,9141,train,9247
8792,plan_08792,9142,train,3792
8793,plan_08793,9143,train,10148
8794,plan_08794,9144,train,11056
8795,plan_08795,9145,train,598
8796,plan_08796,9146,train,14374
8797,plan_08797,9147,train,3785
8798,plan_08798,9148,train,1680
8799,plan_08799,9149,train,3888
8800,plan_08800,9150,train,5935
8801,plan_08801,9151,train,959
8802,plan_08802,9152,train,12222
8803,plan_08803,9153,train,12975
8804,plan_08804,9154,train,4394
8805,plan_08805,9155,train,2590
8806,plan_08806,9158,test,1485
8807,plan_08807,9159,test,1399
8808,plan_08808,9160,train,283
8809,plan_08809,9161,train,3665
8810,plan_08810,9162,train,10665
8811,plan_08811,9163,train,1101
8812,plan_08812,9164,train,6092
8813,plan_08813,9165,train,10096
8814,plan_08814,9166,train,71
8815,plan_08815,9167,train,7924
8816,plan_08816,9168,train,13020
8817,plan_08817,9169,test,2238
8818,plan_08818,9170,test,1743
8819,plan_08819,9171,train,10078
8820,plan_08820,9172,train,2968
8821,plan_08821,9173,test,1747
8822,plan_08822,9174,train,3141
8823,plan_08823,9175,train,5714
8824,plan_08824,9176,train,1846
8825,plan_08825,9177,train,13540
8826,plan_08826,9178,train,9327
8827,plan_08827,9179,train,7346
8828,plan_08828,9180,train,8550
8829,plan_08829,9181,train,12666
8830,plan_08830,9182,train,12791
8831,plan_08831,9183,train,13103
8832,plan_08832,9184,train,13207
8833,plan_08833,9185,train,5246
8834,plan_08834,9186,train,4865
8835,plan_08835,9189,train,796
8836,plan_08836,9190,train,11287
8837,plan_08837,9191,train,11502
8838,plan_08838,9192,train,13928
8839,plan_08839,9193,train,5731
8840,plan_08840,9194,train,9643
8841,plan_08841,9195,train,3836
8842,plan_08842,9196,train,500
8843,plan_08843,9197,train,11064
8844,plan_08844,9198,train,9901
8845,plan_08845,9199,train,12805
8846,plan_08846,9200,train,7211
8847,plan_08847,9201,train,12133
8848,plan_08848,9202,train,14269
8849,plan_08849,9203,train,13898
8850,plan_08850,9204,train,8696
8851,plan_08851,9205,train,1695
8852,plan_08852,9206,train,8326
8853,plan_08853,9207,train,9147
8854,plan_08854,9208,train,44
8855,plan_08855,9209,train,13750
8856,plan_08856,9210,test,903
8857,plan_08857,9211,train,12984
8858,plan_08858,9212,train,11351
8859,plan_08859,9213,train,11863
8860,plan_08860,9214,train,12367
8861,plan_08861,9215,test,134
8862,plan_08862,9216,train,10873
8863,plan_08863,9217,test,2070
8864,plan_08864,9218,train,4404
8865,plan_08865,9219,train,11841
8866,plan_08866,9220,train,4198
8867,plan_08867,9221,train,14393
8868,plan_08868,9222,train,3072
8869,plan_08869,9223,train,10721
8870,plan_08870,9224,train,10529
8871,plan_08871,9225,train,40
8872,plan_08872,9226,train,7573
8873,plan_08873,9227,train,7797
8874,plan_08874,9228,train,6437
8875,plan_08875,9229,train,14033
8876,plan_08876,9230,train,5928
8877,plan_08877,9231,test,2166
8878,plan_08878,9232,test,1817
8879,plan_08879,9233,train,6001
8880,plan_08880,9234,test,2248
8881,plan_08881,9235,train,406
8882,plan_08882,9236,train,7219
8883,plan_08883,9237,train,10900
8884,plan_08884,9238,test,1040
8885,plan_08885,9239,train,1528
8886,plan_08886,9240,train,14344
8887,plan_08887,9241,train,7351
8888,plan_08888,9242,test,1873
8889,plan_08889,9243,test,2380
8890,plan_08890,9244,train,3710
8891,plan_08891,9245,train,12180
8892,plan_08892,9246,train,8315
8893,plan_08893,9247,train,13167
8894,plan_08894,9248,train,6043
8895,plan_08895,9249,train,1831
8896,plan_08896,9250,train,4726
8897,plan_08897,9251,train,9941
8898,plan_08898,9252,train,10513
8899,plan_08899,9253,train,947
8900,plan_08900,9254,train,9851
8901,plan_08901,9255,train,1169
8902,plan_08902,9256,train,2299
8903,plan_08903,9257,test,379
8904,plan_08904,9258,train,1647
8905,plan_08905,9259,train,7585
8906,plan_08906,9260,train,7183
8907,plan_08907,9261,train,7516
8908,plan_08908,9262,train,5440
8909,plan_08909,9263,train,7632
8910,plan_08910,9264,train,12855
8911,plan_08911,9265,train,12546
8912,plan_08912,9266,train,5366
8913,plan_08913,9267,train,11485
8914,plan_08914,9268,train,10059
8915,plan_08915,9269,train,9747
8916,plan_08916,9270,train,3764
8917,plan_08917,9271,train,4697
8918,plan_08918,9272,test,2464
8919,plan_08919,9273,test,618
8920,plan_08920,9274,train,5759
8921,plan_08921,9275,test,1968
8922,plan_08922,9276,train,3164
8923,plan_08923,9277,train,4320
8924,plan_08924,9280,train,13516
8925,plan_08925,9281,train,3253
8926,plan_08926,9282,train,12348
8927,plan_08927,9283,train,7759
8928,plan_08928,9284,train,9479
8929,plan_08929,9285,train,7596
8930,plan_08930,9286,test,1493
8931,plan_08931,9287,train,6559
8932,plan_08932,9288,train,4270
8933,plan_08933,9289,train,2013
8934,plan_08934,9290,test,396
8935,plan_08935,9293,train,5869
8936,plan_08936,9294,train,5139
8937,plan_08937,9295,train,7369
8938,plan_08938,9296,train,8843
8939,plan_08939,9297,test,1451
8940,plan_08940,9298,train,8495
8941,plan_08941,9299,train,6756
8942,plan_08942,9300,test,1564
8943,plan_08943,9301,test,1688
8944,plan_08944,9302,train,11362
8945,plan_08945,9303,train,5458
8946,plan_08946,9304,train,7080
8947,plan_08947,9305,train,11116
8948,plan_08948,9306,test,1233
8949,plan_08949,9307,train,2650
8950,plan_08950,9308,test,406
8951,plan_08951,9309,train,6620
8952,plan_08952,9310,train,11744
8953,plan_08953,9311,train,8137
8954,plan_08954,9312,train,8223
8955,plan_08955,9313,train,9805
8956,plan_08956,9314,train,4912
8957,plan_08957,9315,train,1814
8958,plan_08958,9316,train,4510
8959,plan_08959,9317,train,14065
8960,plan_08960,9318,train,6234
8961,plan_08961,9319,train,819
8962,plan_08962,9320,test,1517
8963,plan_08963,9321,test,973
8964,plan_08964,9322,train,7278
8965,plan_08965,9329,train,11846
8966,plan_08966,9330,train,7844
8967,plan_08967,9331,train,5628
8968,plan_08968,9332,train,6382
8969,plan_08969,9333,test,171
8970,plan_08970,9334,train,11322
8971,plan_08971,9335,train,4381
8972,plan_08972,9336,train,9765
8973,plan_08973,9338,train,7554
8974,plan_08974,9339,train,13736
8975,plan_08975,9340,train,4225
8976,plan_08976,9341,train,9164
8977,plan_08977,9342,train,4945
8978,plan_08978,9343,train,5217
8979,plan_08979,9344,train,8972
8980,plan_08980,9345,test,1893
8981,plan_08981,9346,train,13777
8982,plan_08982,9347,test,922
8983,plan_08983,9348,test,1447
8984,plan_08984,9349,train,8050
8985,plan_08985,9350,train,13419
8986,plan_08986,9351,test,2469
8987,plan_08987,9352,train,8521
8988,plan_08988,9353,train,4570
8989,plan_08989,9356,train,6990
8990,plan_08990,9357,train,2363
8991,plan_08991,9358,train,2366
8992,plan_08992,9359,test,2000
8993,plan_08993,9360,train,1353
8994,plan_08994,9361,train,8219
8995,plan_08995,9362,test,2140
8996,plan_08996,9363,train,2598
8997,plan_08997,9364,train,12151
8998,plan_08998,9365,train,13915
8999,plan_08999,9366,test,735
9000,plan_09000,9367,train,6272
9001,plan_09001,9368,train,3130
9002,plan_09002,9369,train,4989
9003,plan_09003,9370,train,4569
9004,plan_09004,9371,train,2496
9005,plan_09005,9372,train,493
9006,plan_09006,9374,train,5178
9007,plan_09007,9375,train,6297
9008,plan_09008,9376,train,1417
9009,plan_09009,9377,train,13746
9010,plan_09010,9378,train,8278
9011,plan_09011,9379,test,1304
9012,plan_09012,9380,train,9823
9013,plan_09013,9381,train,4345
9014,plan_09014,9382,train,5734
9015,plan_09015,9383,train,7416
9016,plan_09016,9384,train,4062
9017,plan_09017,9385,train,10704
9018,plan_09018,9386,train,2045
9019,plan_09019,9387,train,7672
9020,plan_09020,9388,train,10922
9021,plan_09021,9389,train,4573
9022,plan_09022,9390,train,10036
9023,plan_09023,9391,test,1121
9024,plan_09024,9392,test,1492
9025,plan_09025,9393,test,1479
9026,plan_09026,9394,train,5752
9027,plan_09027,9395,train,2972
9028,plan_09028,9396,train,10254
9029,plan_09029,9397,train,10334
9030,plan_09030,9398,train,1139
9031,plan_09031,9399,train,5973
9032,plan_09032,9400,train,6239
9033,plan_09033,9401,train,6105
9034,plan_09034,9402,train,9478
9035,plan_09035,9406,train,2948
9036,plan_09036,9407,train,6079
9037,plan_09037,9408,train,1025
9038,plan_09038,9409,train,7859
9039,plan_09039,9410,train,3380
9040,plan_09040,9411,train,13039
9041,plan_09041,9412,train,9265
9042,plan_09042,9413,train,12435
9043,plan_09043,9414,train,5435
9044,plan_09044,9415,train,4400
9045,plan_09045,9416,train,8059
9046,plan_09046,9417,train,306
9047,plan_09047,9418,train,3363
9048,plan_09048,9419,train,997
9049,plan_09049,9420,train,10041
9050,plan_09050,9421,train,9305
9051,plan_09051,9422,test,2068
9052,plan_09052,9423,test,141
9053,plan_09053,9424,test,1540
9054,plan_09054,9425,train,6941
9055,plan_09055,9426,train,3452
9056,plan_09056,9427,train,7474
9057,plan_09057,9428,train,735
9058,plan_09058,9429,train,9954
9059,plan_09059,9430,train,12083
9060,plan_09060,9431,train,2041
9061,plan_09061,9432,test,1842
9062,plan_09062,9433,train,8079
9063,plan_09063,9434,train,12261
9064,plan_09064,9435,test,263
9065,plan_09065,9436,train,2350
9066,plan_09066,9437,train,10756
9067,plan_09067,9438,train,6176
9068,plan_09068,9439,train,10680
9069,plan_09069,9441,train,14086
9070,plan_09070,9442,train,10444
9071,plan_09071,9443,test,907
9072,plan_09072,9444,train,388
9073,plan_09073,9445,test,1796
9074,plan_09074,9446,train,9662
9075,plan_09075,9447,train,9936
9076,plan_09076,9448,train,2706
9077,plan_09077,9449,train,1191
9078,plan_09078,9450,train,1065
9079,plan_09079,9451,train,6489
9080,plan_09080,9452,train,6025
9081,plan_09081,9453,test,2368
9082,plan_09082,9454,train,12237
9083,plan_09083,9455,train,13560
9084,plan_09084,9456,train,1982
9085,plan_09085,9457,train,12880
9086,plan_09086,9458,train,4114
9087,plan_09087,9459,train,69
9088,plan_09088,9460,train,10612
9089,plan_09089,9461,train,10606
9090,plan_09090,9462,train,2367
9091,plan_09091,9463,train,14257
9092,plan_09092,9464,train,11857
9093,plan_09093,9465,test,1401
9094,plan_09094,9466,train,3853
9095,plan_09095,9467,train,11848
9096,plan_09096,9468,train,986
9097,plan_09097,9469,train,14273
9098,plan_09098,9470,train,7496
9099,plan_09099,9471,train,9373
9100,plan_09100,9472,train,10299
9101,plan_09101,9473,train,3597
9102,plan_09102,9474,train,10304
9103,plan_09103,9475,train,14018
9104,plan_09104,9476,train,2555
9105,plan_09105,9477,test,1828
9106,plan_09106,9478,train,4833
9107,plan_09107,9479,test,1975
9108,plan_09108,9480,train,8286
9109,plan_09109,9481,train,13846
9110,plan_09110,9482,train,8599
9111,plan_09111,9483,train,6060
9112,plan_09112,9484,train,11207
9113,plan_09113,9485,train,4731
9114,plan_09114,9486,train,13262
9115,plan_09115,9487,train,4056
9116,plan_09116,9488,train,13757
9117,plan_09117,9489,train,4435
9118,plan_09118,9490,train,1688
9119,plan_09119,9491,train,2689
9120,plan_09120,9492,train,3952
9121,plan_09121,9494,train,12779
9122,plan_09122,9495,train,755
9123,plan_09123,9496,train,12952
9124,plan_09124,9497,train,3813
9125,plan_09125,9498,train,12240
9126,plan_09126,9505,train,5833
9127,plan_09127,9506,train,13553
9128,plan_09128,9507,train,13494
9129,plan_09129,9508,train,1670
9130,plan_09130,9509,train,3677
9131,plan_09131,9510,train,1931
9132,plan_09132,9511,train,10153
9133,plan_09133,9512,train,11804
9134,plan_09134,9513,test,2032
9135,plan_09135,9514,train,10506
9136,plan_09136,9515,train,1003
9137,plan_09137,9516,test,87
9138,plan_09138,9517,train,7630
9139,plan_09139,9518,train,12388
9140,plan_09140,9519,train,14111
9141,plan_09141,9520,test,2132
9142,plan_09142,9521,train,6788
9143,plan_09143,9522,test,769
9144,plan_09144,9523,train,4981
9145,plan_09145,9524,test,588
9146,plan_09146,9525,train,5241
9147,plan_09147,9526,test,1423
9148,plan_09148,9527,train,13512
9149,plan_09149,9528,train,9514
9150,plan_09150,9529,train,1772
9151,plan_09151,9530,train,2394
9152,plan_09152,9531,train,7631
9153,plan_09153,9532,test,2328
9154,plan_09154,9533,test,1994
9155,plan_09155,9534,train,8398
9156,plan_09156,9535,train,12238
9157,plan_09157,9536,train,1217
9158,plan_09158,9537,train,966
9159,plan_09159,9538,train,962
9160,plan_09160,9539,train,10002
9161,plan_09161,9540,test,887
9162,plan_09162,9541,test,2035
9163,plan_09163,9542,train,8077
9164,plan_09164,9543,train,8156
9165,plan_09165,9544,train,10564
9166,plan_09166,9545,test,1071
9167,plan_09167,9546,train,10246
9168,plan_09168,9547,train,4541
9169,plan_09169,9548,train,14175
9170,plan_09170,9549,train,12876
9171,plan_09171,9550,train,4306
9172,plan_09172,9551,train,7402
9173,plan_09173,9552,train,12991
9174,plan_09174,9553,train,6846
9175,plan_09175,9554,train,10018
9176,plan_09176,9555,train,11931
9177,plan_09177,9556,test,1260
9178,plan_09178,9557,train,10700
9179,plan_09179,9558,test,1303
9180,plan_09180,9559,train,4647
9181,plan_09181,9560,train,956
9182,plan_09182,9561,train,14233
9183,plan_09183,9562,train,5818
9184,plan_09184,9563,train,13786
9185,plan_09185,9564,train,4746
9186,plan_09186,9565,train,8244
9187,plan_09187,9566,train,10167
9188,plan_09188,9567,test,1084
9189,plan_09189,9568,train,12882
9190,plan_09190,9569,train,4615
9191,plan_09191,9570,train,7018
9192,plan_09192,9571,train,10787
9193,plan_09193,9572,train,8250
9194,plan_09194,9573,train,7134
9195,plan_09195,9574,test,2453
9196,plan_09196,9575,train,11340
9197,plan_09197,9576,train,14044
9198,plan_09198,9577,train,5479
9199,plan_09199,9578,train,13095
9200,plan_09200,9579,train,1122
9201,plan_09201,9580,train,14041
9202,plan_09202,9581,test,221
9203,plan_09203,9582,train,6229
9204,plan_09204,9583,train,5756
9205,plan_09205,9584,test,2131
9206,plan_09206,9585,train,7505
9207,plan_09207,9586,train,9960
9208,plan_09208,9587,train,7846
9209,plan_09209,9588,train,4363
9210,plan_09210,9589,train,5446
9211,plan_09211,9590,test,555
9212,plan_09212,9591,train,5334
9213,plan_09213,9592,train,4891
9214,plan_09214,9593,train,2447
9215,plan_09215,9594,train,11103
9216,plan_09216,9595,test,420
9217,plan_09217,9596,train,515
9218,plan_09218,9597,train,3733
9219,plan_09219,9598,train,13496
9220,plan_09220,9599,train,14019
9221,plan_09221,9600,train,10181
9222,plan_09222,9601,train,13453
9223,plan_09223,9602,train,11769
9224,plan_09224,9603,test,1454
9225,plan_09225,9604,train,10712
9226,plan_09226,9605,train,7699
9227,plan_09227,9606,train,10357
9228,plan_09228,9607,train,4916
9229,plan_09229,9608,train,2611
9230,plan_09230,9609,train,13248
9231,plan_09231,9610,train,10178
9232,plan_09232,9611,train,2278
9233,plan_09233,9612,train,10382
9234,plan_09234,9613,train,4303
9235,plan_09235,9614,train,12171
9236,plan_09236,9615,train,9800
9237,plan_09237,9616,train,2973
9238,plan_09238,9617,train,6213
9239,plan_09239,9618,train,2412
9240,plan_09240,9619,train,1581
9241,plan_09241,9620,train,13654
9242,plan_09242,9621,test,116
9243,plan_09243,9622,train,7423
9244,plan_09244,9623,train,10668
9245,plan_09245,9624,train,1811
9246,plan_09246,9625,train,3279
9247,plan_09247,9626,train,11702
9248,plan_09248,9627,train,8950
9249,plan_09249,9628,test,1987
9250,plan_09250,9629,train,4046
9251,plan_09251,9630,train,10343
9252,plan_09252,9631,train,7929
9253,plan_09253,9632,train,7492
9254,plan_09254,9633,train,2918
9255,plan_09255,9634,train,11767
9256,plan_09256,9635,test,1250
9257,plan_09257,9636,train,7488
9258,plan_09258,9637,test,2434
9259,plan_09259,9638,train,1261
9260,plan_09260,9639,train,12446
9261,plan_09261,9640,train,4163
9262,plan_09262,9641,test,2210
9263,plan_09263,9642,train,10155
9264,plan_09264,9643,train,455
9265,plan_09265,9644,train,12567
9266,plan_09266,9645,train,1350
9267,plan_09267,9646,train,6159
9268,plan_09268,9647,train,1881
9269,plan_09269,9648,train,8031
9270,plan_09270,9649,train,1420
9271,plan_09271,9650,train,10775
9272,plan_09272,9651,train,7746
9273,plan_09273,9652,train,8700
9274,plan_09274,9653,train,9680
9275,plan_09275,9654,train,8871
9276,plan_09276,9655,train,1554
9277,plan_09277,9656,train,2647
9278,plan_09278,9657,train,12883
9279,plan_09279,9658,train,483
9280,plan_09280,9659,train,3179
9281,plan_09281,9660,train,5643
9282,plan_09282,9661,train,10625
9283,plan_09283,9662,test,4
9284,plan_09284,9663,train,3659
9285,plan_09285,9664,train,8887
9286,plan_09286,9665,train,8689
9287,plan_09287,9666,train,2585
9288,plan_09288,9667,train,2159
9289,plan_09289,9668,train,10997
9290,plan_09290,9669,train,7132
9291,plan_09291,9670,train,4909
9292,plan_09292,9671,train,11194
9293,plan_09293,9672,train,12116
9294,plan_09294,9673,train,12268
9295,plan_09295,9674,train,7090
9296,plan_09296,9675,train,11292
9297,plan_09297,9676,train,3176
9298,plan_09298,9677,train,5044
9299,plan_09299,9678,train,3143
9300,plan_09300,9679,test,390
9301,plan_09301,9680,train,8067
9302,plan_09302,9681,train,13787
9303,plan_09303,9682,train,667
9304,plan_09304,9683,train,1903
9305,plan_09305,9684,test,2307
9306,plan_09306,9686,train,13475
9307,plan_09307,9687,train,7028
9308,plan_09308,9688,train,9301
9309,plan_09309,9689,train,11499
9310,plan_09310,9690,train,13598
9311,plan_09311,9691,test,297
9312,plan_09312,9692,train,5425
9313,plan_09313,9693,train,7125
9314,plan_09314,9695,train,12043
9315,plan_09315,9696,train,2077
9316,plan_09316,9697,train,7142
9317,plan_09317,9698,train,711
9318,plan_09318,9699,train,6628
9319,plan_09319,9700,train,1712
9320,plan_09320,9701,train,8582
9321,plan_09321,9702,train,13340
9322,plan_09322,9703,train,10079
9323,plan_09323,9704,train,11561
9324,plan_09324,9705,train,11929
9325,plan_09325,9706,test,424
9326,plan_09326,9707,test,888
9327,plan_09327,9708,train,8227
9328,plan_09328,9709,train,4755
9329,plan_09329,9710,train,11458
9330,plan_09330,9711,train,3804
9331,plan_09331,9712,train,11813
9332,plan_09332,9713,test,259
9333,plan_09333,9714,train,13105
9334,plan_09334,9715,train,8204
9335,plan_09335,9716,train,1473
9336,plan_09336,9717,train,2896
9337,plan_09337,9718,train,11693
9338,plan_09338,9719,train,4653
9339,plan_09339,9720,train,10692
9340,plan_09340,9721,train,4683
9341,plan_09341,9722,train,8443
9342,plan_09342,9723,train,1416
9343,plan_09343,9724,train,79
9344,plan_09344,9725,train,7786
9345,plan_09345,9726,train,13843
9346,plan_09346,9727,train,4698
9347,plan_09347,9728,train,7671
9348,plan_09348,9729,train,13533
9349,plan_09349,9730,train,12185
9350,plan_09350,9731,train,11168
9351,plan_09351,9732,train,6144
9352,plan_09352,9733,test,1995
9353,plan_09353,9734,test,1117
9354,plan_09354,9735,train,1769
9355,plan_09355,9736,train,10824
9356,plan_09356,9737,train,1480
9357,plan_09357,9738,train,13010
9358,plan_09358,9739,train,5891
9359,plan_09359,9740,train,13087
9360,plan_09360,9741,train,13606
9361,plan_09361,9742,train,14100
9362,plan_09362,9743,train,82
9363,plan_09363,9744,train,1485
9364,plan_09364,9745,train,1432
9365,plan_09365,9746,train,4279
9366,plan_09366,9747,train,9171
9367,plan_09367,9748,train,12538
9368,plan_09368,9749,train,9400
9369,plan_09369,9750,train,11305
9370,plan_09370,9751,train,5882
9371,plan_09371,9752,train,11279
9372,plan_09372,9753,train,5793
9373,plan_09373,9754,train,11750
9374,plan_09374,9755,train,2981
9375,plan_09375,9756,train,7772
9376,plan_09376,9757,train,13504
9377,plan_09377,9758,train,13223
9378,plan_09378,9759,test,526
9379,plan_09379,9760,train,492
9380,plan_09380,9761,train,8293
9381,plan_09381,9762,train,13935
9382,plan_09382,9763,train,11250
9383,plan_09383,9764,train,1585
9384,plan_09384,9765,train,12042
9385,plan_09385,9766,train,9700
9386,plan_09386,9767,train,6713
9387,plan_09387,9768,test,2181
9388,plan_09388,9769,train,10505
9389,plan_09389,9770,train,13933
9390,plan_09390,9771,train,11632
9391,plan_09391,9772,train,141
9392,plan_09392,9773,train,9895
9393,plan_09393,9774,test,2043
9394,plan_09394,9776,train,9465
9395,plan_09395,9777,test,2121
9396,plan_09396,9778,train,7645
9397,plan_09397,9779,train,9349
9398,plan_09398,9780,train,5780
9399,plan_09399,9781,train,9913
9400,plan_09400,9782,train,13333
9401,plan_09401,9783,train,7262
9402,plan_09402,9784,train,4186
9403,plan_09403,9785,train,1904
9404,plan_09404,9786,train,10410
9405,plan_09405,9787,train,10863
9406,plan_09406,9788,train,3286
9407,plan_09407,9789,train,5682
9408,plan_09408,9790,train,8511
9409,plan_09409,9791,test,757
9410,plan_09410,9792,train,8605
9411,plan_09411,9793,train,563
9412,plan_09412,9794,test,684
9413,plan_09413,9795,test,944
9414,plan_09414,9796,train,3145
9415,plan_09415,9797,test,1802
9416,plan_09416,9798,train,8729
9417,plan_09417,9799,train,4935
9418,plan_09418,9800,test,1272
9419,plan_09419,9801,train,11838
9420,plan_09420,9802,train,10929
9421,plan_09421,9803,train,1778
9422,plan_09422,9804,test,600
9423,plan_09423,9805,train,8295
9424,plan_09424,9806,train,4503
9425,plan_09425,9807,train,8573
9426,plan_09426,9808,train,11464
9427,plan_09427,9809,train,10251
9428,plan_09428,9810,test,480
9429,plan_09429,9811,train,6714
9430,plan_09430,9812,train,14437
9431,plan_09431,9813,train,12263
9432,plan_09432,9814,train,8320
9433,plan_09433,9815,train,23
9434,plan_09434,9816,train,5512
9435,plan_09435,9817,train,13727
9436,plan_09436,9818,train,11991
9437,plan_09437,9819,train,10618
9438,plan_09438,9820,train,2584
9439,plan_09439,9821,test,2235
9440,plan_09440,9822,test,1714
9441,plan_09441,9823,train,1722
9442,plan_09442,9824,test,1234
9443,plan_09443,9825,train,2158
9444,plan_09444,9826,train,13959
9445,plan_09445,9827,train,9738
9446,plan_09446,9828,train,777
9447,plan_09447,9829,test,1196
9448,plan_09448,9830,train,2430
9449,plan_09449,9831,train,11945
9450,plan_09450,9832,train,11956
9451,plan_09451,9833,train,10112
9452,plan_09452,9834,train,7055
9453,plan_09453,9835,test,384
9454,plan_09454,9836,train,6698
9455,plan_09455,9837,train,11984
9456,plan_09456,9838,test,2169
9457,plan_09457,9839,train,13883
9458,plan_09458,9840,train,8179
9459,plan_09459,9841,train,1173
9460,plan_09460,9842,train,1902
9461,plan_09461,9843,test,2340
9462,plan_09462,9844,train,11050
9463,plan_09463,9845,train,96
9464,plan_09464,9846,train,6651
9465,plan_09465,9847,train,14282
9466,plan_09466,9848,train,1503
9467,plan_09467,9849,train,3007
9468,plan_09468,9850,train,570
9469,plan_09469,9851,test,1689
9470,plan_09470,9852,train,2466
9471,plan_09471,9853,train,13625
9472,plan_09472,9854,train,9250
9473,plan_09473,9855,train,2821
9474,plan_09474,9856,train,6618
9475,plan_09475,9857,train,7561
9476,plan_09476,9858,train,5981
9477,plan_09477,9859,train,7991
9478,plan_09478,9860,train,11508
9479,plan_09479,9861,train,398
9480,plan_09480,9862,train,12111
9481,plan_09481,9863,train,149
9482,plan_09482,9864,train,2226
9483,plan_09483,9867,train,13228
9484,plan_09484,9868,train,3557
9485,plan_09485,9869,train,13983
9486,plan_09486,9870,train,2898
9487,plan_09487,9871,train,196
9488,plan_09488,9872,train,12071
9489,plan_09489,9873,train,1483
9490,plan_09490,9874,train,13754
9491,plan_09491,9875,train,1534
9492,plan_09492,9876,train,12802
9493,plan_09493,9877,train,1267
9494,plan_09494,9878,train,1841
9495,plan_09495,9879,train,2167
9496,plan_09496,9880,train,5503
9497,plan_09497,9881,train,6644
9498,plan_09498,9882,train,7226
9499,plan_09499,9883,train,2385
9500,plan_09500,9884,train,13154
9501,plan_09501,9885,train,8983
9502,plan_09502,9886,train,1782
9503,plan_09503,9887,train,10904
9504,plan_09504,9888,train,9551
9505,plan_09505,9889,train,4144
9506,plan_09506,9890,test,579
9507,plan_09507,9891,train,9063
9508,plan_09508,9892,train,7822
9509,plan_09509,9893,train,11182
9510,plan_09510,9894,train,4622
9511,plan_09511,9895,test,2197
9512,plan_09512,9896,train,276
9513,plan_09513,9897,train,13626
9514,plan_09514,9898,train,9380
9515,plan_09515,9899,train,14075
9516,plan_09516,9900,train,9342
9517,plan_09517,9901,train,4322
9518,plan_09518,9902,train,10129
9519,plan_09519,9903,train,8712
9520,plan_09520,9904,train,12385
9521,plan_09521,9905,train,5354
9522,plan_09522,9906,train,11842
9523,plan_09523,9907,train,1299
9524,plan_09524,9908,train,5286
9525,plan_09525,9909,train,4104
9526,plan_09526,9910,test,2400
9527,plan_09527,9911,train,635
9528,plan_09528,9912,test,1825
9529,plan_09529,9913,test,882
9530,plan_09530,9914,train,4625
9531,plan_09531,9915,train,5545
9532,plan_09532,9916,train,4685
9533,plan_09533,9917,test,407
9534,plan_09534,9918,train,8022
9535,plan_09535,9919,train,7320
9536,plan_09536,9920,train,10138
9537,plan_09537,9921,train,1992
9538,plan_09538,9922,train,8454
9539,plan_09539,9923,train,2746
9540,plan_09540,9924,train,5916
9541,plan_09541,9925,train,38
9542,plan_09542,9926,train,12019
9543,plan_09543,9927,train,9205
9544,plan_09544,9928,train,10016
9545,plan_09545,9929,train,8501
9546,plan_09546,9930,train,13130
9547,plan_09547,9931,train,257
9548,plan_09548,9932,train,1256
9549,plan_09549,9933,train,4738
9550,plan_09550,9934,test,660
9551,plan_09551,9935,train,11075
9552,plan_09552,9936,train,12488
9553,plan_09553,9937,train,3533
9554,plan_09554,9938,train,2062
9555,plan_09555,9939,train,7002
9556,plan_09556,9940,train,3479
9557,plan_09557,9941,train,11073
9558,plan_09558,9942,train,36
9559,plan_09559,9943,train,8141
9560,plan_09560,9944,train,5288
9561,plan_09561,9945,test,2293
9562,plan_09562,9946,train,111
9563,plan_09563,9947,train,3434
9564,plan_09564,9948,test,1583
9565,plan_09565,9949,test,2440
9566,plan_09566,9950,train,13462
9567,plan_09567,9951,train,9756
9568,plan_09568,9952,train,2842
9569,plan_09569,9953,train,2329
9570,plan_09570,9954,train,10408
9571,plan_09571,9955,train,9442
9572,plan_09572,9956,train,4995
9573,plan_09573,9957,train,4274
9574,plan_09574,9958,train,7124
9575,plan_09575,9959,train,10788
9576,plan_09576,9960,train,9100
9577,plan_09577,9961,test,1801
9578,plan_09578,9962,train,6463
9579,plan_09579,9963,train,14201
9580,plan_09580,9964,train,67
9581,plan_09581,9965,test,2101
9582,plan_09582,9966,train,10547
9583,plan_09583,9967,train,2597
9584,plan_09584,9968,train,4408
9585,plan_09585,9969,test,2296
9586,plan_09586,9970,train,1398
9587,plan_09587,9971,train,2156
9588,plan_09588,9972,test,39
9589,plan_09589,9973,train,8092
9590,plan_09590,9974,train,12288
9591,plan_09591,9975,train,10626
9592,plan_09592,9976,train,11654
9593,plan_09593,9977,train,661
9594,plan_09594,9978,test,438
9595,plan_09595,9979,train,1893
9596,plan_09596,9980,train,6482
9597,plan_09597,9981,train,4549
9598,plan_09598,9982,test,371
9599,plan_09599,9983,train,6888
9600,plan_09600,9984,train,4172
9601,plan_09601,9985,train,3341
9602,plan_09602,9986,train,8669
9603,plan_09603,9987,train,9437
9604,plan_09604,9988,train,7144
9605,plan_09605,9989,train,3614
9606,plan_09606,9990,train,12522
9607,plan_09607,9991,train,11860
9608,plan_09608,9992,train,7451
9609,plan_09609,9993,test,1230
9610,plan_09610,9994,train,13473
9611,plan_09611,9995,train,4291
9612,plan_09612,9996,train,9414
9613,plan_09613,9997,test,163
9614,plan_09614,9998,train,11119
9615,plan_09615,9999,train,5141
9616,plan_09616,10000,test,474
9617,plan_09617,10001,train,1871
9618,plan_09618,10002,train,6374
9619,plan_09619,10003,train,3077
9620,plan_09620,10004,train,645
9621,plan_09621,10005,train,7131
9622,plan_09622,10006,train,11681
9623,plan_09623,10007,train,8271
9624,plan_09624,10008,test,515
9625,plan_09625,10009,train,2764
9626,plan_09626,10010,test,2470
9627,plan_09627,10011,train,2742
9628,plan_09628,10012,train,11184
9629,plan_09629,10013,train,5379
9630,plan_09630,10014,train,10908
9631,plan_09631,10015,train,200
9632,plan_09632,10016,train,353
9633,plan_09633,10017,train,9015
9634,plan_09634,10018,train,3700
9635,plan_09635,10019,train,8188
9636,plan_09636,10020,train,13208
9637,plan_09637,10021,train,1756
9638,plan_09638,10022,train,2999
9639,plan_09639,10023,train,8093
9640,plan_09640,10024,train,6451
9641,plan_09641,10025,train,6727
9642,plan_09642,10026,train,239
9643,plan_09643,10027,train,5830
9644,plan_09644,10028,train,1
9645,plan_09645,10029,train,13618
9646,plan_09646,10030,train,7082
9647,plan_09647,10031,train,5560
9648,plan_09648,10032,train,10571
9649,plan_09649,10033,train,713
9650,plan_09650,10034,train,14311
9651,plan_09651,10035,train,607
9652,plan_09652,10036,test,1172
9653,plan_09653,10037,train,9370
9654,plan_09654,10038,train,12150
9655,plan_09655,10039,test,213
9656,plan_09656,10040,train,3240
9657,plan_09657,10041,train,3198
9658,plan_09658,10042,train,12579
9659,plan_09659,10043,train,13127
9660,plan_09660,10044,train,12109
9661,plan_09661,10045,test,1302
9662,plan_09662,10046,train,12853
9663,plan_09663,10047,train,13751
9664,plan_09664,10048,train,5014
9665,plan_09665,10049,test,149
9666,plan_09666,10050,train,12540
9667,plan_09667,10051,train,7121
9668,plan_09668,10052,train,8744
9669,plan_09669,10053,train,1987
9670,plan_09670,10054,train,10215
9671,plan_09671,10055,train,753
9672,plan_09672,10056,train,9542
9673,plan_09673,10057,test,1705
9674,plan_09674,10058,train,13349
9675,plan_09675,10059,train,1557
9676,plan_09676,10060,train,14195
9677,plan_09677,10061,train,11238
9678,plan_09678,10062,train,7735
9679,plan_09679,10063,train,11263
9680,plan_09680,10064,train,10211
9681,plan_09681,10065,train,7532
9682,plan_09682,10066,train,4283
9683,plan_09683,10067,train,7667
9684,plan_09684,10068,train,234
9685,plan_09685,10069,train,13320
9686,plan_09686,10070,train,12675
9687,plan_09687,10071,test,1673
9688,plan_09688,10072,train,13991
9689,plan_09689,10073,train,4452
9690,plan_09690,10074,test,2230
9691,plan_09691,10075,test,987
9692,plan_09692,10076,test,511
9693,plan_09693,10077,test,688
9694,plan_09694,10078,train,8416
9695,plan_09695,10079,train,14021
9696,plan_09696,10080,train,10885
9697,plan_09697,10081,train,10380
9698,plan_09698,10082,train,5204
9699,plan_09699,10083,train,8836
9700,plan_09700,10084,train,10909
9701,plan_09701,10085,test,1560
9702,plan_09702,10086,train,7515
9703,plan_09703,10087,train,1058
9704,plan_09704,10088,test,1990
9705,plan_09705,10089,train,10409
9706,plan_09706,10090,train,11887
9707,plan_09707,10091,train,10373
9708,plan_09708,10092,train,7916
9709,plan_09709,10093,train,12086
9710,plan_09710,10094,train,1847
9711,plan_09711,10095,train,13266
9712,plan_09712,10096,train,2349
9713,plan_09713,10097,train,10708
9714,plan_09714,10098,train,6877
9715,plan_09715,10099,train,397
9716,plan_09716,10100,train,6580
9717,plan_09717,10101,test,1027
9718,plan_09718,10102,train,513
9719,plan_09719,10103,test,327
9720,plan_09720,10104,train,5276
9721,plan_09721,10105,train,12165
9722,plan_09722,10106,train,12386
9723,plan_09723,10107,train,7668
9724,plan_09724,10108,train,8127
9725,plan_09725,10109,train,4205
9726,plan_09726,10110,train,10330
9727,plan_09727,10111,train,526
9728,plan_09728,10112,train,839
9729,plan_09729,10113,train,2499
9730,plan_09730,10114,train,10180
9731,plan_09731,10115,train,3096
9732,plan_09732,10116,train,13664
9733,plan_09733,10117,train,2862
9734,plan_09734,10118,train,1729
9735,plan_09735,10119,train,1603
9736,plan_09736,10120,train,1047
9737,plan_09737,10121,train,13565
9738,plan_09738,10122,train,4011
9739,plan_09739,10123,train,9429
9740,plan_09740,10124,train,9802
9741,plan_09741,10125,train,8668
9742,plan_09742,10126,train,12419
9743,plan_09743,10127,train,13946
9744,plan_09744,10128,train,6311
9745,plan_09745,10129,train,8735
9746,plan_09746,10130,train,12516
9747,plan_09747,10131,train,5332
9748,plan_09748,10132,train,8044
9749,plan_09749,10133,train,11990
9750,plan_09750,10134,train,11980
9751,plan_09751,10135,train,6982
9752,plan_09752,10136,train,7909
9753,plan_09753,10137,train,2071
9754,plan_09754,10138,train,4949
9755,plan_09755,10139,train,8718
9756,plan_09756,10140,train,1790
9757,plan_09757,10141,train,9080
9758,plan_09758,10142,test,1610
9759,plan_09759,10143,train,11884
9760,plan_09760,10144,train,1064
9761,plan_09761,10145,train,12626
9762,plan_09762,10146,train,14089
9763,plan_09763,10147,train,637
9764,plan_09764,10148,train,6492
9765,plan_09765,10149,train,11011
9766,plan_09766,10150,train,2488
9767,plan_09767,10151,train,13259
9768,plan_09768,10152,train,3250
9769,plan_09769,10153,train,7333
9770,plan_09770,10154,train,14261
9771,plan_09771,10155,train,203
9772,plan_09772,10156,train,1701
9773,plan_09773,10157,train,6471
9774,plan_09774,10158,test,2156
9775,plan_09775,10159,train,9569
9776,plan_09776,10160,train,13709
9777,plan_09777,10161,train,6648
9778,plan_09778,10162,train,5417
9779,plan_09779,10163,train,1736
9780,plan_09780,10164,train,12282
9781,plan_09781,10165,test,1944
9782,plan_09782,10166,train,1794
9783,plan_09783,10167,train,11969
9784,plan_09784,10168,train,8158
9785,plan_09785,10169,test,454
9786,plan_09786,10170,train,1142
9787,plan_09787,10171,train,9481
9788,plan_09788,10172,train,8524
9789,plan_09789,10173,train,3055
9790,plan_09790,10174,train,8173
9791,plan_09791,10175,train,1543
9792,plan_09792,10176,train,9842
9793,plan_09793,10177,train,13593
9794,plan_09794,10178,train,6310
9795,plan_09795,10179,train,10957
9796,plan_09796,10180,train,5302
9797,plan_09797,10181,train,3340
9798,plan_09798,10182,train,11482
9799,plan_09799,10183,train,5177
9800,plan_09800,10184,train,5513
9801,plan_09801,10185,train,14422
9802,plan_09802,10186,train,12535
9803,plan_09803,10187,train,331
9804,plan_09804,10188,train,11398
9805,plan_09805,10189,train,13716
9806,plan_09806,10190,train,1259
9807,plan_09807,10191,train,1833
9808,plan_09808,10192,train,8151
9809,plan_09809,10193,train,802
9810,plan_09810,10194,train,13196
9811,plan_09811,10195,train,5707
9812,plan_09812,10196,train,4636
9813,plan_09813,10197,test,2387
9814,plan_09814,10198,train,8047
9815,plan_09815,10199,train,11264
9816,plan_09816,10200,train,8672
9817,plan_09817,10201,train,4853
9818,plan_09818,10202,train,6767
9819,plan_09819,10203,train,1692
9820,plan_09820,10204,test,1218
9821,plan_09821,10205,train,610
9822,plan_09822,10206,train,8829
9823,plan_09823,10207,train,12765
9824,plan_09824,10208,train,3211
9825,plan_09825,10209,train,2795
9826,plan_09826,10210,test,1967
9827,plan_09827,10211,train,5556
9828,plan_09828,10212,train,801
9829,plan_09829,10214,train,8703
9830,plan_09830,10215,train,3670
9831,plan_09831,10216,train,8896
9832,plan_09832,10217,train,10051
9833,plan_09833,10218,train,673
9834,plan_09834,10219,train,13038
9835,plan_09835,10220,train,13007
9836,plan_09836,10221,train,4174
9837,plan_09837,10222,test,860
9838,plan_09838,10223,test,1183
9839,plan_09839,10224,train,4493
9840,plan_09840,10226,test,1131
9841,plan_09841,10227,train,9188
9842,plan_09842,10228,train,8384
9843,plan_09843,10229,train,7875
9844,plan_09844,10230,train,10004
9845,plan_09845,10231,train,6948
9846,plan_09846,10232,train,8650
9847,plan_09847,10233,train,1334
9848,plan_09848,10234,test,272
9849,plan_09849,10235,train,6476
9850,plan_09850,10236,train,11816
9851,plan_09851,10237,test,441
9852,plan_09852,10238,train,11755
9853,plan_09853,10239,train,13305
9854,plan_09854,10241,train,3366
9855,plan_09855,10242,train,13118
9856,plan_09856,10243,train,6617
9857,plan_09857,10244,test,2452
9858,plan_09858,10245,train,5585
9859,plan_09859,10246,train,9587
9860,plan_09860,10247,train,12718
9861,plan_09861,10248,train,299
9862,plan_09862,10249,train,4221
9863,plan_09863,10250,train,13212
9864,plan_09864,10251,train,5948
9865,plan_09865,10252,train,9201
9866,plan_09866,10253,train,1666
9867,plan_09867,10254,test,416
9868,plan_09868,10255,train,1380
9869,plan_09869,10256,train,11783
9870,plan_09870,10257,test,1883
9871,plan_09871,10258,test,1781
9872,plan_09872,10259,train,10139
9873,plan_09873,10260,train,1949
9874,plan_09874,10261,train,5611
9875,plan_09875,10262,train,13510
9876,plan_09876,10263,train,10764
9877,plan_09877,10264,test,1661
9878,plan_09878,10265,train,2681
9879,plan_09879,10266,train,5325
9880,plan_09880,10267,train,14028
9881,plan_09881,10268,train,12152
9882,plan_09882,10269,train,4656
9883,plan_09883,10270,train,3847
9884,plan_09884,10271,test,849
9885,plan_09885,10272,train,12440
9886,plan_09886,10273,train,12819
9887,plan_09887,10274,train,4300
9888,plan_09888,10275,test,2508
9889,plan_09889,10276,train,2995
9890,plan_09890,10277,train,4252
9891,plan_09891,10278,train,3693
9892,plan_09892,10279,train,6549
9893,plan_09893,10280,train,5236
9894,plan_09894,10281,test,937
9895,plan_09895,10282,train,12992
9896,plan_09896,10283,train,3346
9897,plan_09897,10284,train,7399
9898,plan_09898,10285,train,5253
9899,plan_09899,10286,train,11241
9900,plan_09900,10287,test,1262
9901,plan_09901,10288,train,7277
9902,plan_09902,10289,train,4741
9903,plan_09903,10290,test,2454
9904,plan_09904,10291,train,7231
9905,plan_09905,10292,train,4930
9906,plan_09906,10293,train,14256
9907,plan_09907,10294,test,782
9908,plan_09908,10295,train,9503
9909,plan_09909,10296,train,4222
9910,plan_09910,10297,train,12760
9911,plan_09911,10298,train,975
9912,plan_09912,10299,train,549
9913,plan_09913,10300,test,255
9914,plan_09914,10301,train,8071
9915,plan_09915,10302,train,1504
9916,plan_09916,10303,train,874
9917,plan_09917,10304,train,7874
9918,plan_09918,10305,train,8910
9919,plan_09919,10306,train,8706
9920,plan_09920,10307,train,2922
9921,plan_09921,10308,train,9940
9922,plan_09922,10309,train,6153
9923,plan_09923,10310,train,10883
9924,plan_09924,10311,train,4282
9925,plan_09925,10312,train,1506
9926,plan_09926,10313,train,12656
9927,plan_09927,10314,test,1204
9928,plan_09928,10315,train,11159
9929,plan_09929,10316,train,7460
9930,plan_09930,10317,train,10783
9931,plan_09931,10318,train,13414
9932,plan_09932,10319,train,4365
9933,plan_09933,10320,train,6295
9934,plan_09934,10321,train,5255
9935,plan_09935,10322,train,3183
9936,plan_09936,10323,train,3749
9937,plan_09937,10324,train,1092
9938,plan_09938,10325,train,12257
9939,plan_09939,10326,test,647
9940,plan_09940,10327,train,1136
9941,plan_09941,10328,train,13536
9942,plan_09942,10329,train,4753
9943,plan_09943,10330,train,8065
9944,plan_09944,10331,train,3586
9945,plan_09945,10332,train,12044
9946,plan_09946,10333,train,8957
9947,plan_09947,10334,train,4240
9948,plan_09948,10335,test,2208
9949,plan_09949,10336,train,5282
9950,plan_09950,10338,train,13725
9951,plan_09951,10339,train,5765
9952,plan_09952,10340,train,12498
9953,plan_09953,10341,train,4351
9954,plan_09954,10342,train,14172
9955,plan_09955,10343,train,146
9956,plan_09956,10344,train,901
9957,plan_09957,10345,train,2290
9958,plan_09958,10346,train,8175
9959,plan_09959,10347,test,1762
9960,plan_09960,10348,train,1446
9961,plan_09961,10349,train,12523
9962,plan_09962,10350,train,13794
9963,plan_09963,10351,train,3901
9964,plan_09964,10352,train,4069
9965,plan_09965,10353,train,3880
9966,plan_09966,10354,test,748
9967,plan_09967,10355,train,7511
9968,plan_09968,10356,test,2278
9969,plan_09969,10357,train,4841
9970,plan_09970,10358,train,7530
9971,plan_09971,10359,train,6353
9972,plan_09972,10360,test,2176
9973,plan_09973,10361,train,8080
9974,plan_09974,10362,train,572
9975,plan_09975,10363,train,5132
9976,plan_09976,10364,test,1991
9977,plan_09977,10365,test,2429
9978,plan_09978,10366,test,1049
9979,plan_09979,10367,train,14255
9980,plan_09980,10368,train,11303
9981,plan_09981,10369,train,11459
9982,plan_09982,10370,train,9069
9983,plan_09983,10371,train,312
9984,plan_09984,10372,train,2960
9985,plan_09985,10373,train,14398
9986,plan_09986,10374,test,2441
9987,plan_09987,10375,train,13581
9988,plan_09988,10376,train,10287
9989,plan_09989,10377,train,13079
9990,plan_09990,10378,train,8049
9991,plan_09991,10379,train,394
9992,plan_09992,10380,train,1968
9993,plan_09993,10381,train,10050
9994,plan_09994,10382,train,865
9995,plan_09995,10383,train,8811
9996,plan_09996,10384,train,2636
9997,plan_09997,10385,train,2810
9998,plan_09998,10386,train,7093
9999,plan_09999,10387,test,2274
10000,plan_10000,10390,train,12451
10001,plan_10001,10391,test,2456
10002,plan_10002,10392,train,11454
10003,plan_10003,10393,train,8971
10004,plan_10004,10394,train,462
10005,plan_10005,10395,test,177
10006,plan_10006,10396,train,863
10007,plan_10007,10397,train,13250
10008,plan_10008,10398,train,2877
10009,plan_10009,10399,train,5289
10010,plan_10010,10400,train,8662
10011,plan_10011,10401,train,7572
10012,plan_10012,10402,train,4224
10013,plan_10013,10403,train,12600
10014,plan_10014,10404,train,10921
10015,plan_10015,10405,train,7099
10016,plan_10016,10406,train,7096
10017,plan_10017,10407,train,13178
10018,plan_10018,10408,train,7035
10019,plan_10019,10409,test,642
10020,plan_10020,10410,train,958
10021,plan_10021,10411,test,182
10022,plan_10022,10412,train,2550
10023,plan_10023,10413,train,1376
10024,plan_10024,10414,test,509
10025,plan_10025,10415,train,9356
10026,plan_10026,10416,train,137
10027,plan_10027,10417,train,6413
10028,plan_10028,10418,train,6758
10029,plan_10029,10419,train,1095
10030,plan_10030,10420,train,6776
10031,plan_10031,10421,train,14286
10032,plan_10032,10422,train,13862
10033,plan_10033,10423,train,13861
10034,plan_10034,10424,train,9241
10035,plan_10035,10425,train,747
10036,plan_10036,10426,test,243
10037,plan_10037,10427,train,3268
10038,plan_10038,10428,train,12213
10039,plan_10039,10429,train,9176
10040,plan_10040,10430,test,690
10041,plan_10041,10431,train,4720
10042,plan_10042,10432,train,12770
10043,plan_10043,10433,train,2269
10044,plan_10044,10434,train,4110
10045,plan_10045,10435,train,11599
10046,plan_10046,10436,train,5776
10047,plan_10047,10437,test,1603
10048,plan_10048,10438,train,6193
10049,plan_10049,10439,train,1800
10050,plan_10050,10440,train,2847
10051,plan_10051,10441,train,10578
10052,plan_10052,10442,train,11300
10053,plan_10053,10443,train,1654
10054,plan_10054,10444,train,7818
10055,plan_10055,10446,train,13339
10056,plan_10056,10447,train,7698
10057,plan_10057,10448,train,6269
10058,plan_10058,10450,train,14308
10059,plan_10059,10451,train,13040
10060,plan_10060,10452,train,1357
10061,plan_10061,10453,train,5938
10062,plan_10062,10454,train,1163
10063,plan_10063,10455,train,2824
10064,plan_10064,10456,test,1462
10065,plan_10065,10458,train,6741
10066,plan_10066,10459,train,641
10067,plan_10067,10460,test,1378
10068,plan_10068,10461,train,8993
10069,plan_10069,10462,train,41
10070,plan_10070,10463,train,6100
10071,plan_10071,10464,train,5396
10072,plan_10072,10465,train,5540
10073,plan_10073,10466,train,10214
10074,plan_10074,10467,train,5639
10075,plan_10075,10468,train,7604
10076,plan_10076,10469,train,7519
10077,plan_10077,10470,train,2027
10078,plan_10078,10471,train,10653
10079,plan_10079,10472,train,12055
10080,plan_10080,10473,train,1439
10081,plan_10081,10474,train,2684
10082,plan_10082,10475,train,1303
10083,plan_10083,10476,train,934
10084,plan_10084,10477,train,7679
10085,plan_10085,10478,train,12799
10086,plan_10086,10479,train,4290
10087,plan_10087,10480,train,6614
10088,plan_10088,10481,train,11894
10089,plan_10089,10482,train,9692
10090,plan_10090,10485,train,3320
10091,plan_10091,10486,test,728
10092,plan_10092,10487,train,4450
10093,plan_10093,10488,train,4202
10094,plan_10094,10489,train,7203
10095,plan_10095,10490,train,12738
10096,plan_10096,10491,train,12020
10097,plan_10097,10492,test,218
10098,plan_10098,10493,train,1456
10099,plan_10099,10494,train,3736
10100,plan_10100,10495,train,4212
10101,plan_10101,10496,train,7175
10102,plan_10102,10497,train,2807
10103,plan_10103,10498,train,1572
10104,plan_10104,10499,train,373
10105,plan_10105,10500,train,3627
10106,plan_10106,10501,train,4328
10107,plan_10107,10502,test,983
10108,plan_10108,10503,train,12186
10109,plan_10109,10504,train,6429
10110,plan_10110,10505,train,14345
10111,plan_10111,10506,train,5057
10112,plan_10112,10507,train,1640
10113,plan_10113,10508,train,2505
10114,plan_10114,10509,train,7628
10115,plan_10115,10510,train,8673
10116,plan_10116,10511,train,2667
10117,plan_10117,10512,train,12178
10118,plan_10118,10513,train,3355
10119,plan_10119,10514,train,12147
10120,plan_10120,10515,test,405
10121,plan_10121,10516,train,8487
10122,plan_10122,10517,test,498
10123,plan_10123,10518,train,8000
10124,plan_10124,10519,train,6490
10125,plan_10125,10520,train,5143
10126,plan_10126,10521,train,2852
10127,plan_10127,10522,train,7094
10128,plan_10128,10523,test,851
10129,plan_10129,10524,test,382
10130,plan_10130,10525,test,1511
10131,plan_10131,10526,train,13155
10132,plan_10132,10527,train,9509
10133,plan_10133,10528,train,800
10134,plan_10134,10529,train,5652
10135,plan_10135,10530,train,3559
10136,plan_10136,10531,train,6631
10137,plan_10137,10532,test,1152
10138,plan_10138,10533,train,2760
10139,plan_10139,10534,train,9328
10140,plan_10140,10535,train,6214
10141,plan_10141,10536,train,442
10142,plan_10142,10537,train,13811
10143,plan_10143,10538,train,9562
10144,plan_10144,10539,train,1088
10145,plan_10145,10540,train,1906
10146,plan_10146,10541,train,6987
10147,plan_10147,10542,train,12705
10148,plan_10148,10543,train,6416
10149,plan_10149,10544,test,1338
10150,plan_10150,10545,train,12300
10151,plan_10151,10546,train,11310
10152,plan_10152,10547,train,7996
10153,plan_10153,10548,train,12469
10154,plan_10154,10549,test,2123
10155,plan_10155,10550,train,10032
10156,plan_10156,10551,train,8591
10157,plan_10157,10552,train,2594
10158,plan_10158,10553,train,7225
10159,plan_10159,10554,train,9074
10160,plan_10160,10555,test,2034
10161,plan_10161,10556,test,1336
10162,plan_10162,10557,train,10209
10163,plan_10163,10558,test,1676
10164,plan_10164,10559,train,2204
10165,plan_10165,10560,train,3450
10166,plan_10166,10561,train,503
10167,plan_10167,10562,train,4385
10168,plan_10168,10563,train,4443
10169,plan_10169,10564,train,11865
10170,plan_10170,10565,train,1901
10171,plan_10171,10567,train,10608
10172,plan_10172,10568,test,63
10173,plan_10173,10569,train,12593
10174,plan_10174,10570,train,11038
10175,plan_10175,10571,test,1319
10176,plan_10176,10572,train,14178
10177,plan_10177,10573,train,13429
10178,plan_10178,10574,train,5488
10179,plan_10179,10575,train,4730
10180,plan_10180,10576,train,1437
10181,plan_10181,10577,test,608
10182,plan_10182,10578,test,1528
10183,plan_10183,10579,train,14142
10184,plan_10184,10580,train,1763
10185,plan_10185,10581,train,12629
10186,plan_10186,10582,train,7185
10187,plan_10187,10583,train,13837
10188,plan_10188,10584,train,13185
10189,plan_10189,10585,train,4959
10190,plan_10190,10586,train,8321
10191,plan_10191,10587,train,2548
10192,plan_10192,10588,test,1449
10193,plan_10193,10589,train,10374
10194,plan_10194,10590,train,7381
10195,plan_10195,10591,train,2962
10196,plan_10196,10592,train,3151
10197,plan_10197,10593,test,1194
10198,plan_10198,10594,train,12773
10199,plan_10199,10595,train,12290
10200,plan_10200,10596,train,8782
10201,plan_10201,10597,test,1109
10202,plan_10202,10598,train,13059
10203,plan_10203,10599,train,14293
10204,plan_10204,10600,train,11504
10205,plan_10205,10601,train,4599
10206,plan_10206,10602,train,4112
10207,plan_10207,10603,train,5583
10208,plan_10208,10604,train,3861
10209,plan_10209,10605,train,12080
10210,plan_10210,10606,train,10089
10211,plan_10211,10607,train,14356
10212,plan_10212,10608,train,1738
10213,plan_10213,10609,train,10413
10214,plan_10214,10610,train,13589
10215,plan_10215,10611,train,8589
10216,plan_10216,10612,train,8661
10217,plan_10217,10613,test,1011
10218,plan_10218,10614,train,11822
10219,plan_10219,10615,test,497
10220,plan_10220,10616,train,12312
10221,plan_10221,10617,test,1001
10222,plan_10222,10618,train,5710
10223,plan_10223,10619,train,12148
10224,plan_10224,10620,train,8913
10225,plan_10225,10621,train,298
10226,plan_10226,10622,train,10142
10227,plan_10227,10623,train,1943
10228,plan_10228,10624,train,326
10229,plan_10229,10625,train,2786
10230,plan_10230,10626,train,5996
10231,plan_10231,10627,test,1808
10232,plan_10232,10628,train,858
10233,plan_10233,10629,train,10489
10234,plan_10234,10630,train,13788
10235,plan_10235,10631,train,5783
10236,plan_10236,10632,train,2761
10237,plan_10237,10633,train,6015
10238,plan_10238,10634,train,7673
10239,plan_10239,10635,train,4761
10240,plan_10240,10636,train,3824
10241,plan_10241,10637,train,1870
10242,plan_10242,10638,train,917
10243,plan_10243,10639,test,165
10244,plan_10244,10640,test,303
10245,plan_10245,10641,train,954
10246,plan_10246,10642,train,11249
10247,plan_10247,10643,train,8866
10248,plan_10248,10644,train,12453
10249,plan_10249,10645,train,5739
10250,plan_10250,10646,train,1660
10251,plan_10251,10647,train,9847
10252,plan_10252,10648,train,2812
10253,plan_10253,10649,train,9625
10254,plan_10254,10650,train,12157
10255,plan_10255,10651,train,7405
10256,plan_10256,10652,train,1208
10257,plan_10257,10653,train,2194
10258,plan_10258,10654,train,7518
10259,plan_10259,10655,train,1658
10260,plan_10260,10656,train,7103
10261,plan_10261,10657,test,1163
10262,plan_10262,10658,train,11399
10263,plan_10263,10659,train,13733
10264,plan_10264,10660,train,450
10265,plan_10265,10661,train,8647
10266,plan_10266,10662,train,6909
10267,plan_10267,10663,test,1018
10268,plan_10268,10664,test,2163
10269,plan_10269,10665,train,1851
10270,plan_10270,10666,train,1960
10271,plan_10271,10667,train,8091
10272,plan_10272,10668,train,17
10273,plan_10273,10669,train,337
10274,plan_10274,10670,train,12639
10275,plan_10275,10671,test,2133
10276,plan_10276,10672,train,8494
10277,plan_10277,10673,train,2586
10278,plan_10278,10674,train,7854
10279,plan_10279,10675,test,385
10280,plan_10280,10676,train,3448
10281,plan_10281,10677,test,1390
10282,plan_10282,10678,train,12983
10283,plan_10283,10679,train,10197
10284,plan_10284,10680,train,12271
10285,plan_10285,10681,train,5771
10286,plan_10286,10682,train,11995
10287,plan_10287,10683,train,5978
10288,plan_10288,10684,train,14319
10289,plan_10289,10685,test,1376
10290,plan_10290,10686,train,367
10291,plan_10291,10687,train,7303
10292,plan_10292,10688,train,9127
10293,plan_10293,10689,test,2499
10294,plan_10294,10690,train,9955
10295,plan_10295,10691,train,7763
10296,plan_10296,10692,test,1036
10297,plan_10297,10693,train,2213
10298,plan_10298,10694,train,10040
10299,plan_10299,10695,train,9294
10300,plan_10300,10696,train,12812
10301,plan_10301,10697,train,11883
10302,plan_10302,10698,train,2771
10303,plan_10303,10700,train,5622
10304,plan_10304,10701,train,3902
10305,plan_10305,10702,train,10523
10306,plan_10306,10703,train,826
10307,plan_10307,10704,train,8441
10308,plan_10308,10705,test,2268
10309,plan_10309,10706,train,8813
10310,plan_10310,10707,train,885
10311,plan_10311,10708,train,6543
10312,plan_10312,10709,train,674
10313,plan_10313,10710,train,3418
10314,plan_10314,10711,train,4616
10315,plan_10315,10712,train,7542
10316,plan_10316,10713,train,8705
10317,plan_10317,10714,train,9333
10318,plan_10318,10715,train,5293
10319,plan_10319,10716,test,2269
10320,plan_10320,10717,test,1372
10321,plan_10321,10718,train,1537
10322,plan_10322,10719,test,504
10323,plan_10323,10720,train,1062
10324,plan_10324,10721,train,5432
10325,plan_10325,10722,train,7272
10326,plan_10326,10723,train,11326
10327,plan_10327,10724,train,222
10328,plan_10328,10725,train,3793
10329,plan_10329,10726,train,10540
10330,plan_10330,10727,train,7636
10331,plan_10331,10728,train,12027
10332,plan_10332,10729,train,13831
10333,plan_10333,10730,train,7571
10334,plan_10334,10731,train,3052
10335,plan_10335,10732,train,4617
10336,plan_10336,10733,train,10573
10337,plan_10337,10734,train,809
10338,plan_10338,10735,train,12845
10339,plan_10339,10736,train,1268
10340,plan_10340,10737,train,10058
10341,plan_10341,10738,train,5883
10342,plan_10342,10739,train,4977
10343,plan_10343,10740,train,7781
10344,plan_10344,10741,train,1641
10345,plan_10345,10742,train,1143
10346,plan_10346,10743,test,1696
10347,plan_10347,10744,test,1940
10348,plan_10348,10745,train,652
10349,plan_10349,10746,train,246
10350,plan_10350,10747,test,260
10351,plan_10351,10748,test,2519
10352,plan_10352,10749,train,6259
10353,plan_10353,10750,train,1099
10354,plan_10354,10751,train,10086
10355,plan_10355,10752,train,7882
10356,plan_10356,10753,train,5328
10357,plan_10357,10754,train,14380
10358,plan_10358,10755,test,1730
10359,plan_10359,10756,train,14223
10360,plan_10360,10757,train,3246
10361,plan_10361,10758,test,2056
10362,plan_10362,10759,train,10020
10363,plan_10363,10760,train,9192
10364,plan_10364,10761,train,10311
10365,plan_10365,10762,train,7009
10366,plan_10366,10763,test,2109
10367,plan_10367,10764,train,2878
10368,plan_10368,10765,train,11006
10369,plan_10369,10766,train,776
10370,plan_10370,10767,train,14310
10371,plan_10371,10768,train,10927
10372,plan_10372,10769,train,9888
10373,plan_10373,10770,train,3267
10374,plan_10374,10771,train,11756
10375,plan_10375,10772,train,13323
10376,plan_10376,10773,train,7177
10377,plan_10377,10774,train,914
10378,plan_10378,10775,train,10368
10379,plan_10379,10776,train,10830
10380,plan_10380,10777,train,7547
10381,plan_10381,10778,train,4654
10382,plan_10382,10779,train,1715
10383,plan_10383,10780,train,8995
10384,plan_10384,10781,train,7481
10385,plan_10385,10782,train,12683
10386,plan_10386,10783,train,4708
10387,plan_10387,10784,train,2739
10388,plan_10388,10785,train,129
10389,plan_10389,10786,train,5155
10390,plan_10390,10787,train,2671
10391,plan_10391,10788,test,971
10392,plan_10392,10789,train,13258
10393,plan_10393,10790,train,11110
10394,plan_10394,10791,train,13483
10395,plan_10395,10792,train,9768
10396,plan_10396,10793,train,8709
10397,plan_10397,10794,test,2079
10398,plan_10398,10795,train,13211
10399,plan_10399,10796,test,92
10400,plan_10400,10797,train,5175
10401,plan_10401,10798,test,2348
10402,plan_10402,10799,train,6121
10403,plan_10403,10800,train,7514
10404,plan_10404,10801,train,9340
10405,plan_10405,10802,test,2518
10406,plan_10406,10803,train,5880
10407,plan_10407,10804,test,2028
10408,plan_10408,10805,test,2170
10409,plan_10409,10806,train,9732
10410,plan_10410,10807,train,13063
10411,plan_10411,10808,train,12212
10412,plan_10412,10809,train,10897
10413,plan_10413,10810,test,1128
10414,plan_10414,10811,train,12958
10415,plan_10415,10812,train,497
10416,plan_10416,10813,test,1418
10417,plan_10417,10814,train,13356
10418,plan_10418,10815,train,1405
10419,plan_10419,10816,train,3806
10420,plan_10420,10817,train,2187
10421,plan_10421,10818,train,2792
10422,plan_10422,10819,train,7245
10423,plan_10423,10820,train,1180
10424,plan_10424,10821,train,7616
10425,plan_10425,10822,test,374
10426,plan_10426,10823,train,12066
10427,plan_10427,10824,train,8037
10428,plan_10428,10825,train,11272
10429,plan_10429,10826,train,12517
10430,plan_10430,10827,train,10751
10431,plan_10431,10828,train,1559
10432,plan_10432,10829,train,4159
10433,plan_10433,10830,train,5449
10434,plan_10434,10831,train,11874
10435,plan_10435,10832,train,1164
10436,plan_10436,10833,train,12892
10437,plan_10437,10834,test,1195
10438,plan_10438,10835,test,1394
10439,plan_10439,10836,train,7057
10440,plan_10440,10837,train,11470
10441,plan_10441,10838,test,993
10442,plan_10442,10839,train,9042
10443,plan_10443,10840,train,9411
10444,plan_10444,10841,train,5668
10445,plan_10445,10842,train,7020
10446,plan_10446,10843,train,8142
10447,plan_10447,10844,train,7415
10448,plan_10448,10845,train,13944
10449,plan_10449,10846,train,10466
10450,plan_10450,10847,train,8547
10451,plan_10451,10848,train,7550
10452,plan_10452,10849,train,8742
10453,plan_10453,10850,test,2277
10454,plan_10454,10851,train,6956
10455,plan_10455,10852,train,6578
10456,plan_10456,10853,train,11674
10457,plan_10457,10854,train,11491
10458,plan_10458,10855,train,3748
10459,plan_10459,10856,test,2198
10460,plan_10460,10857,test,93
10461,plan_10461,10858,train,13706
10462,plan_10462,10859,train,13460
10463,plan_10463,10860,train,13198
10464,plan_10464,10861,train,5275
10465,plan_10465,10862,train,6636
10466,plan_10466,10863,train,7475
10467,plan_10467,10864,test,2107
10468,plan_10468,10865,train,5343
10469,plan_10469,10866,train,3721
10470,plan_10470,10867,train,9678
10471,plan_10471,10868,train,10808
10472,plan_10472,10869,train,11227
10473,plan_10473,10870,test,663
10474,plan_10474,10871,test,1343
10475,plan_10475,10872,train,2454
10476,plan_10476,10873,train,12742
10477,plan_10477,10874,train,10234
10478,plan_10478,10875,test,1430
10479,plan_10479,10876,train,11078
10480,plan_10480,10877,train,7792
10481,plan_10481,10878,test,1175
10482,plan_10482,10879,train,13810
10483,plan_10483,10880,train,12691
10484,plan_10484,10881,train,9350
10485,plan_10485,10882,train,2508
10486,plan_10486,10883,train,4544
10487,plan_10487,10884,train,13957
10488,plan_10488,10885,train,7653
10489,plan_10489,10886,train,14352
10490,plan_10490,10887,train,5664
10491,plan_10491,10888,train,9696
10492,plan_10492,10889,train,2790
10493,plan_10493,10890,train,5852
10494,plan_10494,10891,train,11298
10495,plan_10495,10892,train,10902
10496,plan_10496,10893,train,10548
10497,plan_10497,10894,test,2418
10498,plan_10498,10895,train,5974
10499,plan_10499,10896,test,1391
10500,plan_10500,10897,train,6007
10501,plan_10501,10898,train,4633
10502,plan_10502,10899,train,11871
10503,plan_10503,10900,train,4629
10504,plan_10504,10901,train,5119
10505,plan_10505,10902,train,7307
10506,plan_10506,10903,train,12415
10507,plan_10507,10904,train,1345
10508,plan_10508,10905,train,5856
10509,plan_10509,10906,test,670
10510,plan_10510,10907,train,957
10511,plan_10511,10908,test,1014
10512,plan_10512,10909,train,6848
10513,plan_10513,10910,train,7443
10514,plan_10514,10911,test,439
10515,plan_10515,10912,train,6216
10516,plan_10516,10913,train,5192
10517,plan_10517,10914,train,11370
10518,plan_10518,10915,train,9097
10519,plan_10519,10916,train,2893
10520,plan_10520,10917,test,2535
10521,plan_10521,10918,train,8579
10522,plan_10522,10919,train,8944
10523,plan_10523,10920,train,7566
10524,plan_10524,10921,train,12832
10525,plan_10525,10922,train,5077
10526,plan_10526,10923,test,841
10527,plan_10527,10924,train,9812
10528,plan_10528,10925,train,1286
10529,plan_10529,10926,train,10765
10530,plan_10530,10927,test,1355
10531,plan_10531,10928,train,2450
10532,plan_10532,10929,train,5580
10533,plan_10533,10930,train,7574
10534,plan_10534,10931,train,2250
10535,plan_10535,10932,train,862
10536,plan_10536,10933,train,6056
10537,plan_10537,10934,train,11197
10538,plan_10538,10935,train,13119
10539,plan_10539,10936,train,3166
10540,plan_10540,10937,train,12349
10541,plan_10541,10938,train,12551
10542,plan_10542,10939,train,7984
10543,plan_10543,10940,train,11191
10544,plan_10544,10941,train,13678
10545,plan_10545,10942,train,6831
10546,plan_10546,10943,train,12392
10547,plan_10547,10944,train,10563
10548,plan_10548,10945,train,6891
10549,plan_10549,10946,train,913
10550,plan_10550,10947,train,11394
10551,plan_10551,10948,train,9106
10552,plan_10552,10949,train,4671
10553,plan_10553,10950,test,1293
10554,plan_10554,10951,train,1097
10555,plan_10555,10952,train,9427
10556,plan_10556,10953,train,3699
10557,plan_10557,10954,train,4848
10558,plan_10558,10955,train,9999
10559,plan_10559,10956,train,9771
10560,plan_10560,10957,train,13806
10561,plan_10561,10958,train,13620
10562,plan_10562,10959,test,1135
10563,plan_10563,10960,train,2837
10564,plan_10564,10961,train,7549
10565,plan_10565,10962,test,110
10566,plan_10566,10963,train,6459
10567,plan_10567,10964,train,10767
10568,plan_10568,10965,train,4143
10569,plan_10569,10966,train,2783
10570,plan_10570,10967,train,6897
10571,plan_10571,10968,train,2943
10572,plan_10572,10969,train,2420
10573,plan_10573,10970,test,1301
10574,plan_10574,10971,train,5492
10575,plan_10575,10972,train,680
10576,plan_10576,10973,train,9537
10577,plan_10577,10974,train,8026
10578,plan_10578,10975,test,2099
10579,plan_10579,10976,test,2119
10580,plan_10580,10977,train,10528
10581,plan_10581,10978,train,12619
10582,plan_10582,10979,train,12169
10583,plan_10583,10980,test,453
10584,plan_10584,10981,train,7907
10585,plan_10585,10982,train,7715
10586,plan_10586,10983,test,520
10587,plan_10587,10984,train,6553
10588,plan_10588,10985,train,10271
10589,plan_10589,10986,test,591
10590,plan_10590,10987,train,2705
10591,plan_10591,10988,train,10255
10592,plan_10592,10989,train,13027
10593,plan_10593,10990,test,994
10594,plan_10594,10991,train,3142
10595,plan_10595,10992,test,1223
10596,plan_10596,10993,train,9424
10597,plan_10597,10994,train,4121
10598,plan_10598,10995,train,1320
10599,plan_10599,10996,train,1998
10600,plan_10600,10997,train,3305
10601,plan_10601,10998,train,13145
10602,plan_10602,10999,train,64
10603,plan_10603,11000,test,2471
10604,plan_10604,11001,train,4598
10605,plan_10605,11002,train,12026
10606,plan_10606,11003,train,9889
10607,plan_10607,11004,train,1889
10608,plan_10608,11005,test,1263
10609,plan_10609,11006,train,12366
10610,plan_10610,11007,train,13383
10611,plan_10611,11008,train,12494
10612,plan_10612,11009,train,14418
10613,plan_10613,11010,train,9338
10614,plan_10614,11011,test,2158
10615,plan_10615,11012,train,13881
10616,plan_10616,11013,test,2262
10617,plan_10617,11014,train,5374
10618,plan_10618,11015,train,6781
10619,plan_10619,11016,test,2129
10620,plan_10620,11017,test,1955
10621,plan_10621,11018,train,13872
10622,plan_10622,11019,train,12828
10623,plan_10623,11020,train,12995
10624,plan_10624,11021,train,7727
10625,plan_10625,11022,train,2763
10626,plan_10626,11023,train,3872
10627,plan_10627,11024,train,754
10628,plan_10628,11025,test,2489
10629,plan_10629,11026,test,1333
10630,plan_10630,11027,train,6722
10631,plan_10631,11028,test,805
10632,plan_10632,11029,train,8189
10633,plan_10633,11030,train,3747
10634,plan_10634,11031,train,8663
10635,plan_10635,11032,train,3138
10636,plan_10636,11033,test,1552
10637,plan_10637,11034,train,9772
10638,plan_10638,11035,train,7968
10639,plan_10639,11036,train,11643
10640,plan_10640,11037,train,7260
10641,plan_10641,11038,train,14
10642,plan_10642,11039,train,1240
10643,plan_10643,11040,train,8211
10644,plan_10644,11041,train,2491
10645,plan_10645,11042,train,8634
10646,plan_10646,11043,train,6945
10647,plan_10647,11044,train,93
10648,plan_10648,11045,train,8051
10649,plan_10649,11046,train,606
10650,plan_10650,11047,test,2082
10651,plan_10651,11048,train,1265
10652,plan_10652,11049,train,4247
10653,plan_10653,11050,test,226
10654,plan_10654,11051,train,14077
10655,plan_10655,11052,train,5936
10656,plan_10656,11053,test,317
10657,plan_10657,11054,train,5528
10658,plan_10658,11055,train,2648
10659,plan_10659,11056,train,1235
10660,plan_10660,11057,train,10510
10661,plan_10661,11058,train,13268
10662,plan_10662,11059,train,4325
10663,plan_10663,11060,train,12036
10664,plan_10664,11061,train,8541
10665,plan_10665,11062,train,6976
10666,plan_10666,11063,test,2449
10667,plan_10667,11064,train,11765
10668,plan_10668,11065,train,13260
10669,plan_10669,11066,train,3629
10670,plan_10670,11067,train,12424
10671,plan_10671,11068,train,4359
10672,plan_10672,11069,test,154
10673,plan_10673,11070,train,5322
10674,plan_10674,11071,train,12850
10675,plan_10675,11072,train,3205
10676,plan_10676,11073,train,6139
10677,plan_10677,11074,train,440
10678,plan_10678,11075,train,11902
10679,plan_10679,11076,train,12255
10680,plan_10680,11077,train,6502
10681,plan_10681,11078,train,2174
10682,plan_10682,11079,train,6935
10683,plan_10683,11080,train,12090
10684,plan_10684,11081,train,12816
10685,plan_10685,11082,train,12009
10686,plan_10686,11083,train,13241
10687,plan_10687,11084,train,3108
10688,plan_10688,11085,train,11135
10689,plan_10689,11086,train,7557
10690,plan_10690,11087,train,7646
10691,plan_10691,11088,train,6034
10692,plan_10692,11089,train,5658
10693,plan_10693,11090,test,1976
10694,plan_10694,11091,train,2199
10695,plan_10695,11092,train,14112
10696,plan_10696,11093,train,739
10697,plan_10697,11094,train,4438
10698,plan_10698,11095,train,1375
10699,plan_10699,11096,train,12631
10700,plan_10700,11097,train,9299
10701,plan_10701,11098,train,1971
10702,plan_10702,11099,train,21
10703,plan_10703,11100,train,12553
10704,plan_10704,11101,train,2338
10705,plan_10705,11102,train,11494
10706,plan_10706,11103,train,58
10707,plan_10707,11104,train,1684
10708,plan_10708,11105,train,6315
10709,plan_10709,11106,test,380
10710,plan_10710,11107,train,1891
10711,plan_10711,11108,train,14104
10712,plan_10712,11109,train,4890
10713,plan_10713,11110,train,13194
10714,plan_10714,11111,train,99
10715,plan_10715,11112,train,10026
10716,plan_10716,11113,train,12917
10717,plan_10717,11114,train,14145
10718,plan_10718,11115,train,7852
10719,plan_10719,11116,test,143
10720,plan_10720,11117,train,3865
10721,plan_10721,11118,train,9089
10722,plan_10722,11119,train,6913
10723,plan_10723,11120,train,6544
10724,plan_10724,11121,train,5874
10725,plan_10725,11122,test,90
10726,plan_10726,11123,train,12839
10727,plan_10727,11124,test,1282
10728,plan_10728,11125,train,11593
10729,plan_10729,11126,train,2276
10730,plan_10730,11127,train,14064
10731,plan_10731,11128,train,11163
10732,plan_10732,11129,train,2613
10733,plan_10733,11130,train,5102
10734,plan_10734,11131,test,712
10735,plan_10735,11132,train,3995
10736,plan_10736,11133,test,1238
10737,plan_10737,11134,train,10592
10738,plan_10738,11135,test,1198
10739,plan_10739,11136,test,1550
10740,plan_10740,11137,train,758
10741,plan_10741,11138,train,10423
10742,plan_10742,11139,train,3999
10743,plan_10743,11140,train,9580
10744,plan_10744,11141,train,13550
10745,plan_10745,11142,test,582
10746,plan_10746,11143,train,5381
10747,plan_10747,11144,train,8001
10748,plan_10748,11145,train,7051
10749,plan_10749,11146,train,12768
10750,plan_10750,11147,train,5264
10751,plan_10751,11148,train,9386
10752,plan_10752,11149,train,9336
10753,plan_10753,11150,train,1107
10754,plan_10754,11151,train,8679
10755,plan_10755,11152,train,9915
10756,plan_10756,11153,train,7851
10757,plan_10757,11154,train,8741
10758,plan_10758,11155,test,1915
10759,plan_10759,11156,train,3084
10760,plan_10760,11157,train,6111
10761,plan_10761,11158,train,11350
10762,plan_10762,11159,train,9235
10763,plan_10763,11160,test,1181
10764,plan_10764,11161,train,12940
10765,plan_10765,11162,train,2023
10766,plan_10766,11163,train,240
10767,plan_10767,11164,train,6594
10768,plan_10768,11165,train,2368
10769,plan_10769,11166,train,10538
10770,plan_10770,11167,train,12012
10771,plan_10771,11168,train,4879
10772,plan_10772,11169,train,10679
10773,plan_10773,11170,train,13412
10774,plan_10774,11171,train,8247
10775,plan_10775,11172,test,2502
10776,plan_10776,11173,train,3722
10777,plan_10777,11174,train,6453
10778,plan_10778,11175,train,6910
10779,plan_10779,11176,train,3981
10780,plan_10780,11177,train,6011
10781,plan_10781,11178,train,7809
10782,plan_10782,11179,train,1791
10783,plan_10783,11180,train,7290
10784,plan_10784,11181,train,2990
10785,plan_10785,11182,train,1205
10786,plan_10786,11183,train,3219
10787,plan_10787,11184,train,3423
10788,plan_10788,11185,train,3314
10789,plan_10789,11186,train,11591
10790,plan_10790,11187,train,13645
10791,plan_10791,11188,test,2312
10792,plan_10792,11189,train,7540
10793,plan_10793,11190,test,1731
10794,plan_10794,11191,train,7379
10795,plan_10795,11192,train,5045
10796,plan_10796,11193,train,7038
10797,plan_10797,11194,train,5957
10798,plan_10798,11195,train,6870
10799,plan_10799,11196,train,2563
10800,plan_10800,11197,test,644
10801,plan_10801,11198,train,12131
10802,plan_10802,11199,train,8892
10803,plan_10803,11200,test,2294
10804,plan_10804,11201,train,1928
10805,plan_10805,11202,train,1934
10806,plan_10806,11203,train,1661
10807,plan_10807,11204,test,1630
10808,plan_10808,11205,train,8806
10809,plan_10809,11206,train,3099
10810,plan_10810,11207,train,7790
10811,plan_10811,11208,train,3968
10812,plan_10812,11209,train,9595
10813,plan_10813,11210,train,7714
10814,plan_10814,11211,train,491
10815,plan_10815,11212,train,12273
10816,plan_10816,11213,train,703
10817,plan_10817,11214,train,4251
10818,plan_10818,11215,train,14177
10819,plan_10819,11216,train,4501
10820,plan_10820,11217,train,5317
10821,plan_10821,11218,train,2669
10822,plan_10822,11219,test,2439
10823,plan_10823,11220,test,2442
10824,plan_10824,11221,train,7149
10825,plan_10825,11222,train,6051
10826,plan_10826,11223,train,4712
10827,plan_10827,11224,train,5559
10828,plan_10828,11225,train,11797
10829,plan_10829,11226,train,5849
10830,plan_10830,11227,test,2361
10831,plan_10831,11228,train,12059
10832,plan_10832,11229,train,5306
10833,plan_10833,11230,train,2513
10834,plan_10834,11231,train,6638
10835,plan_10835,11232,train,11411
10836,plan_10836,11233,train,11503
10837,plan_10837,11234,train,10244
10838,plan_10838,11235,train,3027
10839,plan_10839,11236,train,3578
10840,plan_10840,11237,train,4145
10841,plan_10841,11238,test,427
10842,plan_10842,11239,train,981
10843,plan_10843,11240,train,130
10844,plan_10844,11241,train,3474
10845,plan_10845,11242,train,11735
10846,plan_10846,11243,train,7819
10847,plan_10847,11244,train,12479
10848,plan_10848,11245,train,3630
10849,plan_10849,11246,train,7349
10850,plan_10850,11247,train,13822
10851,plan_10851,11248,train,3210
10852,plan_10852,11249,train,12867
10853,plan_10853,11250,test,659
10854,plan_10854,11251,train,5285
10855,plan_10855,11252,train,1678
10856,plan_10856,11253,test,2116
10857,plan_10857,11254,test,522
10858,plan_10858,11255,test,899
10859,plan_10859,11256,train,198
10860,plan_10860,11257,test,372
10861,plan_10861,11258,train,12110
10862,plan_10862,11259,train,6694
10863,plan_10863,11260,train,2663
10864,plan_10864,11261,train,13256
10865,plan_10865,11262,train,9323
10866,plan_10866,11263,train,907
10867,plan_10867,11264,train,4129
10868,plan_10868,11265,train,8297
10869,plan_10869,11266,train,4210
10870,plan_10870,11267,train,3549
10871,plan_10871,11268,train,11314
10872,plan_10872,11269,train,12861
10873,plan_10873,11270,train,4231
10874,plan_10874,11271,train,8081
10875,plan_10875,11272,test,2039
10876,plan_10876,11273,train,395
10877,plan_10877,11274,train,10136
10878,plan_10878,11275,train,1282
10879,plan_10879,11276,train,13868
10880,plan_10880,11277,train,14382
10881,plan_10881,11278,test,418
10882,plan_10882,11279,train,1120
10883,plan_10883,11280,train,6460
10884,plan_10884,11281,train,12342
10885,plan_10885,11282,test,2504
10886,plan_10886,11283,train,9219
10887,plan_10887,11284,train,3132
10888,plan_10888,11285,train,4211
10889,plan_10889,11286,train,7114
10890,plan_10890,11287,train,2571
10891,plan_10891,11288,train,12603
10892,plan_10892,11289,train,6857
10893,plan_10893,11290,train,3892
10894,plan_10894,11291,train,2215
10895,plan_10895,11292,train,13693
10896,plan_10896,11293,test,2313
10897,plan_10897,11294,train,5514
10898,plan_10898,11295,train,3217
10899,plan_10899,11296,train,2414
10900,plan_10900,11297,train,10867
10901,plan_10901,11298,train,10565
10902,plan_10902,11299,train,467
10903,plan_10903,11300,train,12281
10904,plan_10904,11301,train,13900
10905,plan_10905,11302,train,14083
10906,plan_10906,11303,train,13069
10907,plan_10907,11304,train,2749
10908,plan_10908,11305,train,2835
10909,plan_10909,11306,train,6237
10910,plan_10910,11307,train,7043
10911,plan_10911,11308,train,11773
10912,plan_10912,11309,train,10993
10913,plan_10913,11310,train,7513
10914,plan_10914,11311,train,9087
10915,plan_10915,11312,train,7935
10916,plan_10916,11313,test,590
10917,plan_10917,11314,train,11999
10918,plan_10918,11315,train,8964
10919,plan_10919,11316,train,9527
10920,plan_10920,11317,train,14174
10921,plan_10921,11318,train,13973
10922,plan_10922,11319,train,11814
10923,plan_10923,11320,train,12795
10924,plan_10924,11321,train,2406
10925,plan_10925,11322,test,2326
10926,plan_10926,11323,train,1809
10927,plan_10927,11324,train,4454
10928,plan_10928,11325,train,12763
10929,plan_10929,11326,train,13608
10930,plan_10930,11327,train,8313
10931,plan_10931,11328,train,3420
10932,plan_10932,11329,train,9570
10933,plan_10933,11330,train,9101
10934,plan_10934,11331,train,6500
10935,plan_10935,11332,test,1332
10936,plan_10936,11333,train,11489
10937,plan_10937,11334,train,8255
10938,plan_10938,11335,train,2530
10939,plan_10939,11336,train,7980
10940,plan_10940,11337,test,32
10941,plan_10941,11338,train,6540
10942,plan_10942,11339,train,13134
10943,plan_10943,11340,test,990
10944,plan_10944,11341,test,2063
10945,plan_10945,11342,train,1060
10946,plan_10946,11343,train,12406
10947,plan_10947,11344,train,5597
10948,plan_10948,11345,train,13378
10949,plan_10949,11346,train,5444
10950,plan_10950,11347,train,32
10951,plan_10951,11348,train,265
10952,plan_10952,11349,train,1713
10953,plan_10953,11350,train,6138
10954,plan_10954,11351,train,2039
10955,plan_10955,11352,train,6708
10956,plan_10956,11353,test,2359
10957,plan_10957,11354,test,2125
10958,plan_10958,11355,train,13465
10959,plan_10959,11356,train,9475
10960,plan_10960,11357,train,7154
10961,plan_10961,11360,test,2019
10962,plan_10962,11361,test,938
10963,plan_10963,11362,train,2537
10964,plan_10964,11363,train,12583
10965,plan_10965,11364,train,8365
10966,plan_10966,11365,train,13823
10967,plan_10967,11366,test,1487
10968,plan_10968,11367,train,13076
10969,plan_10969,11368,train,10359
10970,plan_10970,11369,train,11486
10971,plan_10971,11370,test,449
10972,plan_10972,11371,train,8108
10973,plan_10973,11372,train,3078
10974,plan_10974,11373,train,1799
10975,plan_10975,11374,train,6760
10976,plan_10976,11375,train,14098
10977,plan_10977,11376,test,461
10978,plan_10978,11377,train,391
10979,plan_10979,11378,test,1009
10980,plan_10980,11379,train,5519
10981,plan_10981,11380,train,6765
10982,plan_10982,11381,train,1406
10983,plan_10983,11382,train,5056
10984,plan_10984,11383,train,11588
10985,plan_10985,11384,train,12756
10986,plan_10986,11385,train,14259
10987,plan_10987,11386,train,7657
10988,plan_10988,11387,train,11934
10989,plan_10989,11388,test,972
10990,plan_10990,11389,train,13140
10991,plan_10991,11390,train,12336
10992,plan_10992,11392,train,3845
10993,plan_10993,11393,train,9581
10994,plan_10994,11394,train,12525
10995,plan_10995,11395,train,11792
10996,plan_10996,11396,test,1134
10997,plan_10997,11397,train,14385
10998,plan_10998,11398,train,11282
10999,plan_10999,11399,train,4075
11000,plan_11000,11400,train,9655
11001,plan_11001,11401,train,4022
11002,plan_11002,11402,test,2190
11003,plan_11003,11403,train,13114
11004,plan_11004,11404,train,7365
11005,plan_11005,11405,train,8515
11006,plan_11006,11406,test,1111
11007,plan_11007,11407,train,1751
11008,plan_11008,11408,train,9835
11009,plan_11009,11409,train,13747
11010,plan_11010,11410,train,3917
11011,plan_11011,11411,train,7757
11012,plan_11012,11413,train,14105
11013,plan_11013,11414,train,13433
11014,plan_11014,11415,train,3309
11015,plan_11015,11416,train,3581
11016,plan_11016,11417,train,437
11017,plan_11017,11418,train,2072
11018,plan_11018,11419,train,14408
11019,plan_11019,11420,train,10225
11020,plan_11020,11421,train,1905
11021,plan_11021,11422,train,13656
11022,plan_11022,11423,train,6276
11023,plan_11023,11424,train,11143
11024,plan_11024,11425,train,6120
11025,plan_11025,11426,train,6165
11026,plan_11026,11427,train,4050
11027,plan_11027,11428,train,4182
11028,plan_11028,11429,train,9797
11029,plan_11029,11430,train,14400
11030,plan_11030,11431,train,5403
11031,plan_11031,11432,train,5998
11032,plan_11032,11433,train,13634
11033,plan_11033,11434,train,12413
11034,plan_11034,11435,train,1347
11035,plan_11035,11436,test,2393
11036,plan_11036,11437,train,12528
11037,plan_11037,11438,train,11919
11038,plan_11038,11440,train,694
11039,plan_11039,11441,test,2195
11040,plan_11040,11442,train,5649
11041,plan_11041,11443,train,11895
11042,plan_11042,11444,train,9575
11043,plan_11043,11445,train,14272
11044,plan_11044,11446,train,13308
11045,plan_11045,11447,train,11748
11046,plan_11046,11448,train,14234
11047,plan_11047,11449,train,9131
11048,plan_11048,11450,test,1245
11049,plan_11049,11451,train,4479
11050,plan_11050,11452,train,1539
11051,plan_11051,11455,train,3435
11052,plan_11052,11456,train,2991
11053,plan_11053,11457,test,26
11054,plan_11054,11458,train,670
11055,plan_11055,11463,train,6480
11056,plan_11056,11464,test,2327
11057,plan_11057,11465,train,2306
11058,plan_11058,11466,test,897
11059,plan_11059,11467,train,6566
11060,plan_11060,11468,train,1109
11061,plan_11061,11469,train,6178
11062,plan_11062,11470,test,915
11063,plan_11063,11471,test,1677
11064,plan_11064,11484,train,10693
11065,plan_11065,11485,train,6531
11066,plan_11066,11487,train,1497
11067,plan_11067,11491,train,13506
11068,plan_11068,11492,train,8324
11069,plan_11069,11493,train,14323
11070,plan_11070,11501,test,808
11071,plan_11071,11503,train,3262
11072,plan_11072,11516,test,1901
11073,plan_11073,11521,test,2092
11074,plan_11074,11522,train,4412
11075,plan_11075,11523,train,4681
11076,plan_11076,11524,train,6434
11077,plan_11077,11525,train,7434
11078,plan_11078,11534,train,12304
11079,plan_11079,11535,train,6041
11080,plan_11080,11538,train,3664
11081,plan_11081,11568,train,5737
11082,plan_11082,11569,train,12190
11083,plan_11083,11570,train,8585
11084,plan_11084,11571,train,11734
11085,plan_11085,11572,train,12510
11086,plan_11086,11573,train,11751
11087,plan_11087,11574,train,5035
11088,plan_11088,11575,train,541
11089,plan_11089,11576,train,9389
11090,plan_11090,11577,train,3470
11091,plan_11091,11578,train,11235
11092,plan_11092,11579,train,10114
11093,plan_11093,11580,test,565
11094,plan_11094,11581,train,13880
11095,plan_11095,11582,train,5133
11096,plan_11096,11583,train,1040
11097,plan_11097,11584,train,13464
11098,plan_11098,11585,train,3385
11099,plan_11099,11586,test,773
11100,plan_11100,11587,train,6679
11101,plan_11101,11588,test,558
11102,plan_11102,11589,train,521
11103,plan_11103,11590,train,460
11104,plan_11104,11591,train,5083
11105,plan_11105,11592,train,2136
11106,plan_11106,11593,train,3718
11107,plan_11107,11594,train,11823
11108,plan_11108,11595,test,257
11109,plan_11109,11596,train,1117
11110,plan_11110,11597,test,529
11111,plan_11111,11598,test,694
11112,plan_11112,11599,train,11636
11113,plan_11113,11600,test,2482
11114,plan_11114,11601,train,1362
11115,plan_11115,11602,train,5646
11116,plan_11116,11603,train,5576
11117,plan_11117,11604,train,5669
11118,plan_11118,11605,train,8409
11119,plan_11119,11606,test,1283
11120,plan_11120,11607,train,2157
11121,plan_11121,11608,train,6464
11122,plan_11122,11609,test,1569
11123,plan_11123,11610,train,11400
11124,plan_11124,11611,train,8090
11125,plan_11125,11612,train,10539
11126,plan_11126,11613,train,2887
11127,plan_11127,11614,train,7113
11128,plan_11128,11615,train,7853
11129,plan_11129,11616,train,4928
11130,plan_11130,11617,train,6392
11131,plan_11131,11618,test,2279
11132,plan_11132,11619,train,7640
11133,plan_11133,11620,train,3381
11134,plan_11134,11621,train,5836
11135,plan_11135,11622,train,12384
11136,plan_11136,11623,train,13636
11137,plan_11137,11624,test,1518
11138,plan_11138,11625,train,2008
11139,plan_11139,11626,train,2110
11140,plan_11140,11627,train,7308
11141,plan_11141,11628,train,8403
11142,plan_11142,11629,train,955
11143,plan_11143,11630,train,5063
11144,plan_11144,11631,train,11973
11145,plan_11145,11632,test,88
11146,plan_11146,11633,train,3457
11147,plan_11147,11634,train,13931
11148,plan_11148,11635,train,6637
11149,plan_11149,11636,test,1909
11150,plan_11150,11637,train,2507
11151,plan_11151,11638,train,7237
11152,plan_11152,11639,train,187
11153,plan_11153,11640,train,5651
11154,plan_11154,11641,train,5741
11155,plan_11155,11642,train,13588
11156,plan_11156,11643,test,1322
11157,plan_11157,11644,train,8824
11158,plan_11158,11645,train,13000
11159,plan_11159,11646,train,11017
11160,plan_11160,11647,train,6380
11161,plan_11161,11648,train,7102
11162,plan_11162,11649,train,6168
11163,plan_11163,11650,train,11670
11164,plan_11164,11651,train,698
11165,plan_11165,11652,train,3602
11166,plan_11166,11653,train,3569
11167,plan_11167,11654,train,4923
11168,plan_11168,11655,train,8095
11169,plan_11169,11656,test,1420
11170,plan_11170,11657,train,13389
11171,plan_11171,11658,train,12635
11172,plan_11172,11659,train,12447
11173,plan_11173,11660,train,4747
11174,plan_11174,11661,train,6103
11175,plan_11175,11662,train,13958
11176,plan_11176,11663,test,695
11177,plan_11177,11664,test,1573
11178,plan_11178,11665,test,1845
11179,plan_11179,11666,train,5066
11180,plan_11180,11667,train,7264
11181,plan_11181,11668,train,9376
11182,plan_11182,11669,train,11962
11183,plan_11183,11670,train,8455
11184,plan_11184,11671,train,1019
11185,plan_11185,11672,train,7152
11186,plan_11186,11673,train,12439
11187,plan_11187,11674,train,13623
11188,plan_11188,11675,train,4266
11189,plan_11189,11676,train,9041
11190,plan_11190,11677,train,9009
11191,plan_11191,11678,train,3726
11192,plan_11192,11679,train,9075
11193,plan_11193,11680,train,4547
11194,plan_11194,11681,train,7524
11195,plan_11195,11682,train,8825
11196,plan_11196,11683,train,3690
11197,plan_11197,11684,train,10977
11198,plan_11198,11685,train,13784
11199,plan_11199,11686,train,8574
11200,plan_11200,11687,train,9049
11201,plan_11201,11688,train,6201
11202,plan_11202,11689,train,11174
11203,plan_11203,11690,train,3215
11204,plan_11204,11691,train,7937
11205,plan_11205,11692,train,5853
11206,plan_11206,11693,train,2882
11207,plan_11207,11694,train,7336
11208,plan_11208,11695,train,12330
11209,plan_11209,11696,test,114
11210,plan_11210,11697,train,13596
11211,plan_11211,11698,train,4695
11212,plan_11212,11699,train,2520
11213,plan_11213,11700,train,4451
11214,plan_11214,11701,train,11739
11215,plan_11215,11702,train,8581
11216,plan_11216,11703,train,13551
11217,plan_11217,11704,train,5567
11218,plan_11218,11705,test,646
11219,plan_11219,11706,train,10777
11220,plan_11220,11707,train,360
11221,plan_11221,11708,train,11096
11222,plan_11222,11709,train,9267
11223,plan_11223,11710,train,13415
11224,plan_11224,11711,train,9881
11225,plan_11225,11712,test,2077
11226,plan_11226,11713,train,5843
11227,plan_11227,11714,train,399
11228,plan_11228,11715,train,902
11229,plan_11229,11716,train,1571
11230,plan_11230,11717,train,12618
11231,plan_11231,11718,train,7197
11232,plan_11232,11719,train,12029
11233,plan_11233,11720,train,774
11234,plan_11234,11721,train,5915
11235,plan_11235,11722,train,12953
11236,plan_11236,11723,train,13814
11237,plan_11237,11724,train,5749
11238,plan_11238,11725,test,2291
11239,plan_11239,11726,train,2794
11240,plan_11240,11727,train,13552
11241,plan_11241,11728,train,8415
11242,plan_11242,11729,train,9312
11243,plan_11243,11730,train,5929
11244,plan_11244,11731,train,4638
11245,plan_11245,11732,train,5667
11246,plan_11246,11733,train,12441
11247,plan_11247,11734,train,11325
11248,plan_11248,11735,train,6134
11249,plan_11249,11737,train,11538
11250,plan_11250,11738,train,13463
11251,plan_11251,11739,train,7789
11252,plan_11252,11740,test,1671
11253,plan_11253,11741,test,1505
11254,plan_11254,11742,train,8926
11255,plan_11255,11743,train,3369
11256,plan_11256,11744,train,1183
11257,plan_11257,11745,train,8503
11258,plan_11258,11746,train,6169
11259,plan_11259,11747,train,12572
11260,plan_11260,11748,train,2629
11261,plan_11261,11749,train,6484
11262,plan_11262,11750,train,4072
11263,plan_11263,11751,train,9085
11264,plan_11264,11752,train,10631
11265,plan_11265,11753,train,2387
11266,plan_11266,11754,train,227
11267,plan_11267,11755,train,12040
11268,plan_11268,11756,train,6789
11269,plan_11269,11757,train,1470
11270,plan_11270,11758,train,8422
11271,plan_11271,11759,train,12132
11272,plan_11272,11760,train,2912
11273,plan_11273,11761,train,10769
11274,plan_11274,11762,train,8119
11275,plan_11275,11763,train,11437
11276,plan_11276,11764,train,2939
11277,plan_11277,11765,test,210
11278,plan_11278,11766,train,2108
11279,plan_11279,11767,train,6270
11280,plan_11280,11768,train,7508
11281,plan_11281,11769,train,8841
11282,plan_11282,11770,train,2239
11283,plan_11283,11771,train,13755
11284,plan_11284,11772,train,587
11285,plan_11285,11773,train,6742
11286,plan_11286,11774,train,2552
11287,plan_11287,11775,train,4406
11288,plan_11288,11776,train,12068
11289,plan_11289,11777,train,14136
11290,plan_11290,11778,train,9777
11291,plan_11291,11779,train,12067
11292,plan_11292,11780,train,10389
11293,plan_11293,11781,train,14024
11294,plan_11294,11782,train,7247
11295,plan_11295,11783,train,12077
11296,plan_11296,11784,train,1427
11297,plan_11297,11785,train,5225
11298,plan_11298,11786,train,348
11299,plan_11299,11787,train,10354
11300,plan_11300,11788,test,2483
11301,plan_11301,11789,test,443
11302,plan_11302,11790,train,1469
11303,plan_11303,11791,train,4985
11304,plan_11304,11792,train,900
11305,plan_11305,11793,train,11849
11306,plan_11306,11794,test,1247
11307,plan_11307,11795,train,7849
11308,plan_11308,11796,train,3651
11309,plan_11309,11797,train,10685
11310,plan_11310,11798,train,6344
11311,plan_11311,11799,train,11069
11312,plan_11312,11800,train,199
11313,plan_11313,11801,test,1978
11314,plan_11314,11802,train,11605
11315,plan_11315,11803,test,1100
11316,plan_11316,11804,train,5903
11317,plan_11317,11805,train,3188
11318,plan_11318,11806,train,13156
11319,plan_11319,11807,train,8225
11320,plan_11320,11808,train,10780
11321,plan_11321,11809,train,2381
11322,plan_11322,11810,train,1637
11323,plan_11323,11811,train,11810
11324,plan_11324,11812,test,661
11325,plan_11325,11813,train,6282
11326,plan_11326,11814,train,1762
11327,plan_11327,11815,train,2844
11328,plan_11328,11816,train,2033
11329,plan_11329,11817,train,8685
11330,plan_11330,11818,train,7304
11331,plan_11331,11819,train,13086
11332,plan_11332,11820,train,13785
11333,plan_11333,11821,train,1257
11334,plan_11334,11822,test,622
11335,plan_11335,11823,train,3018
11336,plan_11336,11824,train,9921
11337,plan_11337,11825,train,201
11338,plan_11338,11826,train,13742
11339,plan_11339,11827,train,13358
11340,plan_11340,11828,train,9749
11341,plan_11341,11829,train,6322
11342,plan_11342,11830,train,9092
11343,plan_11343,11831,train,4905
11344,plan_11344,11832,train,7438
11345,plan_11345,11833,train,12478
11346,plan_11346,11834,train,817
11347,plan_11347,11835,train,2715
11348,plan_11348,11836,train,624
11349,plan_11349,11837,train,13986
11350,plan_11350,11838,test,1094
11351,plan_11351,11839,train,8461
11352,plan_11352,11840,train,13432
11353,plan_11353,11841,train,5491
11354,plan_11354,11842,train,2262
11355,plan_11355,11843,train,5770
11356,plan_11356,11844,train,10915
11357,plan_11357,11845,train,12934
11358,plan_11358,11846,train,5694
11359,plan_11359,11847,train,4098
11360,plan_11360,11848,train,1634
11361,plan_11361,11849,train,4073
11362,plan_11362,11850,train,14016
11363,plan_11363,11851,train,12252
11364,plan_11364,11852,train,920
11365,plan_11365,11853,train,11296
11366,plan_11366,11854,train,3552
11367,plan_11367,11855,train,7042
11368,plan_11368,11856,train,11111
11369,plan_11369,11857,train,10639
11370,plan_11370,11858,train,1014
11371,plan_11371,11859,train,11105
11372,plan_11372,11860,test,533
11373,plan_11373,11861,train,7577
11374,plan_11374,11862,train,135
11375,plan_11375,11863,test,1214
11376,plan_11376,11864,train,3260
11377,plan_11377,11865,train,11390
11378,plan_11378,11866,train,3397
11379,plan_11379,11867,train,3869
11380,plan_11380,11868,train,8691
11381,plan_11381,11869,train,3442
11382,plan_11382,11870,train,11972
11383,plan_11383,11871,train,5508
11384,plan_11384,11872,test,939
11385,plan_11385,11873,train,8139
11386,plan_11386,11874,test,2154
11387,plan_11387,11875,train,4307
11388,plan_11388,11876,test,1681
11389,plan_11389,11877,train,2211
11390,plan_11390,11878,train,12562
11391,plan_11391,11879,train,10807
11392,plan_11392,11880,train,342
11393,plan_11393,11881,train,3433
11394,plan_11394,11882,test,2364
11395,plan_11395,11883,train,7868
11396,plan_11396,11884,train,10172
11397,plan_11397,11885,test,2249
11398,plan_11398,11886,train,6209
11399,plan_11399,11887,train,4405
11400,plan_11400,11888,train,6426
11401,plan_11401,11889,train,13090
11402,plan_11402,11890,train,9796
11403,plan_11403,11891,train,13978
11404,plan_11404,11892,test,816
11405,plan_11405,11893,train,5590
11406,plan_11406,11894,train,3227
11407,plan_11407,11895,train,346
11408,plan_11408,11896,train,1028
11409,plan_11409,11897,train,2785
11410,plan_11410,11898,test,1393
11411,plan_11411,11899,train,10300
11412,plan_11412,11900,train,13624
11413,plan_11413,11901,train,10895
11414,plan_11414,11902,train,9861
11415,plan_11415,11903,train,3971
11416,plan_11416,11904,test,295
11417,plan_11417,11905,train,8717
11418,plan_11418,11906,train,70
11419,plan_11419,11907,train,1752
11420,plan_11420,11908,test,1055
11421,plan_11421,11909,train,2737
11422,plan_11422,11910,train,4769
11423,plan_11423,11911,test,1985
11424,plan_11424,11912,train,6643
11425,plan_11425,11913,train,242
11426,plan_11426,11914,train,4472
11427,plan_11427,11915,train,7898
11428,plan_11428,11916,train,7869
11429,plan_11429,11917,train,633
11430,plan_11430,11918,train,11304
11431,plan_11431,11919,train,12041
11432,plan_11432,11920,train,12938
11433,plan_11433,11921,test,658
11434,plan_11434,11922,train,11568
11435,plan_11435,11923,train,1582
11436,plan_11436,11924,train,12794
11437,plan_11437,11925,train,3787
11438,plan_11438,11926,train,2469
11439,plan_11439,11927,test,1674
11440,plan_11440,11928,train,5505
11441,plan_11441,11929,train,5496
11442,plan_11442,11930,train,11622
11443,plan_11443,11931,train,287
11444,plan_11444,11932,train,11916
11445,plan_11445,11933,train,6414
11446,plan_11446,11934,train,529
11447,plan_11447,11935,train,2668
11448,plan_11448,11936,train,6780
11449,plan_11449,11937,train,2297
11450,plan_11450,11938,train,11346
11451,plan_11451,11939,train,5942
11452,plan_11452,11940,train,4082
11453,plan_11453,11941,train,7702
11454,plan_11454,11942,test,1019
11455,plan_11455,11943,train,12357
11456,plan_11456,11944,train,3051
11457,plan_11457,11945,train,3550
11458,plan_11458,11946,train,7648
11459,plan_11459,11947,train,2098
11460,plan_11460,11948,train,8949
11461,plan_11461,11949,train,11847
11462,plan_11462,11950,train,3641
11463,plan_11463,11951,test,2543
11464,plan_11464,11952,train,13226
11465,plan_11465,11953,train,9130
11466,plan_11466,11954,train,4799
11467,plan_11467,11955,train,7771
11468,plan_11468,11956,train,11796
11469,plan_11469,11957,test,1725
11470,plan_11470,11958,train,7322
11471,plan_11471,11959,test,1021
11472,plan_11472,11960,train,14096
11473,plan_11473,11961,train,5823
11474,plan_11474,11962,train,4327
11475,plan_11475,11963,train,9748
11476,plan_11476,11964,train,8097
11477,plan_11477,11965,train,1591
11478,plan_11478,11966,test,455
11479,plan_11479,11967,train,2778
11480,plan_11480,11968,train,7677
11481,plan_11481,11969,train,2799
11482,plan_11482,11970,train,8012
11483,plan_11483,11971,train,4666
11484,plan_11484,11972,test,2097
11485,plan_11485,11973,train,7014
11486,plan_11486,11974,train,11960
11487,plan_11487,11975,test,1575
11488,plan_11488,11976,test,550
11489,plan_11489,11977,train,10245
11490,plan_11490,11978,train,13657
11491,plan_11491,11979,train,14264
11492,plan_11492,11980,train,864
11493,plan_11493,11981,train,2666
11494,plan_11494,11982,test,610
11495,plan_11495,11983,test,1086
11496,plan_11496,11984,train,9398
11497,plan_11497,11985,train,4277
11498,plan_11498,11986,test,2194
11499,plan_11499,11987,train,9650
11500,plan_11500,11988,train,3637
11501,plan_11501,11989,train,7071
11502,plan_11502,11990,train,6150
11503,plan_11503,11991,train,10039
11504,plan_11504,11992,train,10974
11505,plan_11505,11993,train,5120
11506,plan_11506,11994,train,3432
11507,plan_11507,11995,train,12005
11508,plan_11508,11996,train,1335
11509,plan_11509,11997,train,14006
11510,plan_11510,11998,test,1141
11511,plan_11511,11999,train,10517
11512,plan_11512,12000,test,2276
11513,plan_11513,12001,train,1309
11514,plan_11514,12002,test,1054
11515,plan_11515,12003,train,8522
11516,plan_11516,12004,train,11820
11517,plan_11517,12005,train,8790
11518,plan_11518,12006,train,7598
11519,plan_11519,12007,train,12563
11520,plan_11520,12008,train,9031
11521,plan_11521,12009,test,1848
11522,plan_11522,12010,train,13355
11523,plan_11523,12011,train,12688
11524,plan_11524,12012,train,6804
11525,plan_11525,12013,test,1306
11526,plan_11526,12014,train,12092
11527,plan_11527,12015,test,2358
11528,plan_11528,12016,train,8140
11529,plan_11529,12017,test,5
11530,plan_11530,12018,train,9377
11531,plan_11531,12019,test,1106
11532,plan_11532,12020,train,983
11533,plan_11533,12021,test,2100
11534,plan_11534,12022,train,9739
11535,plan_11535,12023,test,630
11536,plan_11536,12024,test,136
11537,plan_11537,12025,train,3755
11538,plan_11538,12026,train,8358
11539,plan_11539,12027,train,13457
11540,plan_11540,12028,train,9933
11541,plan_11541,12029,train,6546
11542,plan_11542,12030,train,12996
11543,plan_11543,12031,train,7517
11544,plan_11544,12032,train,4919
11545,plan_11545,12033,train,13795
11546,plan_11546,12034,train,9859
11547,plan_11547,12035,train,9910
11548,plan_11548,12036,train,6069
11549,plan_11549,12037,train,12993
11550,plan_11550,12038,train,4999
11551,plan_11551,12039,train,1838
11552,plan_11552,12040,test,2338
11553,plan_11553,12041,train,5868
11554,plan_11554,12042,train,948
11555,plan_11555,12043,train,4546
11556,plan_11556,12044,train,3021
11557,plan_11557,12045,train,8200
11558,plan_11558,12046,train,3293
11559,plan_11559,12047,train,13965
11560,plan_11560,12048,train,11441
11561,plan_11561,12049,train,4764
11562,plan_11562,12050,train,3503
11563,plan_11563,12051,train,10326
11564,plan_11564,12052,train,7910
11565,plan_11565,12053,train,12449
11566,plan_11566,12054,train,7240
11567,plan_11567,12055,train,11548
11568,plan_11568,12056,train,6998
11569,plan_11569,12057,test,73
11570,plan_11570,12058,train,2271
11571,plan_11571,12059,train,1281
11572,plan_11572,12060,train,7007
11573,plan_11573,12061,train,11412
11574,plan_11574,12062,train,6929
11575,plan_11575,12063,test,2064
11576,plan_11576,12064,train,4951
11577,plan_11577,12065,train,11923
11578,plan_11578,12066,test,1912
11579,plan_11579,12067,train,11507
11580,plan_11580,12068,train,10669
11581,plan_11581,12069,test,2516
11582,plan_11582,12070,train,7442
11583,plan_11583,12071,train,11852
11584,plan_11584,12072,train,65
11585,plan_11585,12073,train,11446
11586,plan_11586,12074,test,905
11587,plan_11587,12075,train,564
11588,plan_11588,12076,train,14055
11589,plan_11589,12077,train,13738
11590,plan_11590,12079,train,6114
11591,plan_11591,12080,train,2017
11592,plan_11592,12081,train,7933
11593,plan_11593,12082,train,8072
11594,plan_11594,12083,train,763
11595,plan_11595,12084,train,12427
11596,plan_11596,12085,train,3136
11597,plan_11597,12087,train,12380
11598,plan_11598,12088,train,5429
11599,plan_11599,12089,train,5800
11600,plan_11600,12090,train,10987
11601,plan_11601,12091,train,1036
11602,plan_11602,12092,train,5027
11603,plan_11603,12093,train,8763
11604,plan_11604,12094,train,4787
11605,plan_11605,12095,test,1012
11606,plan_11606,12096,train,7044
11607,plan_11607,12097,train,14376
11608,plan_11608,12098,train,3311
11609,plan_11609,12099,train,97
11610,plan_11610,12100,train,3667
11611,plan_11611,12101,train,13546
11612,plan_11612,12102,train,11258
11613,plan_11613,12103,train,7913
11614,plan_11614,12104,train,1234
11615,plan_11615,12105,train,13567
11616,plan_11616,12106,train,425
11617,plan_11617,12107,train,1985
11618,plan_11618,12108,test,211
11619,plan_11619,12109,train,818
11620,plan_11620,12110,train,9098
11621,plan_11621,12111,train,4155
11622,plan_11622,12112,test,668
11623,plan_11623,12113,train,2901
11624,plan_11624,12114,train,2188
11625,plan_11625,12115,train,13894
11626,plan_11626,12116,train,13176
11627,plan_11627,12117,train,11572
11628,plan_11628,12118,test,1276
11629,plan_11629,12119,train,5031
11630,plan_11630,12120,train,6242
11631,plan_11631,12121,train,5866
11632,plan_11632,12122,test,777
11633,plan_11633,12123,train,5038
11634,plan_11634,12124,train,10296
11635,plan_11635,12125,train,7798
11636,plan_11636,12126,test,423
11637,plan_11637,12127,test,361
11638,plan_11638,12128,test,428
11639,plan_11639,12129,test,97
11640,plan_11640,12130,test,440
11641,plan_11641,12131,train,7754
11642,plan_11642,12132,train,11121
11643,plan_11643,12133,train,1999
11644,plan_11644,12134,test,1658
11645,plan_11645,12135,test,2152
11646,plan_11646,12136,train,6504
11647,plan_11647,12137,train,2856
11648,plan_11648,12138,train,170
11649,plan_11649,12139,train,5859
11650,plan_11650,12140,train,9262
11651,plan_11651,12141,train,12902
11652,plan_11652,12142,train,16
11653,plan_11653,12143,train,7161
11654,plan_11654,12144,test,1895
11655,plan_11655,12145,train,5220
11656,plan_11656,12146,train,14349
11657,plan_11657,12147,train,156
11658,plan_11658,12148,test,811
11659,plan_11659,12149,train,4711
11660,plan_11660,12150,test,683
11661,plan_11661,12151,train,7499
11662,plan_11662,12152,train,3825
11663,plan_11663,12153,train,630
11664,plan_11664,12154,train,3610
11665,plan_11665,12157,train,10479
11666,plan_11666,12158,train,9698
11667,plan_11667,12159,train,3037
11668,plan_11668,12160,train,7130
11669,plan_11669,12161,test,1856
11670,plan_11670,12162,train,8267
11671,plan_11671,12163,train,14353
11672,plan_11672,12164,train,6880
11673,plan_11673,12165,train,13410
11674,plan_11674,12166,train,6545
11675,plan_11675,12167,train,10309
11676,plan_11676,12168,train,1039
11677,plan_11677,12169,train,2902
11678,plan_11678,12170,train,6926
11679,plan_11679,12171,train,9531
11680,plan_11680,12172,test,914
11681,plan_11681,12173,train,7276
11682,plan_11682,12174,train,10955
11683,plan_11683,12175,train,9651
11684,plan_11684,12176,train,9146
11685,plan_11685,12177,train,10586
11686,plan_11686,12178,train,14431
11687,plan_11687,12179,train,10620
11688,plan_11688,12180,train,12977
11689,plan_11689,12181,train,3093
11690,plan_11690,12182,train,2817
11691,plan_11691,12183,train,8122
11692,plan_11692,12184,train,10945
11693,plan_11693,12185,train,10023
11694,plan_11694,12186,train,5124
11695,plan_11695,12187,train,5565
11696,plan_11696,12188,test,833
11697,plan_11697,12189,test,2314
11698,plan_11698,12190,test,42
11699,plan_11699,12191,train,13882
11700,plan_11700,12192,train,8493
11701,plan_11701,12193,test,1039
11702,plan_11702,12195,train,1613
11703,plan_11703,12196,train,7140
11704,plan_11704,12197,train,2859
11705,plan_11705,12198,train,2421
11706,plan_11706,12199,train,1550
11707,plan_11707,12200,train,3265
11708,plan_11708,12201,train,7015
11709,plan_11709,12202,train,5904
11710,plan_11710,12203,test,1763
11711,plan_11711,12206,train,10500
11712,plan_11712,12207,train,2432
11713,plan_11713,12208,train,7138
11714,plan_11714,12209,test,2223
11715,plan_11715,12210,train,10684
11716,plan_11716,12211,train,11243
11717,plan_11717,12212,train,10362
11718,plan_11718,12213,train,11037
11719,plan_11719,12214,train,12747
11720,plan_11720,12215,train,9962
11721,plan_11721,12216,train,301
11722,plan_11722,12217,train,13585
11723,plan_11723,12218,train,5886
11724,plan_11724,12219,train,2570
11725,plan_11725,12220,train,10507
11726,plan_11726,12221,train,14092
11727,plan_11727,12222,train,8265
11728,plan_11728,12223,train,980
11729,plan_11729,12224,train,3453
11730,plan_11730,12225,train,13484
11731,plan_11731,12226,train,11844
11732,plan_11732,12227,train,2223
11733,plan_11733,12233,train,448
11734,plan_11734,12234,test,578
11735,plan_11735,12235,test,731
11736,plan_11736,12236,train,10
11737,plan_11737,12237,train,7239
11738,plan_11738,12238,train,7362
11739,plan_11739,12239,train,6743
11740,plan_11740,12240,train,9212
11741,plan_11741,12241,train,2741
11742,plan_11742,12242,train,3359
11743,plan_11743,12243,train,3771
11744,plan_11744,12244,train,7448
11745,plan_11745,12245,test,723
11746,plan_11746,12246,train,9174
11747,plan_11747,12247,train,4628
11748,plan_11748,12248,train,13326
11749,plan_11749,12249,train,9500
11750,plan_11750,12250,train,2294
11751,plan_11751,12251,train,7432
11752,plan_11752,12252,train,5383
11753,plan_11753,12253,train,6753
11754,plan_11754,12254,train,1760
11755,plan_11755,12255,test,513
11756,plan_11756,12256,train,4856
11757,plan_11757,12257,train,3871
11758,plan_11758,12258,test,1852
11759,plan_11759,12259,train,10781
11760,plan_11760,12260,train,4338
11761,plan_11761,12261,train,10695
11762,plan_11762,12262,train,6264
11763,plan_11763,12263,train,9211
11764,plan_11764,12264,train,7833
11765,plan_11765,12265,train,13907
11766,plan_11766,12266,train,3603
11767,plan_11767,12267,test,2536
11768,plan_11768,12268,train,13542
11769,plan_11769,12269,train,10870
11770,plan_11770,12270,train,7075
11771,plan_11771,12271,train,12472
11772,plan_11772,12272,test,758
11773,plan_11773,12273,train,9482
11774,plan_11774,12274,train,2464
11775,plan_11775,12275,train,14157
11776,plan_11776,12276,test,1146
11777,plan_11777,12277,train,8740
11778,plan_11778,12278,test,577
11779,plan_11779,12279,train,3235
11780,plan_11780,12280,train,2816
11781,plan_11781,12281,train,4670
11782,plan_11782,12282,test,1938
11783,plan_11783,12283,train,2489
11784,plan_11784,12284,train,625
11785,plan_11785,12285,train,14277
11786,plan_11786,12286,train,13227
11787,plan_11787,12287,train,11535
11788,plan_11788,12288,test,22
11789,plan_11789,12289,train,11456
11790,plan_11790,12290,train,7705
11791,plan_11791,12291,train,4131
11792,plan_11792,12292,train,5140
11793,plan_11793,12293,train,8587
11794,plan_11794,12294,train,3177
11795,plan_11795,12295,train,11947
11796,plan_11796,12296,train,10302
11797,plan_11797,12297,train,4016
11798,plan_11798,12298,train,2004
11799,plan_11799,12299,train,4610
11800,plan_11800,12300,train,7390
11801,plan_11801,12301,train,12098
11802,plan_11802,12302,train,999
11803,plan_11803,12303,train,5537
11804,plan_11804,12304,train,6609
11805,plan_11805,12305,train,13074
11806,plan_11806,12306,train,2782
11807,plan_11807,12307,train,4920
11808,plan_11808,12308,train,6010
11809,plan_11809,12309,train,7160
11810,plan_11810,12310,train,10223
11811,plan_11811,12311,train,8549
11812,plan_11812,12312,train,2358
11813,plan_11813,12313,train,4245
11814,plan_11814,12314,train,3551
11815,plan_11815,12315,train,13697
11816,plan_11816,12316,train,9346
11817,plan_11817,12317,train,1177
11818,plan_11818,12318,train,8787
11819,plan_11819,12319,train,8808
11820,plan_11820,12320,train,10232
11821,plan_11821,12321,train,11666
11822,plan_11822,12322,train,13299
11823,plan_11823,12323,train,3784
11824,plan_11824,12324,train,632
11825,plan_11825,12325,train,1721
11826,plan_11826,12326,train,7305
11827,plan_11827,12327,train,2242
11828,plan_11828,12328,test,347
11829,plan_11829,12329,train,1450
11830,plan_11830,12330,test,1212
11831,plan_11831,12331,train,6439
11832,plan_11832,12332,train,2203
11833,plan_11833,12333,train,5812
11834,plan_11834,12334,train,3020
11835,plan_11835,12335,train,4508
11836,plan_11836,12336,train,11505
11837,plan_11837,12337,train,5369
11838,plan_11838,12338,train,10109
11839,plan_11839,12339,train,9555
11840,plan_11840,12340,train,7220
11841,plan_11841,12341,test,146
11842,plan_11842,12342,test,1448
11843,plan_11843,12343,train,10370
11844,plan_11844,12345,train,1632
11845,plan_11845,12346,test,468
11846,plan_11846,12347,train,7269
11847,plan_11847,12348,train,10228
11848,plan_11848,12349,train,2067
11849,plan_11849,12350,train,9556
11850,plan_11850,12351,train,8534
11851,plan_11851,12352,test,265
11852,plan_11852,12356,train,8084
11853,plan_11853,12357,train,3417
11854,plan_11854,12358,train,3500
11855,plan_11855,12359,train,12946
11856,plan_11856,12360,train,2438
11857,plan_11857,12361,train,569
11858,plan_11858,12362,train,495
11859,plan_11859,12363,train,1006
11860,plan_11860,12364,train,8908
11861,plan_11861,12365,train,9916
11862,plan_11862,12366,train,1753
11863,plan_11863,12367,train,5051
11864,plan_11864,12368,test,296
11865,plan_11865,12369,test,1863
11866,plan_11866,12370,train,909
11867,plan_11867,12371,train,3060
11868,plan_11868,12372,test,1422
11869,plan_11869,12373,train,4284
11870,plan_11870,12374,train,12335
11871,plan_11871,12375,train,2696
11872,plan_11872,12376,train,9930
11873,plan_11873,12377,train,11435
11874,plan_11874,12378,train,4316
11875,plan_11875,12379,train,10619
11876,plan_11876,12380,train,13772
11877,plan_11877,12381,train,5867
11878,plan_11878,12382,train,10188
11879,plan_11879,12383,train,8753
11880,plan_11880,12384,train,10448
11881,plan_11881,12385,test,1776
11882,plan_11882,12386,train,8431
11883,plan_11883,12387,train,964
11884,plan_11884,12388,train,7621
11885,plan_11885,12389,test,1874
11886,plan_11886,12390,train,2526
11887,plan_11887,12391,train,2982
11888,plan_11888,12394,train,7998
11889,plan_11889,12395,train,8135
11890,plan_11890,12396,train,8670
11891,plan_11891,12397,train,1291
11892,plan_11892,12398,train,9713
11893,plan_11893,12399,train,7284
11894,plan_11894,12400,train,7565
11895,plan_11895,12401,train,3119
11896,plan_11896,12402,train,12279
11897,plan_11897,12403,train,2610
11898,plan_11898,12404,test,1611
11899,plan_11899,12405,train,7537
11900,plan_11900,12406,train,405
11901,plan_11901,12407,train,12695
11902,plan_11902,12408,train,10866
11903,plan_11903,12409,train,2116
11904,plan_11904,12410,train,11544
11905,plan_11905,12411,train,6371
11906,plan_11906,12412,train,10308
11907,plan_11907,12413,train,5785
11908,plan_11908,12414,train,10433
11909,plan_11909,12415,train,6200
11910,plan_11910,12416,train,7413
11911,plan_11911,12417,train,893
11912,plan_11912,12418,train,10816
11913,plan_11913,12419,test,419
11914,plan_11914,12420,train,2682
11915,plan_11915,12421,train,6330
11916,plan_11916,12422,train,9937
11917,plan_11917,12423,train,3095
11918,plan_11918,12424,train,5042
11919,plan_11919,12425,train,11687
11920,plan_11920,12426,train,9695
11921,plan_11921,12427,train,10989
11922,plan_11922,12428,train,13294
11923,plan_11923,12429,train,3947
11924,plan_11924,12430,train,11416
11925,plan_11925,12431,test,1043
11926,plan_11926,12432,train,852
11927,plan_11927,12433,test,1483
11928,plan_11928,12434,train,4355
11929,plan_11929,12435,train,12320
11930,plan_11930,12436,train,12484
11931,plan_11931,12438,train,2743
11932,plan_11932,12439,train,3660
11933,plan_11933,12440,train,85
11934,plan_11934,12441,train,3541
11935,plan_11935,12442,train,5126
11936,plan_11936,12443,train,5937
11937,plan_11937,12444,train,11205
11938,plan_11938,12445,train,12470
11939,plan_11939,12446,train,7110
11940,plan_11940,12447,train,13263
11941,plan_11941,12448,train,1140
11942,plan_11942,12449,train,2138
11943,plan_11943,12450,train,6968
11944,plan_11944,12451,test,677
11945,plan_11945,12452,train,8651
11946,plan_11946,12453,train,9292
11947,plan_11947,12454,train,854
11948,plan_11948,12455,train,13646
11949,plan_11949,12456,train,11613
11950,plan_11950,12457,test,1599
11951,plan_11951,12458,train,3942
11952,plan_11952,12459,train,12506
11953,plan_11953,12460,train,9232
11954,plan_11954,12461,train,8212
11955,plan_11955,12462,test,1439
11956,plan_11956,12463,train,4002
11957,plan_11957,12464,test,1537
11958,plan_11958,12465,train,2822
11959,plan_11959,12466,train,13115
11960,plan_11960,12467,train,8440
11961,plan_11961,12468,train,8481
11962,plan_11962,12469,train,11527
11963,plan_11963,12470,train,8884
11964,plan_11964,12471,test,1886
11965,plan_11965,12472,train,1686
11966,plan_11966,12473,train,629
11967,plan_11967,12474,train,14051
11968,plan_11968,12475,test,1126
11969,plan_11969,12476,train,759
11970,plan_11970,12477,train,9362
11971,plan_11971,12478,train,8775
11972,plan_11972,12479,test,386
11973,plan_11973,12480,train,13522
11974,plan_11974,12481,train,9710
11975,plan_11975,12482,train,9207
11976,plan_11976,12483,test,804
11977,plan_11977,12484,train,261
11978,plan_11978,12485,train,2285
11979,plan_11979,12486,train,223
11980,plan_11980,12487,train,9610
11981,plan_11981,12488,train,12741
11982,plan_11982,12489,train,9390
11983,plan_11983,12490,train,1137
11984,plan_11984,12501,train,10570
11985,plan_11985,12502,train,3522
11986,plan_11986,12503,train,477
11987,plan_11987,12504,train,5698
11988,plan_11988,12505,train,12922
11989,plan_11989,12506,train,8557
11990,plan_11990,12507,train,10871
11991,plan_11991,12508,train,1993
11992,plan_11992,12509,train,14078
11993,plan_11993,12510,train,7827
11994,plan_11994,12511,train,10889
11995,plan_11995,12512,train,8181
11996,plan_11996,12513,train,4372
11997,plan_11997,12514,train,7401
11998,plan_11998,12515,train,5516
11999,plan_11999,12516,train,13644
12000,plan_12000,12517,train,7244
12001,plan_12001,12518,train,9397
12002,plan_12002,12519,train,7535
12003,plan_12003,12520,train,12062
12004,plan_12004,12521,test,896
12005,plan_12005,12522,train,7008
12006,plan_12006,12523,train,7983
12007,plan_12007,12524,train,12458
12008,plan_12008,12525,test,517
12009,plan_12009,12526,train,6790
12010,plan_12010,12527,test,2196
12011,plan_12011,12528,test,1692
12012,plan_12012,12529,train,6396
12013,plan_12013,12530,train,4724
12014,plan_12014,12531,train,8476
12015,plan_12015,12532,train,9608
12016,plan_12016,12533,train,6391
12017,plan_12017,12534,train,8020
12018,plan_12018,12535,train,8682
12019,plan_12019,12536,train,2011
12020,plan_12020,12537,test,704
12021,plan_12021,12538,test,1577
12022,plan_12022,12539,train,8339
12023,plan_12023,12540,train,7683
12024,plan_12024,12541,test,1605
12025,plan_12025,12542,train,1941
12026,plan_12026,12543,train,5747
12027,plan_12027,12544,train,10614
12028,plan_12028,12545,train,10596
12029,plan_12029,12546,train,2992
12030,plan_12030,12547,train,12358
12031,plan_12031,12548,test,1438
12032,plan_12032,12549,train,11753
12033,plan_12033,12550,train,6288
12034,plan_12034,12551,train,14252
12035,plan_12035,12552,test,1459
12036,plan_12036,12553,train,5642
12037,plan_12037,12554,train,2046
12038,plan_12038,12555,train,6053
12039,plan_12039,12556,test,246
12040,plan_12040,12557,train,783
12041,plan_12041,12558,test,641
12042,plan_12042,12559,train,5495
12043,plan_12043,12560,train,10159
12044,plan_12044,12561,train,7411
12045,plan_12045,12562,train,11090
12046,plan_12046,12563,train,4029
12047,plan_12047,12564,train,6868
12048,plan_12048,12565,train,13962
12049,plan_12049,12566,train,6186
12050,plan_12050,12567,train,2315
12051,plan_12051,12568,train,2803
12052,plan_12052,12569,train,11629
12053,plan_12053,12570,train,2054
12054,plan_12054,12571,train,4816
12055,plan_12055,12572,train,11406
12056,plan_12056,12573,test,1865
12057,plan_12057,12574,train,7339
12058,plan_12058,12575,train,12906
12059,plan_12059,12576,train,1000
12060,plan_12060,12577,train,5822
12061,plan_12061,12578,train,2654
12062,plan_12062,12579,train,12416
12063,plan_12063,12580,train,13372
12064,plan_12064,12581,train,8457
12065,plan_12065,12582,train,10042
12066,plan_12066,12583,test,72
12067,plan_12067,12584,train,8361
12068,plan_12068,12585,train,7725
12069,plan_12069,12586,train,10239
12070,plan_12070,12587,train,7395
12071,plan_12071,12588,train,12568
12072,plan_12072,12589,train,6771
12073,plan_12073,12590,train,5754
12074,plan_12074,12591,train,3426
12075,plan_12075,12592,train,12464
12076,plan_12076,12593,train,9073
12077,plan_12077,12594,train,4966
12078,plan_12078,12595,train,7313
12079,plan_12079,12596,train,11807
12080,plan_12080,12597,train,8900
12081,plan_12081,12598,train,4248
12082,plan_12082,12599,train,6942
12083,plan_12083,12600,train,12633
12084,plan_12084,12601,train,10768
12085,plan_12085,12602,train,3542
12086,plan_12086,12603,train,5115
12087,plan_12087,12604,train,1314
12088,plan_12088,12605,train,9399
12089,plan_12089,12606,test,2004
12090,plan_12090,12608,test,392
12091,plan_12091,12609,train,393
12092,plan_12092,12610,test,451
12093,plan_12093,12611,train,8528
12094,plan_12094,12612,train,9169
12095,plan_12095,12613,train,12920
12096,plan_12096,12614,train,8935
12097,plan_12097,12618,train,12834
12098,plan_12098,12619,train,9906
12099,plan_12099,12620,test,785
12100,plan_12100,12621,train,5581
12101,plan_12101,12622,train,11789
12102,plan_12102,12623,test,1197
12103,plan_12103,12624,train,12184
12104,plan_12104,12625,test,2217
12105,plan_12105,12626,train,1371
12106,plan_12106,12627,train,12790
12107,plan_12107,12628,test,2424
12108,plan_12108,12629,test,2089
12109,plan_12109,12630,test,985
12110,plan_12110,12631,test,1645
12111,plan_12111,12632,train,5931
12112,plan_12112,12633,train,8322
12113,plan_12113,12634,train,5105
12114,plan_12114,12635,train,5529
12115,plan_12115,12636,train,12781
12116,plan_12116,12637,train,10555
12117,plan_12117,12638,train,10727
12118,plan_12118,12639,train,4430
12119,plan_12119,12640,train,7253
12120,plan_12120,12641,test,1664
12121,plan_12121,12642,train,10724
12122,plan_12122,12643,test,334
12123,plan_12123,12644,train,8
12124,plan_12124,12645,train,9008
12125,plan_12125,12646,train,5721
12126,plan_12126,12647,train,704
12127,plan_12127,12648,train,12278
12128,plan_12128,12649,train,10452
12129,plan_12129,12650,train,6801
12130,plan_12130,12651,train,4230
12131,plan_12131,12652,train,3458
12132,plan_12132,12653,train,12102
12133,plan_12133,12654,test,1444
12134,plan_12134,12655,train,13044
12135,plan_12135,12656,train,4667
12136,plan_12136,12657,train,3802
12137,plan_12137,12658,train,6220
12138,plan_12138,12659,test,795
12139,plan_12139,12660,train,6839
12140,plan_12140,12661,test,827
12141,plan_12141,12662,train,6632
12142,plan_12142,12663,train,2535
12143,plan_12143,12664,train,13285
12144,plan_12144,12665,train,14183
12145,plan_12145,12666,train,2302
12146,plan_12146,12667,train,8665
12147,plan_12147,12668,train,13513
12148,plan_12148,12669,train,14426
12149,plan_12149,12670,train,7884
12150,plan_12150,12671,train,11799
12151,plan_12151,12672,test,16
12152,plan_12152,12673,test,1920
12153,plan_12153,12674,train,13889
12154,plan_12154,12675,train,121
12155,plan_12155,12676,train,3682
12156,plan_12156,12677,test,2301
12157,plan_12157,12678,train,8895
12158,plan_12158,12679,train,8473
12159,plan_12159,12680,test,1670
12160,plan_12160,12681,train,5109
12161,plan_12161,12685,train,3259
12162,plan_12162,12686,train,10914
12163,plan_12163,12687,train,8433
12164,plan_12164,12688,train,9948
12165,plan_12165,12689,test,400
12166,plan_12166,12690,train,9284
12167,plan_12167,12691,test,1555
12168,plan_12168,12692,train,5197
12169,plan_12169,12693,train,9210
12170,plan_12170,12694,train,14318
12171,plan_12171,12695,test,1809
12172,plan_12172,12696,test,144
12173,plan_12173,12697,train,6020
12174,plan_12174,12698,test,1400
12175,plan_12175,12699,train,7681
12176,plan_12176,12700,train,2145
12177,plan_12177,12701,train,11943
12178,plan_12178,12702,train,659
12179,plan_12179,12703,train,9358
12180,plan_12180,12704,train,11178
12181,plan_12181,12705,train,3975
12182,plan_12182,12706,train,3068
12183,plan_12183,12707,train,2733
12184,plan_12184,12708,train,9576
12185,plan_12185,12709,train,5173
12186,plan_12186,12710,train,1495
12187,plan_12187,12711,train,3299
12188,plan_12188,12712,test,214
12189,plan_12189,12713,test,953
12190,plan_12190,12714,train,1311
12191,plan_12191,12715,train,2234
12192,plan_12192,12716,train,590
12193,plan_12193,12717,train,3652
12194,plan_12194,12718,test,437
12195,plan_12195,12719,train,13247
12196,plan_12196,12720,train,13517
12197,plan_12197,12721,train,4772
12198,plan_12198,12722,train,8187
12199,plan_12199,12723,train,3967
12200,plan_12200,12724,train,13497
12201,plan_12201,12725,train,12891
12202,plan_12202,12726,train,5434
12203,plan_12203,12727,train,12932
12204,plan_12204,12728,test,1123
12205,plan_12205,12730,train,6268
12206,plan_12206,12731,train,10465
12207,plan_12207,12732,train,6731
12208,plan_12208,12733,train,11131
12209,plan_12209,12734,train,5401
12210,plan_12210,12735,train,2830
12211,plan_12211,12736,train,11517
12212,plan_12212,12737,train,9939
12213,plan_12213,12738,train,8007
12214,plan_12214,12739,train,3298
12215,plan_12215,12740,test,980
12216,plan_12216,12741,train,3337
12217,plan_12217,12742,test,799
12218,plan_12218,12743,train,11587
12219,plan_12219,12744,test,2086
12220,plan_12220,12745,test,2344
12221,plan_12221,12746,test,1402
12222,plan_12222,12747,train,2462
12223,plan_12223,12748,train,9846
12224,plan_12224,12749,train,4563
12225,plan_12225,12750,train,1976
12226,plan_12226,12751,train,5163
12227,plan_12227,12752,train,11861
12228,plan_12228,12753,train,6501
12229,plan_12229,12754,train,11696
12230,plan_12230,12755,train,9334
12231,plan_12231,12756,train,13052
12232,plan_12232,12757,train,10193
12233,plan_12233,12758,train,8613
12234,plan_12234,12759,train,284
12235,plan_12235,12760,train,14205
12236,plan_12236,12761,train,5665
12237,plan_12237,12762,train,11510
12238,plan_12238,12763,train,3008
12239,plan_12239,12764,train,769
12240,plan_12240,12765,train,4725
12241,plan_12241,12766,train,5037
12242,plan_12242,12767,train,154
12243,plan_12243,12768,train,3281
12244,plan_12244,12769,train,11673
12245,plan_12245,12770,train,2772
12246,plan_12246,12771,train,910
12247,plan_12247,12772,train,13469
12248,plan_12248,12773,train,6376
12249,plan_12249,12774,train,3866
12250,plan_12250,12775,test,1397
12251,plan_12251,12776,train,1703
12252,plan_12252,12777,train,10366
12253,plan_12253,12778,train,12654
12254,plan_12254,12779,train,6768
12255,plan_12255,12781,train,8463
12256,plan_12256,12782,train,7206
12257,plan_12257,12783,train,11490
12258,plan_12258,12784,train,13971
12259,plan_12259,12785,test,126
12260,plan_12260,12786,train,2556
12261,plan_12261,12787,train,13511
12262,plan_12262,12788,train,4826
12263,plan_12263,12789,train,8920
12264,plan_12264,12790,train,13974
12265,plan_12265,12791,test,1660
12266,plan_12266,12792,test,131
12267,plan_12267,12793,train,2170
12268,plan_12268,12794,train,12959
12269,plan_12269,12795,train,6174
12270,plan_12270,12796,train,328
12271,plan_12271,12797,train,10629
12272,plan_12272,12798,train,2243
12273,plan_12273,12799,train,9319
12274,plan_12274,12800,train,1340
12275,plan_12275,12801,train,6774
12276,plan_12276,12802,train,7794
12277,plan_12277,12803,train,3526
12278,plan_12278,12804,test,411
12279,plan_12279,12805,train,8628
12280,plan_12280,12806,test,1192
12281,plan_12281,12807,train,4356
12282,plan_12282,12808,train,4979
12283,plan_12283,12809,train,7674
12284,plan_12284,12810,train,46
12285,plan_12285,12811,train,8683
12286,plan_12286,12812,train,1802
12287,plan_12287,12813,train,10789
12288,plan_12288,12814,train,3933
12289,plan_12289,12815,train,7241
12290,plan_12290,12816,test,1634
12291,plan_12291,12817,train,11112
12292,plan_12292,12818,train,1166
12293,plan_12293,12819,train,5340
12294,plan_12294,12820,train,4288
12295,plan_12295,12821,train,12642
12296,plan_12296,12822,train,14280
12297,plan_12297,12823,train,7756
12298,plan_12298,12824,train,11492
12299,plan_12299,12825,test,921
12300,plan_12300,12826,train,8702
12301,plan_12301,12827,train,409
12302,plan_12302,12828,train,6419
12303,plan_12303,12829,train,10527
12304,plan_12304,12830,train,4239
12305,plan_12305,12831,train,2534
12306,plan_12306,12832,train,5709
12307,plan_12307,12833,train,1918
12308,plan_12308,12834,train,6175
12309,plan_12309,12835,test,1083
12310,plan_12310,12836,train,11307
12311,plan_12311,12837,test,274
12312,plan_12312,12838,train,11410
12313,plan_12313,12839,train,2820
12314,plan_12314,12840,train,5999
12315,plan_12315,12841,train,11911
12316,plan_12316,12842,train,8947
12317,plan_12317,12843,train,8125
12318,plan_12318,12844,train,14121
12319,plan_12319,12845,train,13985
12320,plan_12320,12846,train,12001
12321,plan_12321,12847,train,8466
12322,plan_12322,12848,train,1076
12323,plan_12323,12849,test,2425
12324,plan_12324,12850,train,7692
12325,plan_12325,12851,train,2845
12326,plan_12326,12852,train,2268
12327,plan_12327,12853,train,5198
12328,plan_12328,12854,train,837
12329,plan_12329,12855,test,1119
12330,plan_12330,12856,train,3348
12331,plan_12331,12857,train,12294
12332,plan_12332,12858,train,4931
12333,plan_12333,12859,train,12729
12334,plan_12334,12860,train,11068
12335,plan_12335,12861,train,11278
12336,plan_12336,12862,train,2287
12337,plan_12337,12863,train,4839
12338,plan_12338,12864,train,730
12339,plan_12339,12865,test,302
12340,plan_12340,12866,test,1844
12341,plan_12341,12867,train,9461
12342,plan_12342,12868,train,10699
12343,plan_12343,12869,train,279
12344,plan_12344,12870,train,7060
12345,plan_12345,12871,train,4866
12346,plan_12346,12872,train,10421
12347,plan_12347,12873,train,6458
12348,plan_12348,12874,train,4539
12349,plan_12349,12875,train,6592
12350,plan_12350,12876,train,194
12351,plan_12351,12877,train,562
12352,plan_12352,12878,train,13334
12353,plan_12353,12879,train,11019
12354,plan_12354,12880,test,240
12355,plan_12355,12881,train,13213
12356,plan_12356,12882,train,319
12357,plan_12357,12883,train,6478
12358,plan_12358,12884,train,8319
12359,plan_12359,12885,train,4109
12360,plan_12360,12886,train,2233
12361,plan_12361,12887,train,5877
12362,plan_12362,12888,train,11259
12363,plan_12363,12889,train,5564
12364,plan_12364,12890,train,3931
12365,plan_12365,12891,train,6253
12366,plan_12366,12892,train,11375
12367,plan_12367,12893,test,643
12368,plan_12368,12894,train,5015
12369,plan_12369,12895,train,152
12370,plan_12370,12896,train,876
12371,plan_12371,12897,train,377
12372,plan_12372,12898,train,8828
12373,plan_12373,12899,train,9891
12374,plan_12374,12900,train,6266
12375,plan_12375,12901,test,1999
12376,plan_12376,12902,train,5716
12377,plan_12377,12903,train,9325
12378,plan_12378,12904,train,4329
12379,plan_12379,12905,train,12637
12380,plan_12380,12906,train,9983
12381,plan_12381,12907,train,7656
12382,plan_12382,12908,train,11677
12383,plan_12383,12909,train,8569
12384,plan_12384,12910,train,13954
12385,plan_12385,12911,train,7622
12386,plan_12386,12912,train,3702
12387,plan_12387,12913,train,12542
12388,plan_12388,12914,test,1576
12389,plan_12389,12915,test,640
12390,plan_12390,12916,train,1352
12391,plan_12391,12917,train,7192
12392,plan_12392,12918,train,289
12393,plan_12393,12919,train,427
12394,plan_12394,12920,train,1584
12395,plan_12395,12921,train,14339
12396,plan_12396,12922,train,12611
12397,plan_12397,12923,train,9866
12398,plan_12398,12924,train,1621
12399,plan_12399,12925,test,1897
12400,plan_12400,12926,train,7005
12401,plan_12401,12927,train,13051
12402,plan_12402,12928,train,9404
12403,plan_12403,12929,train,9878
12404,plan_12404,12930,train,11603
12405,plan_12405,12931,train,9855
12406,plan_12406,12932,train,13499
12407,plan_12407,12933,train,10903
12408,plan_12408,12934,test,1558
12409,plan_12409,12935,train,1201
12410,plan_12410,12936,train,3237
12411,plan_12411,12937,train,423
12412,plan_12412,12938,train,2052
12413,plan_12413,12939,train,8991
12414,plan_12414,12940,train,9324
12415,plan_12415,12941,train,147
12416,plan_12416,12942,train,5485
12417,plan_12417,12943,train,13275
12418,plan_12418,12944,train,10963
12419,plan_12419,12945,train,270
12420,plan_12420,12946,train,8497
12421,plan_12421,12947,train,5829
12422,plan_12422,12948,train,2478
12423,plan_12423,12949,train,3962
12424,plan_12424,12950,train,6442
12425,plan_12425,12951,train,3292
12426,plan_12426,12952,train,2049
12427,plan_12427,12953,test,568
12428,plan_12428,12954,train,10260
12429,plan_12429,12955,train,8918
12430,plan_12430,12956,test,583
12431,plan_12431,12957,test,2215
12432,plan_12432,12958,test,1408
12433,plan_12433,12959,train,644
12434,plan_12434,12960,train,13696
12435,plan_12435,12961,test,1020
12436,plan_12436,12962,train,4914
12437,plan_12437,12963,train,4214
12438,plan_12438,12964,test,1180
12439,plan_12439,12965,train,103
12440,plan_12440,12966,train,308
12441,plan_12441,12967,train,10933
12442,plan_12442,12968,train,3104
12443,plan_12443,12969,train,13049
12444,plan_12444,12970,train,12383
12445,plan_12445,12971,test,1982
12446,plan_12446,12972,train,6878
12447,plan_12447,12973,train,8024
12448,plan_12448,12974,train,8955
12449,plan_12449,12975,train,6852
12450,plan_12450,12976,test,2234
12451,plan_12451,12977,train,5161
12452,plan_12452,12978,train,8279
12453,plan_12453,12979,train,2206
12454,plan_12454,12980,train,12589
12455,plan_12455,12981,train,1493
12456,plan_12456,12982,train,8739
12457,plan_12457,12983,train,5857
12458,plan_12458,12984,train,13492
12459,plan_12459,12985,train,3564
12460,plan_12460,12986,train,2102
12461,plan_12461,12987,train,10337
12462,plan_12462,12988,train,12746
12463,plan_12463,12989,train,1947
12464,plan_12464,12990,train,13287
12465,plan_12465,12991,train,12783
12466,plan_12466,12992,test,1637
12467,plan_12467,12993,train,6499
12468,plan_12468,12994,train,2411
12469,plan_12469,12995,train,10942
12470,plan_12470,12996,train,3466
12471,plan_12471,12997,train,1541
12472,plan_12472,12998,train,8508
12473,plan_12473,12999,train,14304
12474,plan_12474,13000,train,4993
12475,plan_12475,13001,test,830
12476,plan_12476,13002,train,4963
12477,plan_12477,13003,test,1578
12478,plan_12478,13004,train,6357
12479,plan_12479,13005,train,9508
12480,plan_12480,13006,test,633
12481,plan_12481,13007,test,2401
12482,plan_12482,13008,train,11008
12483,plan_12483,13009,train,10010
12484,plan_12484,13010,train,9439
12485,plan_12485,13014,test,573
12486,plan_12486,13015,train,11252
12487,plan_12487,13016,train,10888
12488,plan_12488,13017,train,5094
12489,plan_12489,13018,train,5113
12490,plan_12490,13019,train,7295
12491,plan_12491,13020,train,2189
12492,plan_12492,13021,train,6448
12493,plan_12493,13022,train,10344
12494,plan_12494,13023,train,3333
12495,plan_12495,13024,test,1668
12496,plan_12496,13025,train,8959
12497,plan_12497,13026,train,14399
12498,plan_12498,13027,train,12739
12499,plan_12499,13028,train,8747
12500,plan_12500,13029,train,2298
12501,plan_12501,13030,test,1331
12502,plan_12502,13033,train,4093
12503,plan_12503,13034,train,1775
12504,plan_12504,13035,train,11596
12505,plan_12505,13036,train,11021
12506,plan_12506,13037,train,7897
12507,plan_12507,13038,train,5180
12508,plan_12508,13039,train,830
12509,plan_12509,13040,test,1432
12510,plan_12510,13041,train,5112
12511,plan_12511,13042,train,3184
12512,plan_12512,13043,train,5455
12513,plan_12513,13044,train,5629
12514,plan_12514,13045,train,3436
12515,plan_12515,13046,train,4006
12516,plan_12516,13047,train,13888
12517,plan_12517,13049,train,8559
12518,plan_12518,13050,train,8694
12519,plan_12519,13051,train,5953
12520,plan_12520,13052,train,424
12521,plan_12521,13053,train,5218
12522,plan_12522,13054,train,6746
12523,plan_12523,13055,train,12943
12524,plan_12524,13056,train,6817
12525,plan_12525,13057,train,1210
12526,plan_12526,13058,train,585
12527,plan_12527,13059,test,1384
12528,plan_12528,13060,train,285
12529,plan_12529,13061,train,3152
12530,plan_12530,13062,train,14212
12531,plan_12531,13063,train,615
12532,plan_12532,13064,train,8600
12533,plan_12533,13065,train,12581
12534,plan_12534,13066,train,1393
12535,plan_12535,13067,train,7579
12536,plan_12536,13068,train,3844
12537,plan_12537,13069,train,9474
12538,plan_12538,13070,train,3617
12539,plan_12539,13071,train,470
12540,plan_12540,13072,train,8128
12541,plan_12541,13073,train,2337
12542,plan_12542,13074,train,7581
12543,plan_12543,13075,train,10332
12544,plan_12544,13076,train,2403
12545,plan_12545,13077,test,1792
12546,plan_12546,13078,train,3244
12547,plan_12547,13079,train,724
12548,plan_12548,13080,train,10065
12549,plan_12549,13081,train,2871
12550,plan_12550,13082,test,55
12551,plan_12551,13083,train,1852
12552,plan_12552,13084,test,2343
12553,plan_12553,13085,train,14420
12554,plan_12554,13086,train,4033
12555,plan_12555,13087,train,3807
12556,plan_12556,13088,train,8376
12557,plan_12557,13089,train,12246
12558,plan_12558,13090,train,3725
12559,plan_12559,13091,train,13257
12560,plan_12560,13092,train,9186
12561,plan_12561,13093,train,11420
12562,plan_12562,13094,test,1846
12563,plan_12563,13095,train,614
12564,plan_12564,13096,train,5680
12565,plan_12565,13097,test,1506
12566,plan_12566,13098,train,1215
12567,plan_12567,13101,train,1682
12568,plan_12568,13102,train,6512
12569,plan_12569,13103,train,13605
12570,plan_12570,13104,test,657
12571,plan_12571,13105,test,557
12572,plan_12572,13106,train,12309
12573,plan_12573,13107,train,9979
12574,plan_12574,13108,train,5481
12575,plan_12575,13109,train,9172
12576,plan_12576,13110,train,2435
12577,plan_12577,13111,train,9351
12578,plan_12578,13112,train,4464
12579,plan_12579,13113,train,3648
12580,plan_12580,13114,train,6951
12581,plan_12581,13115,train,2249
12582,plan_12582,13116,train,3137
12583,plan_12583,13117,train,8353
12584,plan_12584,13118,train,12961
12585,plan_12585,13119,train,422
12586,plan_12586,13120,train,6810
12587,plan_12587,13121,train,8769
12588,plan_12588,13124,train,12381
12589,plan_12589,13125,train,9119
12590,plan_12590,13126,train,6468
12591,plan_12591,13127,train,11862
12592,plan_12592,13128,test,1751
12593,plan_12593,13129,train,2212
12594,plan_12594,13130,train,7650
12595,plan_12595,13131,test,1308
12596,plan_12596,13132,train,5807
12597,plan_12597,13133,train,6254
12598,plan_12598,13136,train,6981
12599,plan_12599,13137,train,3776
12600,plan_12600,13138,train,2372
12601,plan_12601,13139,train,2929
12602,plan_12602,13140,train,4426
12603,plan_12603,13141,train,9890
12604,plan_12604,13142,test,834
12605,plan_12605,13143,train,12971
12606,plan_12606,13144,train,11700
12607,plan_12607,13145,train,7187
12608,plan_12608,13146,train,9109
12609,plan_12609,13147,train,2442
12610,plan_12610,13148,train,177
12611,plan_12611,13149,train,13940
12612,plan_12612,13150,train,5893
12613,plan_12613,13151,test,342
12614,plan_12614,13152,train,7169
12615,plan_12615,13153,train,8256
12616,plan_12616,13154,train,11584
12617,plan_12617,13155,train,10316
12618,plan_12618,13156,train,1203
12619,plan_12619,13157,test,156
12620,plan_12620,13158,train,7729
12621,plan_12621,13159,train,6452
12622,plan_12622,13160,train,5517
12623,plan_12623,13161,train,5017
12624,plan_12624,13164,train,10623
12625,plan_12625,13165,train,13436
12626,plan_12626,13166,train,4645
12627,plan_12627,13167,train,8146
12628,plan_12628,13168,train,9064
12629,plan_12629,13169,train,14378
12630,plan_12630,13170,train,5979
12631,plan_12631,13171,test,2013
12632,plan_12632,13172,train,696
12633,plan_12633,13173,train,2484
12634,plan_12634,13174,train,7164
12635,plan_12635,13175,train,3835
12636,plan_12636,13176,train,581
12637,plan_12637,13177,train,3855
12638,plan_12638,13178,train,6736
12639,plan_12639,13179,train,2303
12640,plan_12640,13180,train,5023
12641,plan_12641,13181,train,13952
12642,plan_12642,13182,train,6807
12643,plan_12643,13183,train,5592
12644,plan_12644,13184,train,8940
12645,plan_12645,13185,train,6849
12646,plan_12646,13186,train,9057
12647,plan_12647,13187,train,14268
12648,plan_12648,13188,test,1737
12649,plan_12649,13189,train,10428
12650,plan_12650,13190,train,11093
12651,plan_12651,13191,train,14390
12652,plan_12652,13192,train,13782
12653,plan_12653,13193,train,4012
12654,plan_12654,13194,test,1222
12655,plan_12655,13195,train,12831
12656,plan_12656,13196,train,4567
12657,plan_12657,13197,train,3241
12658,plan_12658,13198,train,1293
12659,plan_12659,13199,train,12844
12660,plan_12660,13200,train,1618
12661,plan_12661,13201,train,9290
12662,plan_12662,13202,train,5262
12663,plan_12663,13204,test,282
12664,plan_12664,13205,train,1687
12665,plan_12665,13206,train,9402
12666,plan_12666,13207,train,72
12667,plan_12667,13208,train,7939
12668,plan_12668,13209,train,10723
12669,plan_12669,13210,train,11114
12670,plan_12670,13211,train,11149
12671,plan_12671,13212,train,13827
12672,plan_12672,13213,train,12430
12673,plan_12673,13214,train,3031
12674,plan_12674,13215,train,4778
12675,plan_12675,13216,test,1298
12676,plan_12676,13217,train,13737
12677,plan_12677,13218,test,1898
12678,plan_12678,13219,train,8818
12679,plan_12679,13220,train,9632
12680,plan_12680,13221,train,1402
12681,plan_12681,13222,test,9
12682,plan_12682,13223,train,6119
12683,plan_12683,13224,train,4635
12684,plan_12684,13225,train,6032
12685,plan_12685,13226,train,4066
12686,plan_12686,13227,train,13993
12687,plan_12687,13228,train,11899
12688,plan_12688,13229,test,1839
12689,plan_12689,13230,train,5461
12690,plan_12690,13231,train,8531
12691,plan_12691,13232,train,10911
12692,plan_12692,13233,test,927
12693,plan_12693,13234,train,7270
12694,plan_12694,13235,train,10713
12695,plan_12695,13236,train,6356
12696,plan_12696,13237,train,5845
12697,plan_12697,13238,train,12558
12698,plan_12698,13240,train,3642
12699,plan_12699,13241,train,7078
12700,plan_12700,13242,train,263
12701,plan_12701,13243,train,3684
12702,plan_12702,13244,train,13663
12703,plan_12703,13245,train,4808
12704,plan_12704,13246,test,1793
12705,plan_12705,13247,train,11662
12706,plan_12706,13248,train,6739
12707,plan_12707,13249,train,10776
12708,plan_12708,13250,train,5711
12709,plan_12709,13251,train,5794
12710,plan_12710,13252,train,9724
12711,plan_12711,13253,train,11891
12712,plan_12712,13254,train,3519
12713,plan_12713,13255,train,10757
12714,plan_12714,13256,train,11144
12715,plan_12715,13257,test,12
12716,plan_12716,13258,train,4150
12717,plan_12717,13259,train,3658
12718,plan_12718,13260,test,996
12719,plan_12719,13261,train,7153
12720,plan_12720,13262,train,1026
12721,plan_12721,13263,test,1669
12722,plan_12722,13264,train,6565
12723,plan_12723,13265,test,2212
12724,plan_12724,13266,test,1666
12725,plan_12725,13269,test,1359
12726,plan_12726,13270,train,2378
12727,plan_12727,13271,test,884
12728,plan_12728,13272,train,13187
12729,plan_12729,13273,train,1189
12730,plan_12730,13274,train,12434
12731,plan_12731,13275,test,900
12732,plan_12732,13276,train,5982
12733,plan_12733,13277,train,12704
12734,plan_12734,13278,train,10048
12735,plan_12735,13279,train,11711
12736,plan_12736,13280,train,9306
12737,plan_12737,13281,train,7748
12738,plan_12738,13282,test,821
12739,plan_12739,13283,train,318
12740,plan_12740,13284,train,4053
12741,plan_12741,13285,train,13968
12742,plan_12742,13286,train,11331
12743,plan_12743,13287,train,10637
12744,plan_12744,13288,train,11540
12745,plan_12745,13289,train,11247
12746,plan_12746,13290,train,2327
12747,plan_12747,13291,train,6662
12748,plan_12748,13292,train,11414
12749,plan_12749,13293,train,13233
12750,plan_12750,13294,train,5240
12751,plan_12751,13295,train,9239
12752,plan_12752,13296,train,1583
12753,plan_12753,13297,test,2051
12754,plan_12754,13298,train,4604
12755,plan_12755,13299,train,8113
12756,plan_12756,13300,train,6950
12757,plan_12757,13301,train,2172
12758,plan_12758,13302,train,2866
12759,plan_12759,13303,test,556
12760,plan_12760,13304,train,3925
12761,plan_12761,13305,test,844
12762,plan_12762,13306,train,392
12763,plan_12763,13307,train,11915
12764,plan_12764,13308,train,11344
12765,plan_12765,13309,train,12930
12766,plan_12766,13310,train,11893
12767,plan_12767,13311,train,11745
12768,plan_12768,13312,train,2347
12769,plan_12769,13313,test,2490
12770,plan_12770,13314,train,13485
12771,plan_12771,13315,train,11383
12772,plan_12772,13316,train,7878
12773,plan_12773,13317,train,10559
12774,plan_12774,13318,train,255
12775,plan_12775,13319,train,9776
12776,plan_12776,13320,train,10422
12777,plan_12777,13321,test,201
12778,plan_12778,13322,train,5827
12779,plan_12779,13323,train,295
12780,plan_12780,13324,train,11172
12781,plan_12781,13325,train,6300
12782,plan_12782,13326,train,7202
12783,plan_12783,13327,train,5148
12784,plan_12784,13328,train,12401
12785,plan_12785,13329,train,11901
12786,plan_12786,13330,train,3111
12787,plan_12787,13331,train,3633
12788,plan_12788,13332,train,9653
12789,plan_12789,13333,train,8483
12790,plan_12790,13334,train,823
12791,plan_12791,13335,train,14283
12792,plan_12792,13336,train,5303
12793,plan_12793,13337,train,7685
12794,plan_12794,13338,train,2533
12795,plan_12795,13339,train,7147
12796,plan_12796,13340,test,33
12797,plan_12797,13341,train,7502
12798,plan_12798,13342,train,2231
12799,plan_12799,13343,train,1685
12800,plan_12800,13344,train,5462
12801,plan_12801,13345,test,1329
12802,plan_12802,13346,train,9706
12803,plan_12803,13347,train,1899
12804,plan_12804,13348,train,9141
12805,plan_12805,13349,train,3004
12806,plan_12806,13350,train,12658
12807,plan_12807,13351,train,11061
12808,plan_12808,13352,train,13159
12809,plan_12809,13353,train,10910
12810,plan_12810,13354,train,712
12811,plan_12811,13355,train,12007
12812,plan_12812,13356,test,2337
12813,plan_12813,13357,train,10149
12814,plan_12814,13358,train,1108
12815,plan_12815,13360,train,11045
12816,plan_12816,13361,train,9995
12817,plan_12817,13362,train,1907
12818,plan_12818,13364,train,3944
12819,plan_12819,13365,test,1652
12820,plan_12820,13366,train,12835
12821,plan_12821,13367,train,8163
12822,plan_12822,13368,train,8785
12823,plan_12823,13369,train,5484
12824,plan_12824,13370,train,14179
12825,plan_12825,13371,train,13530
12826,plan_12826,13372,train,1880
12827,plan_12827,13373,train,8218
12828,plan_12828,13374,train,7271
12829,plan_12829,13375,train,2277
12830,plan_12830,13376,train,12105
12831,plan_12831,13377,train,6117
12832,plan_12832,13378,train,14317
12833,plan_12833,13379,test,1024
12834,plan_12834,13380,train,1337
12835,plan_12835,13381,train,3746
12836,plan_12836,13382,train,4471
12837,plan_12837,13383,test,432
12838,plan_12838,13384,train,6711
12839,plan_12839,13385,train,11713
12840,plan_12840,13386,train,6625
12841,plan_12841,13387,train,5318
12842,plan_12842,13388,train,6983
12843,plan_12843,13397,train,8015
12844,plan_12844,13398,train,880
12845,plan_12845,13399,train,13380
12846,plan_12846,13400,train,3974
12847,plan_12847,13401,test,2134
12848,plan_12848,13402,train,447
12849,plan_12849,13403,train,3815
12850,plan_12850,13404,train,11968
12851,plan_12851,13405,train,6182
12852,plan_12852,13406,test,308
12853,plan_12853,13407,train,8331
12854,plan_12854,13408,train,9867
12855,plan_12855,13409,train,13574
12856,plan_12856,13410,train,11946
12857,plan_12857,13411,train,10069
12858,plan_12858,13412,train,989
12859,plan_12859,13413,train,2449
12860,plan_12860,13414,train,7732
12861,plan_12861,13415,train,4229
12862,plan_12862,13416,train,11549
12863,plan_12863,13417,test,924
12864,plan_12864,13418,train,11260
12865,plan_12865,13419,train,13041
12866,plan_12866,13420,test,175
12867,plan_12867,13421,train,3966
12868,plan_12868,13422,train,6975
12869,plan_12869,13423,train,14130
12870,plan_12870,13424,train,13923
12871,plan_12871,13425,train,12707
12872,plan_12872,13426,train,13723
12873,plan_12873,13427,train,12340
12874,plan_12874,13428,train,1385
12875,plan_12875,13429,train,7439
12876,plan_12876,13430,train,9985
12877,plan_12877,13431,test,1281
12878,plan_12878,13432,train,1696
12879,plan_12879,13433,train,2117
12880,plan_12880,13434,train,3339
12881,plan_12881,13435,train,6372
12882,plan_12882,13436,train,7564
12883,plan_12883,13437,train,7545
12884,plan_12884,13438,train,3920
12885,plan_12885,13439,train,11675
12886,plan_12886,13441,train,10361
12887,plan_12887,13442,train,7824
12888,plan_12888,13443,train,6160
12889,plan_12889,13444,train,7711
12890,plan_12890,13445,train,10157
12891,plan_12891,13446,train,3905
12892,plan_12892,13447,train,6106
12893,plan_12893,13448,train,13828
12894,plan_12894,13449,test,2446
12895,plan_12895,13450,train,13331
12896,plan_12896,13451,train,741
12897,plan_12897,13452,train,7831
12898,plan_12898,13453,train,13488
12899,plan_12899,13454,train,3028
12900,plan_12900,13455,train,8496
12901,plan_12901,13456,train,7173
12902,plan_12902,13457,train,25
12903,plan_12903,13458,test,332
12904,plan_12904,13459,train,5418
12905,plan_12905,13460,train,14419
12906,plan_12906,13461,train,7350
12907,plan_12907,13462,train,950
12908,plan_12908,13463,train,4814
12909,plan_12909,13464,train,3885
12910,plan_12910,13465,train,3964
12911,plan_12911,13466,train,11663
12912,plan_12912,13467,train,13479
12913,plan_12913,13468,train,12297
12914,plan_12914,13469,train,12947
12915,plan_12915,13470,train,11793
12916,plan_12916,13471,test,1966
12917,plan_12917,13472,train,5909
12918,plan_12918,13473,train,1957
12919,plan_12919,13474,train,5229
12920,plan_12920,13475,train,3517
12921,plan_12921,13476,train,9154
12922,plan_12922,13477,train,3067
12923,plan_12923,13478,train,8205
12924,plan_12924,13479,train,9637
12925,plan_12925,13481,train,5533
12926,plan_12926,13482,train,1157
12927,plan_12927,13483,train,7301
12928,plan_12928,13484,train,2165
12929,plan_12929,13485,train,74
12930,plan_12930,13486,train,14438
12931,plan_12931,13487,train,6345
12932,plan_12932,13488,train,12837
12933,plan_12933,13489,train,7536
12934,plan_12934,13490,train,10774
12935,plan_12935,13491,train,2127
12936,plan_12936,13492,train,12764
12937,plan_12937,13493,train,4518
12938,plan_12938,13494,train,14186
12939,plan_12939,13495,train,11320
12940,plan_12940,13496,train,13166
12941,plan_12941,13497,test,1872
12942,plan_12942,13498,test,623
12943,plan_12943,13499,train,3097
12944,plan_12944,13500,test,1412
12945,plan_12945,13501,train,14180
12946,plan_12946,13502,train,4583
12947,plan_12947,13503,train,4474
12948,plan_12948,13504,train,14375
12949,plan_12949,13505,train,13476
12950,plan_12950,13506,test,13
12951,plan_12951,13507,train,9536
12952,plan_12952,13508,train,8975
12953,plan_12953,13509,train,3422
12954,plan_12954,13510,train,7069
12955,plan_12955,13511,train,10801
12956,plan_12956,13512,train,4436
12957,plan_12957,13513,train,743
12958,plan_12958,13514,test,2285
12959,plan_12959,13515,train,9602
12960,plan_12960,13516,train,978
12961,plan_12961,13517,train,9445
12962,plan_12962,13518,train,10972
12963,plan_12963,13519,train,4466
12964,plan_12964,13520,test,137
12965,plan_12965,13521,train,7104
12966,plan_12966,13522,train,10329
12967,plan_12967,13523,train,10378
12968,plan_12968,13524,train,10014
12969,plan_12969,13525,train,1430
12970,plan_12970,13526,train,3890
12971,plan_12971,13527,train,13050
12972,plan_12972,13528,train,1657
12973,plan_12973,13529,train,5627
12974,plan_12974,13530,train,10615
12975,plan_12975,13531,train,5993
12976,plan_12976,13532,test,2497
12977,plan_12977,13533,train,6177
12978,plan_12978,13534,train,6875
12979,plan_12979,13535,train,10890
12980,plan_12980,13536,train,9712
12981,plan_12981,13537,train,4039
12982,plan_12982,13538,train,1045
12983,plan_12983,13539,train,4193
12984,plan_12984,13540,train,12064
12985,plan_12985,13541,test,2186
12986,plan_12986,13542,train,849
12987,plan_12987,13543,train,13108
12988,plan_12988,13544,train,5817
12989,plan_12989,13545,train,9950
12990,plan_12990,13546,train,6958
12991,plan_12991,13547,train,7799
12992,plan_12992,13548,train,4398
12993,plan_12993,13549,train,3429
12994,plan_12994,13550,train,2605
12995,plan_12995,13551,train,13692
12996,plan_12996,13552,train,9303
12997,plan_12997,13553,test,100
12998,plan_12998,13554,train,11667
12999,plan_12999,13555,train,5538
13000,plan_13000,13556,test,1337
13001,plan_13001,13557,train,4542
13002,plan_13002,13558,train,12830
13003,plan_13003,13559,train,3048
13004,plan_13004,13560,train,9190
13005,plan_13005,13561,train,9848
13006,plan_13006,13562,train,7274
13007,plan_13007,13563,train,4018
13008,plan_13008,13564,train,10103
13009,plan_13009,13565,test,1713
13010,plan_13010,13566,train,12361
13011,plan_13011,13567,train,8041
13012,plan_13012,13568,train,9820
13013,plan_13013,13569,train,6000
13014,plan_13014,13570,train,1070
13015,plan_13015,13571,train,8484
13016,plan_13016,13572,train,8453
13017,plan_13017,13573,train,13147
13018,plan_13018,13574,train,2144
13019,plan_13019,13575,train,13301
13020,plan_13020,13576,train,7364
13021,plan_13021,13577,test,2172
13022,plan_13022,13578,train,11598
13023,plan_13023,13579,train,12843
13024,plan_13024,13580,train,9484
13025,plan_13025,13581,train,2416
13026,plan_13026,13582,train,3110
13027,plan_13027,13583,train,12491
13028,plan_13028,13584,train,4710
13029,plan_13029,13585,train,10792
13030,plan_13030,13586,test,1523
13031,plan_13031,13587,train,9761
13032,plan_13032,13588,train,9020
13033,plan_13033,13589,train,5151
13034,plan_13034,13590,train,9407
13035,plan_13035,13591,train,8485
13036,plan_13036,13592,test,831
13037,plan_13037,13593,test,326
13038,plan_13038,13594,train,3707
13039,plan_13039,13595,train,8074
13040,plan_13040,13596,train,3932
13041,plan_13041,13597,train,7634
13042,plan_13042,13598,train,5472
13043,plan_13043,13599,train,7070
13044,plan_13044,13600,train,7722
13045,plan_13045,13601,train,2818
13046,plan_13046,13602,train,13807
13047,plan_13047,13603,train,11704
13048,plan_13048,13604,train,12048
13049,plan_13049,13605,train,5696
13050,plan_13050,13606,train,6124
13051,plan_13051,13607,test,1421
13052,plan_13052,13608,train,1103
13053,plan_13053,13609,test,285
13054,plan_13054,13610,train,4581
13055,plan_13055,13611,train,5594
13056,plan_13056,13612,train,5791
13057,plan_13057,13613,train,11806
13058,plan_13058,13614,train,8928
13059,plan_13059,13615,train,13571
13060,plan_13060,13616,train,9899
13061,plan_13061,13617,train,10456
13062,plan_13062,13618,train,12046
13063,plan_13063,13619,train,12730
13064,plan_13064,13620,train,5604
13065,plan_13065,13621,train,5963
13066,plan_13066,13622,train,1646
13067,plan_13067,13623,train,3400
13068,plan_13068,13624,train,1216
13069,plan_13069,13625,train,6400
13070,plan_13070,13626,train,11113
13071,plan_13071,13627,train,11782
13072,plan_13072,13628,train,11134
13073,plan_13073,13629,train,5958
13074,plan_13074,13630,train,2221
13075,plan_13075,13631,train,13182
13076,plan_13076,13632,train,14251
13077,plan_13077,13633,train,12473
13078,plan_13078,13634,test,1317
13079,plan_13079,13635,train,12919
13080,plan_13080,13636,train,155
13081,plan_13081,13637,train,5493
13082,plan_13082,13638,train,9364
13083,plan_13083,13639,train,7544
13084,plan_13084,13640,train,5774
13085,plan_13085,13641,train,12049
13086,plan_13086,13642,train,7306
13087,plan_13087,13643,train,8827
13088,plan_13088,13644,train,7467
13089,plan_13089,13645,train,4122
13090,plan_13090,13646,train,5631
13091,plan_13091,13647,train,10458
13092,plan_13092,13648,train,3643
13093,plan_13093,13649,train,13013
13094,plan_13094,13650,train,8356
13095,plan_13095,13651,train,3364
13096,plan_13096,13652,train,6440
13097,plan_13097,13653,train,9734
13098,plan_13098,13654,train,1423
13099,plan_13099,13656,train,4083
13100,plan_13100,13657,train,7953
13101,plan_13101,13658,train,2616
13102,plan_13102,13659,train,9249
13103,plan_13103,13660,train,4092
13104,plan_13104,13661,train,10742
13105,plan_13105,13662,train,9818
13106,plan_13106,13663,train,7887
13107,plan_13107,13664,test,1257
13108,plan_13108,13665,train,2114
13109,plan_13109,13666,train,8530
13110,plan_13110,13667,train,10949
13111,plan_13111,13668,train,502
13112,plan_13112,13669,train,11824
13113,plan_13113,13670,train,4571
13114,plan_13114,13671,test,812
13115,plan_13115,13674,train,7176
13116,plan_13116,13675,train,11384
13117,plan_13117,13676,train,10892
13118,plan_13118,13677,train,6893
13119,plan_13119,13678,train,8312
13120,plan_13120,13679,train,3370
13121,plan_13121,13680,train,3683
13122,plan_13122,13681,test,180
13123,plan_13123,13682,train,9065
13124,plan_13124,13683,train,5323
13125,plan_13125,13684,train,6241
13126,plan_13126,13685,train,12313
13127,plan_13127,13686,train,3127
13128,plan_13128,13687,test,2457
13129,plan_13129,13688,train,8053
13130,plan_13130,13689,train,13941
13131,plan_13131,13690,train,6508
13132,plan_13132,13692,train,14214
13133,plan_13133,13693,test,109
13134,plan_13134,13694,train,11126
13135,plan_13135,13695,test,1822
13136,plan_13136,13696,train,11634
13137,plan_13137,13697,train,4103
13138,plan_13138,13698,train,5798
13139,plan_13139,13699,train,9450
13140,plan_13140,13700,train,4840
13141,plan_13141,13701,train,7062
13142,plan_13142,13702,test,197
13143,plan_13143,13703,train,5482
13144,plan_13144,13704,train,1403
13145,plan_13145,13705,train,7893
13146,plan_13146,13706,train,3290
13147,plan_13147,13707,train,2005
13148,plan_13148,13708,train,11079
13149,plan_13149,13709,train,4846
13150,plan_13150,13710,train,14434
13151,plan_13151,13711,train,476
13152,plan_13152,13712,test,781
13153,plan_13153,13714,test,2284
13154,plan_13154,13715,test,1246
13155,plan_13155,13716,train,10360
13156,plan_13156,13723,train,4067
13157,plan_13157,13724,test,1327
13158,plan_13158,13725,train,8435
13159,plan_13159,13726,train,5226
13160,plan_13160,13727,train,5128
13161,plan_13161,13728,train,6529
13162,plan_13162,13729,train,1001
13163,plan_13163,13730,train,3777
13164,plan_13164,13731,train,11647
13165,plan_13165,13732,test,1939
13166,plan_13166,13733,train,5179
13167,plan_13167,13734,train,2386
13168,plan_13168,13735,train,4540
13169,plan_13169,13736,train,3044
13170,plan_13170,13737,train,7940
13171,plan_13171,13738,train,13688
13172,plan_13172,13739,train,10276
13173,plan_13173,13740,train,73
13174,plan_13174,13741,train,26
13175,plan_13175,13742,train,8693
13176,plan_13176,13743,train,11907
13177,plan_13177,13744,train,991
13178,plan_13178,13745,train,6333
13179,plan_13179,13746,train,1555
13180,plan_13180,13747,test,1851
13181,plan_13181,13748,train,10798
13182,plan_13182,13749,train,4690
13183,plan_13183,13750,train,10794
13184,plan_13184,13751,test,2018
13185,plan_13185,13752,train,11710
13186,plan_13186,13753,train,13318
13187,plan_13187,13754,train,14361
13188,plan_13188,13755,train,11100
13189,plan_13189,13756,train,8120
13190,plan_13190,13757,train,13514
13191,plan_13191,13758,train,2292
13192,plan_13192,13759,train,212
13193,plan_13193,13760,train,8052
13194,plan_13194,13761,train,11335
13195,plan_13195,13762,train,4929
13196,plan_13196,13763,train,10995
13197,plan_13197,13764,train,11853
13198,plan_13198,13765,train,5881
13199,plan_13199,13766,train,7588
13200,plan_13200,13767,train,10128
13201,plan_13201,13768,train,10266
13202,plan_13202,13769,train,8294
13203,plan_13203,13770,train,9011
13204,plan_13204,13771,train,9491
13205,plan_13205,13772,train,12737
13206,plan_13206,13773,train,3168
13207,plan_13207,13774,train,11513
13208,plan_13208,13775,train,8858
13209,plan_13209,13776,train,55
13210,plan_13210,13777,train,9657
13211,plan_13211,13778,train,3907
13212,plan_13212,13779,train,2971
13213,plan_13213,13780,test,395
13214,plan_13214,13781,train,3511
13215,plan_13215,13782,train,9276
13216,plan_13216,13783,train,1875
13217,plan_13217,13784,train,11880
13218,plan_13218,13785,train,13474
13219,plan_13219,13786,test,857
13220,plan_13220,13787,train,13375
13221,plan_13221,13788,train,9578
13222,plan_13222,13789,train,11015
13223,plan_13223,13790,test,1574
13224,plan_13224,13791,train,3958
13225,plan_13225,13792,train,7718
13226,plan_13226,13793,train,2713
13227,plan_13227,13794,train,248
13228,plan_13228,13795,train,10898
13229,plan_13229,13796,train,14433
13230,plan_13230,13797,train,230
13231,plan_13231,13798,train,8766
13232,plan_13232,13799,train,1807
13233,plan_13233,13800,train,132
13234,plan_13234,13801,train,10269
13235,plan_13235,13802,train,12480
13236,plan_13236,13803,train,9596
13237,plan_13237,13804,test,1143
13238,plan_13238,13805,train,12607
13239,plan_13239,13806,train,8488
13240,plan_13240,13807,test,2349
13241,plan_13241,13808,train,11594
13242,plan_13242,13809,train,271
13243,plan_13243,13810,train,11233
13244,plan_13244,13811,train,9401
13245,plan_13245,13812,train,1388
13246,plan_13246,13813,train,1978
13247,plan_13247,13814,test,31
13248,plan_13248,13815,train,5673
13249,plan_13249,13816,test,209
13250,plan_13250,13817,train,12284
13251,plan_13251,13818,train,6939
13252,plan_13252,13819,test,904
13253,plan_13253,13820,train,10569
13254,plan_13254,13821,train,1224
13255,plan_13255,13822,train,9476
13256,plan_13256,13823,train,695
13257,plan_13257,13824,train,224
13258,plan_13258,13825,train,12287
13259,plan_13259,13826,train,7258
13260,plan_13260,13827,train,8927
13261,plan_13261,13828,train,7606
13262,plan_13262,13829,train,8184
13263,plan_13263,13830,train,8479
13264,plan_13264,13831,test,845
13265,plan_13265,13832,train,4340
13266,plan_13266,13833,test,1554
13267,plan_13267,13834,train,13274
13268,plan_13268,13835,train,11623
13269,plan_13269,13836,train,14300
13270,plan_13270,13837,train,14410
13271,plan_13271,13838,train,8155
13272,plan_13272,13839,train,10872
13273,plan_13273,13840,train,100
13274,plan_13274,13841,train,1817
13275,plan_13275,13842,test,37
13276,plan_13276,13843,train,9898
13277,plan_13277,13844,test,2236
13278,plan_13278,13845,train,10135
13279,plan_13279,13846,train,12757
13280,plan_13280,13847,train,4054
13281,plan_13281,13848,train,8202
13282,plan_13282,13849,train,1061
13283,plan_13283,13850,train,10229
13284,plan_13284,13851,train,11274
13285,plan_13285,13852,train,10166
13286,plan_13286,13853,train,4151
13287,plan_13287,13854,test,2179
13288,plan_13288,13855,test,724
13289,plan_13289,13856,train,11357
13290,plan_13290,13857,train,6599
13291,plan_13291,13858,train,13980
13292,plan_13292,13859,train,8102
13293,plan_13293,13860,train,12368
13294,plan_13294,13861,train,13245
13295,plan_13295,13862,train,9850
13296,plan_13296,13863,train,5678
13297,plan_13297,13864,train,7133
13298,plan_13298,13865,test,954
13299,plan_13299,13866,train,6865
13300,plan_13300,13867,train,12266
13301,plan_13301,13868,train,12846
13302,plan_13302,13869,train,1071
13303,plan_13303,13870,train,7666
13304,plan_13304,13871,train,12227
13305,plan_13305,13872,train,3365
13306,plan_13306,13873,train,1816
13307,plan_13307,13874,train,11447
13308,plan_13308,13875,train,9998
13309,plan_13309,13876,train,11157
13310,plan_13310,13877,train,341
13311,plan_13311,13878,train,12979
13312,plan_13312,13879,train,12089
13313,plan_13313,13880,train,8306
13314,plan_13314,13881,train,6037
13315,plan_13315,13882,train,12023
13316,plan_13316,13883,train,1429
13317,plan_13317,13884,train,9463
13318,plan_13318,13885,train,6045
13319,plan_13319,13886,train,2639
13320,plan_13320,13887,train,8648
13321,plan_13321,13888,train,9462
13322,plan_13322,13889,train,13337
13323,plan_13323,13890,train,10108
13324,plan_13324,13891,train,5912
13325,plan_13325,13892,test,1491
13326,plan_13326,13893,train,11358
13327,plan_13327,13894,train,14279
13328,plan_13328,13895,train,8960
13329,plan_13329,13896,test,756
13330,plan_13330,13897,train,5477
13331,plan_13331,13898,train,6725
13332,plan_13332,13899,train,14125
13333,plan_13333,13900,train,4207
13334,plan_13334,13901,train,6424
13335,plan_13335,13902,train,13253
13336,plan_13336,13903,train,12195
13337,plan_13337,13904,test,1499
13338,plan_13338,13905,test,1457
13339,plan_13339,13906,train,10440
13340,plan_13340,13907,train,7366
13341,plan_13341,13908,test,1419
13342,plan_13342,13909,train,3808
13343,plan_13343,13910,train,2120
13344,plan_13344,13911,train,7948
13345,plan_13345,13912,train,56
13346,plan_13346,13913,test,1753
13347,plan_13347,13914,train,7553
13348,plan_13348,13915,train,4139
13349,plan_13349,13916,train,10320
13350,plan_13350,13917,test,1774
13351,plan_13351,13918,train,7352
13352,plan_13352,13919,train,6513
13353,plan_13353,13920,train,4353
13354,plan_13354,13921,train,1977
13355,plan_13355,13922,train,2744
13356,plan_13356,13923,train,5967
13357,plan_13357,13924,train,8815
13358,plan_13358,13925,test,1533
13359,plan_13359,13926,train,13749
13360,plan_13360,13927,train,5697
13361,plan_13361,13928,test,1905
13362,plan_13362,13929,train,2924
13363,plan_13363,13930,train,9209
13364,plan_13364,13931,train,9405
13365,plan_13365,13932,train,1147
13366,plan_13366,13933,train,8973
13367,plan_13367,13934,train,650
13368,plan_13368,13935,train,7660
13369,plan_13369,13936,train,5358
13370,plan_13370,13937,train,478
13371,plan_13371,13938,train,14169
13372,plan_13372,13939,train,5172
13373,plan_13373,13940,train,245
13374,plan_13374,13941,test,459
13375,plan_13375,13942,test,1864
13376,plan_13376,13943,train,2694
13377,plan_13377,13944,train,1681
13378,plan_13378,13945,train,5030
13379,plan_13379,13946,train,12884
13380,plan_13380,13947,train,4128
13381,plan_13381,13948,train,6591
13382,plan_13382,13949,train,499
13383,plan_13383,13950,train,14209
13384,plan_13384,13951,train,13783
13385,plan_13385,13952,train,10241
13386,plan_13386,13953,train,13386
13387,plan_13387,13954,test,1812
13388,plan_13388,13955,train,1544
13389,plan_13389,13956,train,12136
13390,plan_13390,13957,train,12873
13391,plan_13391,13958,test,94
13392,plan_13392,13959,train,9352
13393,plan_13393,13960,test,1631
13394,plan_13394,13961,train,6094
13395,plan_13395,13962,train,7342
13396,plan_13396,13963,train,13796
13397,plan_13397,13964,train,4953
13398,plan_13398,13965,train,14312
13399,plan_13399,13966,train,13563
13400,plan_13400,13967,train,7526
13401,plan_13401,13968,train,12836
13402,plan_13402,13969,test,945
13403,plan_13403,13970,train,9214
13404,plan_13404,13971,train,11421
13405,plan_13405,13972,train,11166
13406,plan_13406,13973,train,5760
13407,plan_13407,13974,train,13348
13408,plan_13408,13975,train,943
13409,plan_13409,13976,train,6462
13410,plan_13410,13977,train,10416
13411,plan_13411,13978,train,8937
13412,plan_13412,13979,train,11146
13413,plan_13413,13980,train,2751
13414,plan_13414,13981,train,3508
13415,plan_13415,13982,train,10429
13416,plan_13416,13983,train,6557
13417,plan_13417,13984,train,7684
13418,plan_13418,13985,train,14002
13419,plan_13419,13986,train,14072
13420,plan_13420,13987,test,1286
13421,plan_13421,13988,train,11877
13422,plan_13422,13989,train,13482
13423,plan_13423,13990,train,7053
13424,plan_13424,13991,train,10418
13425,plan_13425,13992,train,508
13426,plan_13426,13993,train,7856
13427,plan_13427,13994,train,7162
13428,plan_13428,13995,train,7961
13429,plan_13429,13996,train,822
13430,plan_13430,13997,train,8145
13431,plan_13431,13998,train,3388
13432,plan_13432,13999,train,7601
13433,plan_13433,14000,train,11328
13434,plan_13434,14001,train,3377
13435,plan_13435,14002,train,7265
13436,plan_13436,14003,train,404
13437,plan_13437,14004,train,13797
13438,plan_13438,14005,train,1821
13439,plan_13439,14006,train,241
13440,plan_13440,14007,train,9882
13441,plan_13441,14008,train,3842
13442,plan_13442,14009,train,7857
13443,plan_13443,14010,train,1225
13444,plan_13444,14011,train,9217
13445,plan_13445,14012,train,2965
13446,plan_13446,14013,train,2131
13447,plan_13447,14014,train,11742
13448,plan_13448,14015,train,12031
13449,plan_13449,14016,train,1990
13450,plan_13450,14017,train,5372
13451,plan_13451,14018,train,12495
13452,plan_13452,14019,test,1773
13453,plan_13453,14020,train,1962
13454,plan_13454,14021,train,5465
13455,plan_13455,14022,test,2309
13456,plan_13456,14023,train,12665
13457,plan_13457,14024,train,4679
13458,plan_13458,14025,test,698
13459,plan_13459,14026,train,1156
13460,plan_13460,14027,train,10417
13461,plan_13461,14028,test,1859
13462,plan_13462,14029,train,3327
13463,plan_13463,14030,train,2951
13464,plan_13464,14031,train,4470
13465,plan_13465,14032,test,102
13466,plan_13466,14033,train,4834
13467,plan_13467,14034,train,13437
13468,plan_13468,14035,train,13215
13469,plan_13469,14036,train,5021
13470,plan_13470,14037,train,8551
13471,plan_13471,14038,train,1961
13472,plan_13472,14039,train,9618
13473,plan_13473,14040,train,5732
13474,plan_13474,14041,train,2153
13475,plan_13475,14042,test,186
13476,plan_13476,14043,train,13953
13477,plan_13477,14044,train,13189
13478,plan_13478,14045,train,11618
13479,plan_13479,14046,train,2996
13480,plan_13480,14047,train,1196
13481,plan_13481,14048,train,14397
13482,plan_13482,14049,train,14025
13483,plan_13483,14050,train,9157
13484,plan_13484,14051,test,2363
13485,plan_13485,14052,train,142
13486,plan_13486,14053,train,4576
13487,plan_13487,14054,train,11424
13488,plan_13488,14055,test,1821
13489,plan_13489,14056,train,3671
13490,plan_13490,14057,train,9129
13491,plan_13491,14058,train,8337
13492,plan_13492,14059,test,754
13493,plan_13493,14060,train,1598
13494,plan_13494,14061,train,12211
13495,plan_13495,14062,train,5653
13496,plan_13496,14063,train,5397
13497,plan_13497,14064,train,8768
13498,plan_13498,14065,train,9719
13499,plan_13499,14066,train,1983
13500,plan_13500,14067,train,4138
13501,plan_13501,14068,test,212
13502,plan_13502,14069,train,1505
13503,plan_13503,14070,train,668
13504,plan_13504,14071,train,7454
13505,plan_13505,14072,train,4771
13506,plan_13506,14073,train,6493
13507,plan_13507,14074,test,2036
13508,plan_13508,14075,train,1230
13509,plan_13509,14076,train,11537
13510,plan_13510,14077,train,4420
13511,plan_13511,14078,train,7976
13512,plan_13512,14079,train,13123
13513,plan_13513,14080,train,9315
13514,plan_13514,14081,train,11515
13515,plan_13515,14082,train,6033
13516,plan_13516,14083,train,656
13517,plan_13517,14084,train,2463
13518,plan_13518,14085,train,1464
13519,plan_13519,14086,train,13615
13520,plan_13520,14087,train,522
13521,plan_13521,14088,train,3738
13522,plan_13522,14089,test,207
13523,plan_13523,14090,train,4538
13524,plan_13524,14091,train,1743
13525,plan_13525,14092,test,1942
13526,plan_13526,14093,train,8391
13527,plan_13527,14094,train,10804
13528,plan_13528,14095,train,6691
13529,plan_13529,14096,train,158
13530,plan_13530,14097,train,10832
13531,plan_13531,14098,train,7709
13532,plan_13532,14099,train,11480
13533,plan_13533,14100,train,3970
13534,plan_13534,14101,test,217
13535,plan_13535,14102,train,1134
13536,plan_13536,14103,train,2031
13537,plan_13537,14104,train,7024
13538,plan_13538,14105,train,745
13539,plan_13539,14108,train,6883
13540,plan_13540,14109,train,12196
13541,plan_13541,14110,train,8469
13542,plan_13542,14111,train,2047
13543,plan_13543,14112,train,708
13544,plan_13544,14113,train,4662
13545,plan_13545,14114,train,1806
13546,plan_13546,14115,train,5949
13547,plan_13547,14116,test,158
13548,plan_13548,14117,train,11671
13549,plan_13549,14118,train,7027
13550,plan_13550,14119,train,7462
13551,plan_13551,14120,train,8162
13552,plan_13552,14121,train,321
13553,plan_13553,14122,train,891
13554,plan_13554,14123,train,8687
13555,plan_13555,14124,test,483
13556,plan_13556,14125,train,4740
13557,plan_13557,14126,train,13165
13558,plan_13558,14127,test,764
13559,plan_13559,14128,test,1702
13560,plan_13560,14129,train,8098
13561,plan_13561,14130,train,4371
13562,plan_13562,14131,train,2461
13563,plan_13563,14132,train,6195
13564,plan_13564,14133,test,2524
13565,plan_13565,14134,train,5412
13566,plan_13566,14135,train,11913
13567,plan_13567,14137,train,11506
13568,plan_13568,14138,train,9770
13569,plan_13569,14139,train,7724
13570,plan_13570,14140,train,9423
13571,plan_13571,14141,train,1262
13572,plan_13572,14142,test,2040
13573,plan_13573,14143,train,12275
13574,plan_13574,14144,train,4911
13575,plan_13575,14145,train,5615
13576,plan_13576,14146,train,1923
13577,plan_13577,14147,train,6551
13578,plan_13578,14148,train,13428
13579,plan_13579,14149,train,6326
13580,plan_13580,14150,train,4810
13581,plan_13581,14151,train,5368
13582,plan_13582,14152,train,12024
13583,plan_13583,14153,train,2515
13584,plan_13584,14154,train,14367
13585,plan_13585,14155,train,1401
13586,plan_13586,14156,train,8514
13587,plan_13587,14157,train,9495
13588,plan_13588,14158,train,1863
13589,plan_13589,14159,train,13671
13590,plan_13590,14160,train,936
13591,plan_13591,14161,train,3234
13592,plan_13592,14162,train,9021
13593,plan_13593,14163,train,3593
13594,plan_13594,14164,train,13304
13595,plan_13595,14165,train,6455
13596,plan_13596,14166,train,12015
13597,plan_13597,14167,train,11203
13598,plan_13598,14168,train,1144
13599,plan_13599,14169,train,6358
13600,plan_13600,14170,train,11334
13601,plan_13601,14171,train,11908
13602,plan_13602,14172,train,9714
13603,plan_13603,14173,train,4467
13604,plan_13604,14174,train,3347
13605,plan_13605,14175,train,2235
13606,plan_13606,14176,test,502
13607,plan_13607,14177,train,6156
13608,plan_13608,14178,train,1185
13609,plan_13609,14179,train,6225
13610,plan_13610,14180,train,6332
13611,plan_13611,14181,train,11994
13612,plan_13612,14182,train,4551
13613,plan_13613,14183,train,12129
13614,plan_13614,14184,test,2155
13615,plan_13615,14185,test,1235
13616,plan_13616,14186,train,7591
13617,plan_13617,14187,train,1579
13618,plan_13618,14188,train,7963
13619,plan_13619,14189,train,6236
13620,plan_13620,14190,train,6889
13621,plan_13621,14191,test,2071
13622,plan_13622,14192,train,9647
13623,plan_13623,14193,train,3430
13624,plan_13624,14194,train,10006
13625,plan_13625,14195,train,9355
13626,plan_13626,14196,train,52
13627,plan_13627,14198,train,4692
13628,plan_13628,14199,train,7023
13629,plan_13629,14200,train,13446
13630,plan_13630,14201,train,13712
13631,plan_13631,14202,train,4107
13632,plan_13632,14203,test,682
13633,plan_13633,14204,train,3609
13634,plan_13634,14205,train,11716
13635,plan_13635,14206,train,2566
13636,plan_13636,14207,train,2686
13637,plan_13637,14208,train,14238
13638,plan_13638,14209,train,9485
13639,plan_13639,14210,train,188
13640,plan_13640,14211,train,4096
13641,plan_13641,14212,test,1363
13642,plan_13642,14213,train,12197
13643,plan_13643,14214,train,4762
13644,plan_13644,14215,train,2238
13645,plan_13645,14216,test,631
13646,plan_13646,14217,train,6992
13647,plan_13647,14218,train,7885
13648,plan_13648,14219,train,12008
13649,plan_13649,14220,train,9559
13650,plan_13650,14221,train,12006
13651,plan_13651,14222,train,1665
13652,plan_13652,14223,train,9047
13653,plan_13653,14224,train,11832
13654,plan_13654,14225,train,6110
13655,plan_13655,14226,train,5686
13656,plan_13656,14227,train,3757
13657,plan_13657,14228,train,2838
13658,plan_13658,14229,test,1237
13659,plan_13659,14230,train,9051
13660,plan_13660,14231,train,11461
13661,plan_13661,14233,train,12037
13662,plan_13662,14234,train,4480
13663,plan_13663,14235,train,4234
13664,plan_13664,14236,test,1509
13665,plan_13665,14237,test,324
13666,plan_13666,14239,train,11409
13667,plan_13667,14240,train,11479
13668,plan_13668,14241,train,6132
13669,plan_13669,14242,train,2043
13670,plan_13670,14243,train,7398
13671,plan_13671,14244,train,784
13672,plan_13672,14245,test,1507
13673,plan_13673,14246,train,8224
13674,plan_13674,14247,train,8045
13675,plan_13675,14248,train,5561
13676,plan_13676,14249,train,6324
13677,plan_13677,14250,train,3959
13678,plan_13678,14251,train,5028
13679,plan_13679,14252,train,3729
13680,plan_13680,14254,train,10384
13681,plan_13681,14255,test,2379
13682,plan_13682,14256,test,1740
13683,plan_13683,14257,train,8967
13684,plan_13684,14258,test,1174
13685,plan_13685,14259,train,11900
13686,plan_13686,14260,train,10743
13687,plan_13687,14261,train,6098
13688,plan_13688,14262,train,7701
13689,plan_13689,14263,train,11085
13690,plan_13690,14264,train,3374
13691,plan_13691,14265,train,8157
13692,plan_13692,14266,train,9604
13693,plan_13693,14267,train,6611
13694,plan_13694,14268,train,5870
13695,plan_13695,14269,train,4943
13696,plan_13696,14270,train,9472
13697,plan_13697,14271,train,9234
13698,plan_13698,14272,test,1115
13699,plan_13699,14273,train,2341
13700,plan_13700,14274,train,11379
13701,plan_13701,14275,train,2205
13702,plan_13702,14276,train,3187
13703,plan_13703,14277,train,13011
13704,plan_13704,14278,train,7421
13705,plan_13705,14279,train,3786
13706,plan_13706,14280,train,8565
13707,plan_13707,14281,train,6688
13708,plan_13708,14282,test,46
13709,plan_13709,14283,train,2284
13710,plan_13710,14284,train,5199
13711,plan_13711,14285,test,1543
13712,plan_13712,14286,train,5848
13713,plan_13713,14287,train,7739
13714,plan_13714,14288,train,6622
13715,plan_13715,14289,train,12532
13716,plan_13716,14290,train,12334
13717,plan_13717,14291,train,10053
13718,plan_13718,14292,train,7995
13719,plan_13719,14293,test,1443
13720,plan_13720,14294,train,1776
13721,plan_13721,14298,train,10602
13722,plan_13722,14299,train,13705
13723,plan_13723,14300,train,597
13724,plan_13724,14301,test,1701
13725,plan_13725,14302,train,6659
13726,plan_13726,14303,test,495
13727,plan_13727,14304,test,1270
13728,plan_13728,14305,test,25
13729,plan_13729,14306,train,1707
13730,plan_13730,14307,train,3207
13731,plan_13731,14309,test,713
13732,plan_13732,14310,train,10268
13733,plan_13733,14311,train,6192
13734,plan_13734,14312,test,2384
13735,plan_13735,14313,train,9293
13736,plan_13736,14314,train,3085
13737,plan_13737,14315,train,4218
13738,plan_13738,14316,train,5164
13739,plan_13739,14317,train,4126
13740,plan_13740,14318,train,5763
13741,plan_13741,14319,train,3153
13742,plan_13742,14322,train,5448
13743,plan_13743,14323,train,6187
13744,plan_13744,14324,train,1271
13745,plan_13745,14325,train,11564
13746,plan_13746,14326,train,6197
13747,plan_13747,14327,train,7619
13748,plan_13748,14328,train,6355
13749,plan_13749,14329,train,9320
13750,plan_13750,14330,train,9829
13751,plan_13751,14331,train,7283
13752,plan_13752,14332,train,5118
13753,plan_13753,14333,train,9382
13754,plan_13754,14334,train,5170
13755,plan_13755,14335,train,4362
13756,plan_13756,14336,test,403
13757,plan_13757,14337,train,6363
13758,plan_13758,14338,test,1473
13759,plan_13759,14339,train,1741
13760,plan_13760,14340,train,10189
13761,plan_13761,14341,train,10256
13762,plan_13762,14342,train,13728
13763,plan_13763,14343,train,13703
13764,plan_13764,14344,train,9779
13765,plan_13765,14350,train,11284
13766,plan_13766,14351,train,6335
13767,plan_13767,14352,train,2747
13768,plan_13768,14353,train,2841
13769,plan_13769,14354,train,8516
13770,plan_13770,14355,test,2322
13771,plan_13771,14356,train,13792
13772,plan_13772,14357,train,715
13773,plan_13773,14358,train,13319
13774,plan_13774,14359,train,10102
13775,plan_13775,14360,train,10515
13776,plan_13776,14361,train,5036
13777,plan_13777,14362,train,12078
13778,plan_13778,14363,train,3368
13779,plan_13779,14364,train,11760
13780,plan_13780,14365,train,507
13781,plan_13781,14366,train,10022
13782,plan_13782,14367,test,1890
13783,plan_13783,14368,test,2411
13784,plan_13784,14369,train,12728
13785,plan_13785,14370,test,2250
13786,plan_13786,14371,train,10717
13787,plan_13787,14372,test,1326
13788,plan_13788,14373,train,4343
13789,plan_13789,14374,train,2175
13790,plan_13790,14375,train,8018
13791,plan_13791,14376,train,8674
13792,plan_13792,14377,test,1906
13793,plan_13793,14378,train,3403
13794,plan_13794,14379,train,12163
13795,plan_13795,14380,train,8902
13796,plan_13796,14381,train,3115
13797,plan_13797,14382,test,2159
13798,plan_13798,14383,train,13443
13799,plan_13799,14384,test,1446
13800,plan_13800,14385,train,8325
13801,plan_13801,14386,train,13203
13802,plan_13802,14387,train,8641
13803,plan_13803,14388,train,4631
13804,plan_13804,14389,train,11924
13805,plan_13805,14390,train,5032
13806,plan_13806,14391,test,592
13807,plan_13807,14392,train,4108
13808,plan_13808,14393,train,2873
13809,plan_13809,14394,train,3035
13810,plan_13810,14395,train,1939
13811,plan_13811,14396,test,998
13812,plan_13812,14397,train,11897
13813,plan_13813,14398,train,12970
13814,plan_13814,14399,train,11181
13815,plan_13815,14406,train,4293
13816,plan_13816,14407,train,1306
13817,plan_13817,14408,train,2710
13818,plan_13818,14409,train,3953
13819,plan_13819,14410,train,11770
13820,plan_13820,14411,train,14050
13821,plan_13821,14412,train,3045
13822,plan_13822,14413,train,4641
13823,plan_13823,14414,train,12058
13824,plan_13824,14415,train,1172
13825,plan_13825,14416,train,8724
13826,plan_13826,14417,train,5691
13827,plan_13827,14418,train,6554
13828,plan_13828,14419,test,1145
13829,plan_13829,14420,test,649
13830,plan_13830,14421,train,13841
13831,plan_13831,14422,train,8595
13832,plan_13832,14423,test,1703
13833,plan_13833,14424,train,1731
13834,plan_13834,14425,train,9917
13835,plan_13835,14426,train,7987
13836,plan_13836,14427,test,1588
13837,plan_13837,14428,test,1622
13838,plan_13838,14429,train,11597
13839,plan_13839,14430,train,10906
13840,plan_13840,14431,test,2017
13841,plan_13841,14432,train,10257
13842,plan_13842,14433,train,2964
13843,plan_13843,14434,train,12283
13844,plan_13844,14435,train,210
13845,plan_13845,14436,test,2392
13846,plan_13846,14437,train,6980
13847,plan_13847,14438,train,14321
13848,plan_13848,14439,train,14351
13849,plan_13849,14441,train,2732
13850,plan_13850,14443,train,2208
13851,plan_13851,14444,test,2305
13852,plan_13852,14445,train,380
13853,plan_13853,14446,train,8143
13854,plan_13854,14447,train,3656
13855,plan_13855,14448,train,12672
13856,plan_13856,14449,train,5278
13857,plan_13857,14450,train,5297
13858,plan_13858,14451,train,11601
13859,plan_13859,14452,test,227
13860,plan_13860,14453,train,10485
13861,plan_13861,14454,train,5395
13862,plan_13862,14455,train,8593
13863,plan_13863,14456,train,1796
13864,plan_13864,14457,test,1609
13865,plan_13865,14458,train,11905
13866,plan_13866,14459,train,1883
13867,plan_13867,14460,test,819
13868,plan_13868,14461,train,489
13869,plan_13869,14462,train,13252
13870,plan_13870,14463,train,8208
13871,plan_13871,14464,train,1516
13872,plan_13872,14465,train,9969
13873,plan_13873,14466,train,11898
13874,plan_13874,14467,train,3628
13875,plan_13875,14468,train,9592
13876,plan_13876,14469,train,1565
13877,plan_13877,14470,train,11615
13878,plan_13878,14471,train,2118
13879,plan_13879,14472,train,7086
13880,plan_13880,14473,train,11682
13881,plan_13881,14474,train,6284
13882,plan_13882,14475,train,3487
13883,plan_13883,14476,train,10588
13884,plan_13884,14477,train,11353
13885,plan_13885,14478,train,10321
13886,plan_13886,14479,train,6979
13887,plan_13887,14480,train,14129
13888,plan_13888,14481,train,4727
13889,plan_13889,14482,train,471
13890,plan_13890,14483,test,178
13891,plan_13891,14484,train,1315
13892,plan_13892,14485,train,5338
13893,plan_13893,14486,train,7823
13894,plan_13894,14487,train,8178
13895,plan_13895,14488,train,3190
13896,plan_13896,14489,train,5157
13897,plan_13897,14490,test,2303
13898,plan_13898,14491,train,5081
13899,plan_13899,14492,train,8965
13900,plan_13900,14493,train,12786
13901,plan_13901,14494,train,10532
13902,plan_13902,14495,train,11781
13903,plan_13903,14496,train,10926
13904,plan_13904,14497,test,1352
13905,plan_13905,14498,train,6833
13906,plan_13906,14499,test,2073
13907,plan_13907,14500,train,1084
13908,plan_13908,14501,train,8548
13909,plan_13909,14502,test,464
13910,plan_13910,14503,train,13317
13911,plan_13911,14504,train,11387
13912,plan_13912,14505,train,1611
13913,plan_13913,14506,train,420
13914,plan_13914,14507,train,2930
13915,plan_13915,14508,train,10887
13916,plan_13916,14509,train,1588
13917,plan_13917,14510,train,12890
13918,plan_13918,14511,train,4042
13919,plan_13919,14512,train,10644
13920,plan_13920,14513,train,5016
13921,plan_13921,14514,train,10793
13922,plan_13922,14515,train,7982
13923,plan_13923,14516,train,11829
13924,plan_13924,14517,train,5443
13925,plan_13925,14518,train,915
13926,plan_13926,14519,train,10763
13927,plan_13927,14522,train,6307
13928,plan_13928,14524,train,838
13929,plan_13929,14525,train,881
13930,plan_13930,14526,train,6302
13931,plan_13931,14527,train,1819
13932,plan_13932,14528,train,9050
13933,plan_13933,14529,test,1171
13934,plan_13934,14530,train,5841
13935,plan_13935,14531,train,10261
13936,plan_13936,14532,train,8675
13937,plan_13937,14533,train,13141
13938,plan_13938,14534,train,10420
13939,plan_13939,14535,train,11982
13940,plan_13940,14536,train,884
13941,plan_13941,14537,train,1477
13942,plan_13942,14538,train,14137
13943,plan_13943,14539,train,967
13944,plan_13944,14540,train,14008
13945,plan_13945,14541,test,2541
13946,plan_13946,14542,train,5984
13947,plan_13947,14543,train,2587
13948,plan_13948,14544,train,7649
13949,plan_13949,14545,train,11356
13950,plan_13950,14546,test,1803
13951,plan_13951,14547,train,5203
13952,plan_13952,14548,train,7584
13953,plan_13953,14549,train,4502
13954,plan_13954,14550,train,9248
13955,plan_13955,14551,train,1911
13956,plan_13956,14552,train,3128
13957,plan_13957,14553,train,6128
13958,plan_13958,14554,train,9545
13959,plan_13959,14555,train,11066
13960,plan_13960,14556,train,13405
13961,plan_13961,14557,train,11308
13962,plan_13962,14558,train,7040
13963,plan_13963,14559,train,6944
13964,plan_13964,14560,test,206
13965,plan_13965,14561,train,4048
13966,plan_13966,14562,train,840
13967,plan_13967,14563,test,966
13968,plan_13968,14564,train,7944
13969,plan_13969,14565,train,12239
13970,plan_13970,14566,train,8609
13971,plan_13971,14567,test,148
13972,plan_13972,14568,train,7123
13973,plan_13973,14569,test,2351
13974,plan_13974,14570,train,7942
13975,plan_13975,14571,train,6142
13976,plan_13976,14572,train,11158
13977,plan_13977,14573,train,5273
13978,plan_13978,14574,train,6844
13979,plan_13979,14575,train,13920
13980,plan_13980,14576,train,4927
13981,plan_13981,14577,test,479
13982,plan_13982,14578,train,4374
13983,plan_13983,14579,train,12761
13984,plan_13984,14580,train,4742
13985,plan_13985,14581,train,2477
13986,plan_13986,14582,train,13006
13987,plan_13987,14583,train,179
13988,plan_13988,14584,train,12652
13989,plan_13989,14585,train,5408
13990,plan_13990,14586,test,325
13991,plan_13991,14587,train,7483
13992,plan_13992,14588,train,8254
13993,plan_13993,14589,train,1512
13994,plan_13994,14590,train,1625
13995,plan_13995,14591,train,13600
13996,plan_13996,14592,test,1105
13997,plan_13997,14593,train,14306
13998,plan_13998,14594,train,7931
13999,plan_13999,14595,train,1301
14000,plan_14000,14596,train,7486
14001,plan_14001,14597,test,574
14002,plan_14002,14598,train,3955
14003,plan_14003,14599,train,2007
14004,plan_14004,14600,train,12021
14005,plan_14005,14601,train,11176
14006,plan_14006,14602,train,2173
14007,plan_14007,14603,train,12624
14008,plan_14008,14604,train,206
14009,plan_14009,14605,train,7345
14010,plan_14010,14606,test,2295
14011,plan_14011,14607,train,1946
14012,plan_14012,14608,train,13711
14013,plan_14013,14609,train,2431
14014,plan_14014,14610,train,1617
14015,plan_14015,14611,train,13261
14016,plan_14016,14612,test,912
14017,plan_14017,14613,test,1732
14018,plan_14018,14614,train,458
14019,plan_14019,14615,test,1536
14020,plan_14020,14616,test,2468
14021,plan_14021,14617,train,3043
14022,plan_14022,14618,train,13395
14023,plan_14023,14619,train,756
14024,plan_14024,14620,train,12485
14025,plan_14025,14621,test,734
14026,plan_14026,14622,test,1348
14027,plan_14027,14623,train,3897
14028,plan_14028,14624,train,4536
14029,plan_14029,14625,train,12857
14030,plan_14030,14626,test,2142
14031,plan_14031,14627,train,11029
14032,plan_14032,14628,train,7977
14033,plan_14033,14629,train,109
14034,plan_14034,14630,train,7373
14035,plan_14035,14631,train,6734
14036,plan_14036,14632,train,5865
14037,plan_14037,14633,train,579
14038,plan_14038,14634,train,3125
14039,plan_14039,14635,test,1629
14040,plan_14040,14636,train,953
14041,plan_14041,14637,train,3929
14042,plan_14042,14638,train,4135
14043,plan_14043,14639,train,463
14044,plan_14044,14640,train,6723
14045,plan_14045,14641,train,5834
14046,plan_14046,14642,test,1132
14047,plan_14047,14643,train,6491
14048,plan_14048,14644,test,397
14049,plan_14049,14645,train,13561
14050,plan_14050,14646,train,3846
14051,plan_14051,14647,train,6924
14052,plan_14052,14648,train,13776
14053,plan_14053,14649,train,11429
14054,plan_14054,14650,train,14087
14055,plan_14055,14651,train,8575
14056,plan_14056,14652,train,352
14057,plan_14057,14653,train,9886
14058,plan_14058,14654,train,9392
14059,plan_14059,14655,train,10544
14060,plan_14060,14656,train,3538
14061,plan_14061,14657,train,4975
14062,plan_14062,14658,train,827
14063,plan_14063,14659,train,11787
14064,plan_14064,14660,train,9274
14065,plan_14065,14661,train,13938
14066,plan_14066,14662,train,6886
14067,plan_14067,14663,train,12933
14068,plan_14068,14664,train,4593
14069,plan_14069,14665,test,1173
14070,plan_14070,14666,train,12454
14071,plan_14071,14667,test,1738
14072,plan_14072,14668,train,829
14073,plan_14073,14669,test,1815
14074,plan_14074,14670,test,1951
14075,plan_14075,14671,train,8210
14076,plan_14076,14672,train,583
14077,plan_14077,14673,train,11576
14078,plan_14078,14674,train,9788
14079,plan_14079,14675,train,5327
14080,plan_14080,14676,train,14258
14081,plan_14081,14677,train,2886
14082,plan_14082,14678,train,4364
14083,plan_14083,14679,train,10146
14084,plan_14084,14680,train,12988
14085,plan_14085,14681,train,11637
14086,plan_14086,14682,train,13477
14087,plan_14087,14683,train,11914
14088,plan_14088,14684,train,11888
14089,plan_14089,14685,train,7406
14090,plan_14090,14686,train,7079
14091,plan_14091,14687,train,13270
14092,plan_14092,14688,train,9591
14093,plan_14093,14689,train,9543
14094,plan_14094,14690,train,1698
14095,plan_14095,14691,train,12709
14096,plan_14096,14692,train,6699
14097,plan_14097,14693,train,1645
14098,plan_14098,14694,train,6130
14099,plan_14099,14695,train,11186
14100,plan_14100,14696,train,3213
14101,plan_14101,14697,train,332
14102,plan_14102,14698,train,12885
14103,plan_14103,14699,train,2112
14104,plan_14104,14700,train,1589
14105,plan_14105,14701,train,10207
14106,plan_14106,14702,train,4758
14107,plan_14107,14703,train,14188
14108,plan_14108,14705,train,10681
14109,plan_14109,14706,train,5314
14110,plan_14110,14707,train,12863
14111,plan_14111,14708,test,615
14112,plan_14112,14709,train,13695
14113,plan_14113,14710,train,8425
14114,plan_14114,14711,train,7428
14115,plan_14115,14712,train,2853
14116,plan_14116,14713,train,9675
14117,plan_14117,14714,train,4161
14118,plan_14118,14715,train,7417
14119,plan_14119,14716,train,5474
14120,plan_14120,14717,train,2961
14121,plan_14121,14718,train,11317
14122,plan_14122,14719,train,2720
14123,plan_14123,14720,train,895
14124,plan_14124,14721,test,230
14125,plan_14125,14722,train,8608
14126,plan_14126,14723,train,14127
14127,plan_14127,14724,train,13591
14128,plan_14128,14725,train,4319
14129,plan_14129,14726,test,1542
14130,plan_14130,14727,train,4170
14131,plan_14131,14728,train,6806
14132,plan_14132,14729,train,11689
14133,plan_14133,14730,train,3951
14134,plan_14134,14731,train,2058
14135,plan_14135,14732,train,7689
14136,plan_14136,14733,train,2889
14137,plan_14137,14734,train,2815
14138,plan_14138,14735,test,1279
14139,plan_14139,14736,train,487
14140,plan_14140,14737,train,14369
14141,plan_14141,14738,train,9388
14142,plan_14142,14739,train,13442
14143,plan_14143,14740,train,10861
14144,plan_14144,14741,train,938
14145,plan_14145,14742,train,4090
14146,plan_14146,14743,train,2653
14147,plan_14147,14744,train,7966
14148,plan_14148,14745,train,2409
14149,plan_14149,14746,train,3864
14150,plan_14150,14747,train,11160
14151,plan_14151,14748,test,307
14152,plan_14152,14749,train,3070
14153,plan_14153,14750,train,11442
14154,plan_14154,14751,train,10013
14155,plan_14155,14752,train,5911
14156,plan_14156,14753,train,14191
14157,plan_14157,14754,train,10561
14158,plan_14158,14755,train,689
14159,plan_14159,14756,train,4648
14160,plan_14160,14757,train,5584
14161,plan_14161,14758,train,12475
14162,plan_14162,14759,train,9737
14163,plan_14163,14761,train,5041
14164,plan_14164,14762,train,472
14165,plan_14165,14763,test,1584
14166,plan_14166,14764,train,10521
14167,plan_14167,14765,train,2516
14168,plan_14168,14766,train,13363
14169,plan_14169,14767,train,1746
14170,plan_14170,14768,train,7900
14171,plan_14171,14769,train,8655
14172,plan_14172,14770,test,1719
14173,plan_14173,14771,test,2484
14174,plan_14174,14772,train,12117
14175,plan_14175,14773,train,3075
14176,plan_14176,14774,train,2377
14177,plan_14177,14775,train,11612
14178,plan_14178,14776,train,2029
14179,plan_14179,14777,train,63
14180,plan_14180,14778,train,14126
14181,plan_14181,14779,train,9892
14182,plan_14182,14780,train,3909
14183,plan_14183,14781,train,12994
14184,plan_14184,14782,train,5108
14185,plan_14185,14783,train,9830
14186,plan_14186,14784,test,1063
14187,plan_14187,14785,test,2187
14188,plan_14188,14786,train,9762
14189,plan_14189,14787,test,828
14190,plan_14190,14788,train,9709
14191,plan_14191,14789,train,2748
14192,plan_14192,14790,train,11177
14193,plan_14193,14791,train,2272
14194,plan_14194,14792,train,7033
14195,plan_14195,14793,train,7424
14196,plan_14196,14794,train,9865
14197,plan_14197,14795,test,14
14198,plan_14198,14796,train,2626
14199,plan_14199,14797,train,4215
14200,plan_14200,14798,train,9961
14201,plan_14201,14799,train,13306
14202,plan_14202,14800,train,14227
14203,plan_14203,14801,test,229
14204,plan_14204,14802,test,1831
14205,plan_14205,14803,train,2849
14206,plan_14206,14804,train,7254
14207,plan_14207,14805,train,2712
14208,plan_14208,14806,train,12519
14209,plan_14209,14807,train,4704
14210,plan_14210,14808,test,2072
14211,plan_14211,14809,train,10158
14212,plan_14212,14810,train,4181
14213,plan_14213,14811,train,12841
14214,plan_14214,14814,train,244
14215,plan_14215,14815,train,412
14216,plan_14216,14816,train,13701
14217,plan_14217,14817,test,1838
14218,plan_14218,14818,train,11467
14219,plan_14219,14819,train,9052
14220,plan_14220,14820,train,12868
14221,plan_14221,14821,test,1923
14222,plan_14222,14822,train,4488
14223,plan_14223,14823,train,8943
14224,plan_14224,14824,train,3312
14225,plan_14225,14825,train,4845
14226,plan_14226,14826,train,13438
14227,plan_14227,14827,train,12017
14228,plan_14228,14828,train,10628
14229,plan_14229,14829,train,8062
14230,plan_14230,14830,train,12101
14231,plan_14231,14831,train,5625
14232,plan_14232,14832,train,638
14233,plan_14233,14833,train,4099
14234,plan_14234,14834,train,2521
14235,plan_14235,14835,test,421
14236,plan_14236,14836,train,10348
14237,plan_14237,14837,train,12860
14238,plan_14238,14838,train,5222
14239,plan_14239,14839,train,8221
14240,plan_14240,14840,train,10707
14241,plan_14241,14841,train,6329
14242,plan_14242,14842,test,1911
14243,plan_14243,14843,train,3506
14244,plan_14244,14844,train,968
14245,plan_14245,14845,test,2431
14246,plan_14246,14846,train,8035
14247,plan_14247,14847,train,5365
14248,plan_14248,14848,train,1643
14249,plan_14249,14849,train,12508
14250,plan_14250,14850,train,375
14251,plan_14251,14851,train,11772
14252,plan_14252,14852,train,9226
14253,plan_14253,14853,train,10099
14254,plan_14254,14854,train,11084
14255,plan_14255,14855,train,5082
14256,plan_14256,14856,train,3280
14257,plan_14257,14857,train,12137
14258,plan_14258,14858,train,8982
14259,plan_14259,14859,train,8840
14260,plan_14260,14860,train,4687
14261,plan_14261,14861,train,9900
14262,plan_14262,14862,train,14128
14263,plan_14263,14863,train,116
14264,plan_14264,14864,train,8394
14265,plan_14265,14865,train,11624
14266,plan_14266,14866,test,727
14267,plan_14267,14867,train,908
14268,plan_14268,14868,train,8136
14269,plan_14269,14869,train,8556
14270,plan_14270,14870,train,9656
14271,plan_14271,14871,train,4688
14272,plan_14272,14872,train,6486
14273,plan_14273,14873,train,6608
14274,plan_14274,14874,train,5887
14275,plan_14275,14875,test,654
14276,plan_14276,14876,train,9010
14277,plan_14277,14877,train,11802
14278,plan_14278,14878,train,7288
14279,plan_14279,14879,train,449
14280,plan_14280,14880,train,10130
14281,plan_14281,14884,test,184
14282,plan_14282,14885,train,464
14283,plan_14283,14886,train,2940
14284,plan_14284,14887,train,3809
14285,plan_14285,14888,train,9784
14286,plan_14286,14889,train,4849
14287,plan_14287,14890,train,5919
14288,plan_14288,14891,test,2207
14289,plan_14289,14892,train,13057
14290,plan_14290,14893,test,1389
14291,plan_14291,14894,train,5983
14292,plan_14292,14895,train,6361
14293,plan_14293,14896,train,6533
14294,plan_14294,14897,train,12806
14295,plan_14295,14898,train,14090
14296,plan_14296,14899,train,6427
14297,plan_14297,14900,train,6146
14298,plan_14298,14901,train,7639
14299,plan_14299,14902,train,8197
14300,plan_14300,14903,test,2330
14301,plan_14301,14904,train,9964
14302,plan_14302,14905,train,2612
14303,plan_14303,14906,train,1319
14304,plan_14304,14907,train,3038
14305,plan_14305,14908,test,1570
14306,plan_14306,14909,train,3074
14307,plan_14307,14910,train,164
14308,plan_14308,14911,train,2115
14309,plan_14309,14912,train,10358
14310,plan_14310,14913,train,1407
14311,plan_14311,14914,train,4158
14312,plan_14312,14915,train,10531
14313,plan_14313,14916,train,7344
14314,plan_14314,14917,train,8393
14315,plan_14315,14918,train,5097
14316,plan_14316,14919,train,4842
14317,plan_14317,14920,train,3473
14318,plan_14318,14921,train,3650
14319,plan_14319,14922,train,4164
14320,plan_14320,14923,train,13204
14321,plan_14321,14924,train,11434
14322,plan_14322,14925,train,2030
14323,plan_14323,14926,test,664
14324,plan_14324,14927,train,2025
14325,plan_14325,14928,train,9606
14326,plan_14326,14929,train,10952
14327,plan_14327,14930,train,3936
14328,plan_14328,14931,train,10584
14329,plan_14329,14932,train,9554
14330,plan_14330,14933,train,12966
14331,plan_14331,14934,train,3039
14332,plan_14332,14935,train,2892
14333,plan_14333,14936,train,10703
14334,plan_14334,14937,train,10459
14335,plan_14335,14938,train,7049
14336,plan_14336,14939,train,1639
14337,plan_14337,14940,train,5079
14338,plan_14338,14941,train,133
14339,plan_14339,14942,train,8246
14340,plan_14340,14943,train,3482
14341,plan_14341,14944,test,2522
14342,plan_14342,14945,train,6845
14343,plan_14343,14946,test,1129
14344,plan_14344,14947,train,11764
14345,plan_14345,14948,train,8922
14346,plan_14346,14949,train,8590
14347,plan_14347,14950,test,2270
14348,plan_14348,14951,train,13667
14349,plan_14349,14952,train,1677
14350,plan_14350,14953,train,13520
14351,plan_14351,14954,train,4384
14352,plan_14352,14955,test,1521
14353,plan_14353,14956,train,8572
14354,plan_14354,14967,train,2921
14355,plan_14355,14968,train,3870
14356,plan_14356,14969,train,3791
14357,plan_14357,14970,train,4184
14358,plan_14358,14971,test,115
14359,plan_14359,14972,train,10063
14360,plan_14360,14973,train,14395
14361,plan_14361,14974,train,5555
14362,plan_14362,14981,test,1098
14363,plan_14363,14982,train,11685
14364,plan_14364,14983,train,12584
14365,plan_14365,14984,train,7087
14366,plan_14366,14986,train,12481
14367,plan_14367,14987,train,5846
14368,plan_14368,14988,train,690
14369,plan_14369,14989,train,6896
14370,plan_14370,14990,test,321
14371,plan_14371,14991,train,7755
14372,plan_14372,14992,train,10340
14373,plan_14373,14993,train,8308
14374,plan_14374,14994,test,472
14375,plan_14375,14995,train,4873
14376,plan_14376,14996,test,2057
14377,plan_14377,14997,train,1370
14378,plan_14378,14998,train,10200
14379,plan_14379,14999,train,2652
14380,plan_14380,15000,test,2257
14381,plan_14381,15001,train,10862
14382,plan_14382,15002,train,7388
14383,plan_14383,15003,test,2061
14384,plan_14384,15004,train,2959
14385,plan_14385,15005,test,2241
14386,plan_14386,15006,train,3646
14387,plan_14387,15007,train,416
14388,plan_14388,15008,train,13672
14389,plan_14389,15009,train,2738
14390,plan_14390,15010,train,6802
14391,plan_14391,15011,train,8420
14392,plan_14392,15012,test,1274
14393,plan_14393,15013,train,5670
14394,plan_14394,15014,train,1979
14395,plan_14395,15015,train,10301
14396,plan_14396,15018,train,9066
14397,plan_14397,15019,train,11676
14398,plan_14398,15020,train,3490
14399,plan_14399,15021,train,13143
14400,plan_14400,15022,train,7440
14401,plan_14401,15023,train,13201
14402,plan_14402,15024,train,12317
14403,plan_14403,15025,train,11837
14404,plan_14404,15026,train,7730
14405,plan_14405,15027,train,13543
14406,plan_14406,15028,train,1247
14407,plan_14407,15029,train,11165
14408,plan_14408,15030,train,11057
14409,plan_14409,15031,train,12391
14410,plan_14410,15032,train,2680
14411,plan_14411,15033,train,707
14412,plan_14412,15034,train,1672
14413,plan_14413,15035,test,806
14414,plan_14414,15036,train,9269
14415,plan_14415,15037,train,1840
14416,plan_14416,15038,train,9808
14417,plan_14417,15039,train,1735
14418,plan_14418,15040,train,6822
14419,plan_14419,15041,train,5433
14420,plan_14420,15042,train,11115
14421,plan_14421,15043,train,2128
14422,plan_14422,15044,train,11864
14423,plan_14423,15045,train,3477
14424,plan_14424,15046,train,3874
14425,plan_14425,15047,train,4805
14426,plan_14426,15049,train,1895
14427,plan_14427,15050,train,1897
14428,plan_14428,15051,train,7198
14429,plan_14429,15052,test,1957
14430,plan_14430,15053,train,9911
14431,plan_14431,15054,train,2630
14432,plan_14432,15055,train,2253
14433,plan_14433,15056,test,1358
14434,plan_14434,15057,train,2914
14435,plan_14435,15058,train,14274
14436,plan_14436,15059,train,5831
14437,plan_14437,15060,train,8736
14438,plan_14438,15061,train,12099
14439,plan_14439,15062,train,3049
14440,plan_14440,15063,train,5274
14441,plan_14441,15064,train,12296
14442,plan_14442,15065,test,442
14443,plan_14443,15066,train,3698
14444,plan_14444,15067,train,11970
14445,plan_14445,15068,train,6693
14446,plan_14446,15069,train,4191
14447,plan_14447,15070,train,13426
14448,plan_14448,15071,train,6070
14449,plan_14449,15072,train,10744
14450,plan_14450,15073,train,10278
14451,plan_14451,15074,train,4658
14452,plan_14452,15075,train,3232
14453,plan_14453,15076,train,9623
14454,plan_14454,15077,test,1104
14455,plan_14455,15078,train,8757
14456,plan_14456,15079,train,8801
14457,plan_14457,15080,train,2718
14458,plan_14458,15081,train,6784
14459,plan_14459,15082,train,12817
14460,plan_14460,15083,train,11733
14461,plan_14461,15084,train,8003
14462,plan_14462,15086,test,469
14463,plan_14463,15087,train,5947
14464,plan_14464,15088,train,12803
14465,plan_14465,15089,train,3040
14466,plan_14466,15092,train,8467
14467,plan_14467,15093,train,5454
14468,plan_14468,15094,train,11659
14469,plan_14469,15095,train,7642
14470,plan_14470,15096,train,10143
14471,plan_14471,15097,train,8355
14472,plan_14472,15098,train,9170
14473,plan_14473,15099,train,13288
14474,plan_14474,15100,train,5305
14475,plan_14475,15101,train,2024
14476,plan_14476,15102,test,1321
14477,plan_14477,15103,train,3100
14478,plan_14478,15104,train,10150
14479,plan_14479,15105,train,7031
14480,plan_14480,15106,train,9115
14481,plan_14481,15107,train,1674
14482,plan_14482,15108,train,781
14483,plan_14483,15109,train,960
14484,plan_14484,15110,train,10162
14485,plan_14485,15111,train,5166
14486,plan_14486,15112,train,14427
14487,plan_14487,15113,train,4487
14488,plan_14488,15114,train,11977
14489,plan_14489,15115,train,6029
14490,plan_14490,15116,train,407
14491,plan_14491,15117,train,3708
14492,plan_14492,15118,train,9480
14493,plan_14493,15119,train,4344
14494,plan_14494,15120,train,4971
14495,plan_14495,15121,test,2012
14496,plan_14496,15122,test,732
14497,plan_14497,15123,train,5884
14498,plan_14498,15124,train,4899
14499,plan_14499,15125,test,1758
14500,plan_14500,15126,train,13300
14501,plan_14501,15127,train,2310
14502,plan_14502,15128,train,2969
14503,plan_14503,15129,train,7145
14504,plan_14504,15130,train,12608
14505,plan_14505,15131,train,10363
14506,plan_14506,15132,train,14074
14507,plan_14507,15133,train,13963
14508,plan_14508,15134,train,12785
14509,plan_14509,15135,train,6409
14510,plan_14510,15136,train,3079
14511,plan_14511,15137,train,12219
14512,plan_14512,15138,train,7476
14513,plan_14513,15139,test,2020
14514,plan_14514,15140,test,1700
14515,plan_14515,15141,train,13162
14516,plan_14516,15142,train,6279
14517,plan_14517,15143,train,5376
14518,plan_14518,15144,train,6389
14519,plan_14519,15145,train,9421
14520,plan_14520,15146,train,7222
14521,plan_14521,15147,test,76
14522,plan_14522,15148,train,14149
14523,plan_14523,15149,train,5717
14524,plan_14524,15150,test,1984
14525,plan_14525,15151,train,2937
14526,plan_14526,15152,train,13535
14527,plan_14527,15153,train,1608
14528,plan_14528,15154,train,11581
14529,plan_14529,15155,train,2591
14530,plan_14530,15156,train,2926
14531,plan_14531,15157,test,1248
14532,plan_14532,15158,train,3940
14533,plan_14533,15159,train,6581
14534,plan_14534,15160,test,168
14535,plan_14535,15161,train,5100
14536,plan_14536,15162,train,9492
14537,plan_14537,15163,train,2151
14538,plan_14538,15164,train,13643
14539,plan_14539,15165,train,5239
14540,plan_14540,15166,test,1108
14541,plan_14541,15167,train,1569
14542,plan_14542,15168,test,542
14543,plan_14543,15169,train,13342
14544,plan_14544,15170,train,13456
14545,plan_14545,15171,train,7391
14546,plan_14546,15172,train,7296
14547,plan_14547,15173,train,4867
14548,plan_14548,15174,train,9126
14549,plan_14549,15175,train,9526
14550,plan_14550,15176,train,14436
14551,plan_14551,15177,train,721
14552,plan_14552,15178,train,982
14553,plan_14553,15179,train,268
14554,plan_14554,15180,train,11281
14555,plan_14555,15181,train,12115
14556,plan_14556,15182,train,11779
14557,plan_14557,15183,train,10399
14558,plan_14558,15184,train,3180
14559,plan_14559,15185,train,952
14560,plan_14560,15186,test,1310
14561,plan_14561,15187,train,2779
14562,plan_14562,15190,train,9574
14563,plan_14563,15191,test,1381
14564,plan_14564,15192,train,1997
14565,plan_14565,15193,train,10081
14566,plan_14566,15194,train,11118
14567,plan_14567,15195,test,113
14568,plan_14568,15196,train,8765
14569,plan_14569,15197,train,13717
14570,plan_14570,15198,train,11565
14571,plan_14571,15199,test,823
14572,plan_14572,15200,train,12602
14573,plan_14573,15201,train,6658
14574,plan_14574,15202,train,3114
14575,plan_14575,15203,train,9758
14576,plan_14576,15204,train,10107
14577,plan_14577,15205,train,13865
14578,plan_14578,15206,train,3990
14579,plan_14579,15207,train,5932
14580,plan_14580,15208,train,12894
14581,plan_14581,15209,test,2448
14582,plan_14582,15210,train,7473
14583,plan_14583,15211,train,544
14584,plan_14584,15212,train,8714
14585,plan_14585,15213,test,1353
14586,plan_14586,15214,train,5467
14587,plan_14587,15215,train,3669
14588,plan_14588,15216,train,14221
14589,plan_14589,15217,train,12628
14590,plan_14590,15218,train,2685
14591,plan_14591,15219,train,3157
14592,plan_14592,15220,train,325
14593,plan_14593,15221,train,92
14594,plan_14594,15222,train,14168
14595,plan_14595,15223,train,2195
14596,plan_14596,15224,test,766
14597,plan_14597,15225,train,1757
14598,plan_14598,15226,train,939
14599,plan_14599,15227,train,1043
14600,plan_14600,15228,test,864
14601,plan_14601,15229,train,4913
14602,plan_14602,15230,test,854
14603,plan_14603,15231,train,5116
14604,plan_14604,15232,test,1081
14605,plan_14605,15233,train,9134
14606,plan_14606,15234,test,1073
14607,plan_14607,15235,train,8987
14608,plan_14608,15236,train,3524
14609,plan_14609,15237,train,13025
14610,plan_14610,15238,train,13895
14611,plan_14611,15239,test,598
14612,plan_14612,15240,train,5575
14613,plan_14613,15241,train,3546
14614,plan_14614,15242,train,12878
14615,plan_14615,15243,train,7920
14616,plan_14616,15244,train,6154
14617,plan_14617,15245,train,11631
14618,plan_14618,15246,train,10930
14619,plan_14619,15247,train,4079
14620,plan_14620,15248,train,2881
14621,plan_14621,15249,train,7855
14622,plan_14622,15250,train,10992
14623,plan_14623,15251,train,11087
14624,plan_14624,15252,train,3391
14625,plan_14625,15253,train,516
14626,plan_14626,15254,train,14389
14627,plan_14627,15256,test,183
14628,plan_14628,15257,train,3471
14629,plan_14629,15258,train,4728
14630,plan_14630,15262,train,3860
14631,plan_14631,15263,train,5431
14632,plan_14632,15264,test,1717
14633,plan_14633,15265,train,1052
14634,plan_14634,15266,train,10272
14635,plan_14635,15267,train,7708
14636,plan_14636,15268,test,244
14637,plan_14637,15269,train,14219
14638,plan_14638,15270,test,1203
14639,plan_14639,15271,train,3588
14640,plan_14640,15272,train,11695
14641,plan_14641,15273,train,10627
14642,plan_14642,15274,train,11138
14643,plan_14643,15275,train,2345
14644,plan_14644,15276,train,2245
14645,plan_14645,15277,train,14124
14646,plan_14646,15278,train,4553
14647,plan_14647,15279,test,366
14648,plan_14648,15280,train,1223
14649,plan_14649,15281,train,9412
14650,plan_14650,15282,train,13700
14651,plan_14651,15283,train,11374
14652,plan_14652,15284,test,1474
14653,plan_14653,15285,test,2407
14654,plan_14654,15286,train,4585
14655,plan_14655,15287,train,1221
14656,plan_14656,15288,train,10168
14657,plan_14657,15289,train,7533
14658,plan_14658,15290,train,6107
14659,plan_14659,15291,train,8301
14660,plan_14660,15294,test,477
14661,plan_14661,15295,train,8423
14662,plan_14662,15296,train,3484
14663,plan_14663,15297,train,3167
14664,plan_14664,15298,train,8764
14665,plan_14665,15299,test,1077
14666,plan_14666,15300,test,1649
14667,plan_14667,15301,train,9056
14668,plan_14668,15302,test,1641
14669,plan_14669,15303,train,479
14670,plan_14670,15304,train,6914
14671,plan_14671,15305,train,8336
14672,plan_14672,15306,train,13129
14673,plan_14673,15307,train,8859
14674,plan_14674,15308,test,2538
14675,plan_14675,15309,test,1028
14676,plan_14676,15310,test,1243
14677,plan_14677,15311,train,9434
14678,plan_14678,15312,train,4829
14679,plan_14679,15313,train,3982
14680,plan_14680,15314,train,3124
14681,plan_14681,15315,test,2445
14682,plan_14682,15316,test,53
14683,plan_14683,15317,train,9103
14684,plan_14684,15318,train,946
14685,plan_14685,15319,test,2320
14686,plan_14686,15320,train,6208
14687,plan_14687,15321,train,4830
14688,plan_14688,15322,train,9143
14689,plan_14689,15327,test,2514
14690,plan_14690,15328,train,8615
14691,plan_14691,15329,train,7189
14692,plan_14692,15330,train,12588
14693,plan_14693,15331,train,1826
14694,plan_14694,15332,train,8939
14695,plan_14695,15333,train,13392
14696,plan_14696,15334,train,10387
14697,plan_14697,15335,test,742
14698,plan_14698,15336,test,1797
14699,plan_14699,15337,train,8198
14700,plan_14700,15338,train,12621
14701,plan_14701,15339,train,9240
14702,plan_14702,15340,train,11873
14703,plan_14703,15341,train,10722
14704,plan_14704,15342,train,12438
14705,plan_14705,15343,train,1777
14706,plan_14706,15344,train,780
14707,plan_14707,15345,train,10879
14708,plan_14708,15346,train,5259
14709,plan_14709,15347,test,1769
14710,plan_14710,15348,train,2104
14711,plan_14711,15349,test,963
14712,plan_14712,15350,train,3242
14713,plan_14713,15351,test,1613
14714,plan_14714,15352,test,40
14715,plan_14715,15353,train,10437
14716,plan_14716,15354,train,7914
14717,plan_14717,15355,train,5054
14718,plan_14718,15356,train,3704
14719,plan_14719,15357,train,9253
14720,plan_14720,15358,train,429
14721,plan_14721,15359,train,6681
14722,plan_14722,15360,test,1452
14723,plan_14723,15361,train,6960
14724,plan_14724,15362,train,2717
14725,plan_14725,15363,train,4939
14726,plan_14726,15364,train,8317
14727,plan_14727,15365,train,4559
14728,plan_14728,15366,train,8449
14729,plan_14729,15367,train,498
14730,plan_14730,15368,train,8732
14731,plan_14731,15369,train,6963
14732,plan_14732,15370,train,5291
14733,plan_14733,15371,train,12615
14734,plan_14734,15372,train,8885
14735,plan_14735,15373,train,6785
14736,plan_14736,15374,train,10784
14737,plan_14737,15375,train,7109
14738,plan_14738,15376,train,1599
14739,plan_14739,15377,train,11169
14740,plan_14740,15378,train,335
14741,plan_14741,15379,train,5463
14742,plan_14742,15380,train,11684
14743,plan_14743,15381,train,1742
14744,plan_14744,15382,train,8555
14745,plan_14745,15383,train,11234
14746,plan_14746,15384,train,2768
14747,plan_14747,15385,test,1242
14748,plan_14748,15386,train,10396
14749,plan_14749,15387,train,9178
14750,plan_14750,15388,train,11230
14751,plan_14751,15389,train,9909
14752,plan_14752,15390,train,12559
14753,plan_14753,15391,train,10791
14754,plan_14754,15392,test,1357
14755,plan_14755,15393,train,10049
14756,plan_14756,15394,train,1448
14757,plan_14757,15395,train,12226
14758,plan_14758,15396,train,2823
14759,plan_14759,15397,test,1840
14760,plan_14760,15399,train,653
14761,plan_14761,15400,train,7623
14762,plan_14762,15405,train,12708
14763,plan_14763,15406,train,5400
14764,plan_14764,15407,train,605
14765,plan_14765,15408,train,7017
14766,plan_14766,15409,train,3438
14767,plan_14767,15410,train,13231
14768,plan_14768,15411,test,1167
14769,plan_14769,15412,train,12710
14770,plan_14770,15413,train,7595
14771,plan_14771,15414,train,12087
14772,plan_14772,15415,train,3310
14773,plan_14773,15416,train,12545
14774,plan_14774,15424,test,714
14775,plan_14775,15425,train,4657
14776,plan_14776,15426,test,1360
14777,plan_14777,15427,train,8123
14778,plan_14778,15428,train,3223
14779,plan_14779,15429,train,1220
14780,plan_14780,15430,test,2503
14781,plan_14781,15431,train,7728
14782,plan_14782,15432,train,5712
14783,plan_14783,15433,test,172
14784,plan_14784,15434,train,13987
14785,plan_14785,15435,train,658
14786,plan_14786,15436,test,11
14787,plan_14787,15437,train,11223
14788,plan_14788,15438,train,12998
14789,plan_14789,15440,train,9766
14790,plan_14790,15441,train,7045
14791,plan_14791,15442,train,1051
14792,plan_14792,15443,test,205
14793,plan_14793,15444,train,7620
14794,plan_14794,15445,train,7250
14795,plan_14795,15446,train,9204
14796,plan_14796,15447,train,13916
14797,plan_14797,15448,test,2531
14798,plan_14798,15449,test,1807
14799,plan_14799,15450,train,10104
14800,plan_14800,15451,train,2510
14801,plan_14801,15452,train,10609
14802,plan_14802,15453,train,7289
14803,plan_14803,15457,train,918
14804,plan_14804,15458,train,12153
14805,plan_14805,15459,train,506
14806,plan_14806,15460,train,1526
14807,plan_14807,15461,train,3692
14808,plan_14808,15462,train,13595
14809,plan_14809,15463,test,1861
14810,plan_14810,15464,train,4162
14811,plan_14811,15465,train,4534
14812,plan_14812,15466,train,10281
14813,plan_14813,15467,train,366
14814,plan_14814,15468,train,3133
14815,plan_14815,15469,train,4885
14816,plan_14816,15470,train,11202
14817,plan_14817,15471,train,8379
14818,plan_14818,15472,train,8796
14819,plan_14819,15473,train,8414
14820,plan_14820,15474,train,108
14821,plan_14821,15475,train,13385
14822,plan_14822,15476,train,6024
14823,plan_14823,15477,train,1627
14824,plan_14824,15478,train,12960
14825,plan_14825,15479,train,4304
14826,plan_14826,15480,test,1916
14827,plan_14827,15481,train,8863
14828,plan_14828,15482,train,1342
14829,plan_14829,15483,train,77
14830,plan_14830,15484,train,815
14831,plan_14831,15485,train,3306
14832,plan_14832,15486,test,2433
14833,plan_14833,15487,train,4000
14834,plan_14834,15488,train,9511
14835,plan_14835,15489,test,1971
14836,plan_14836,15490,train,12352
14837,plan_14837,15491,train,13852
14838,plan_14838,15492,train,2564
14839,plan_14839,15493,train,12318
14840,plan_14840,15494,train,10057
14841,plan_14841,15495,train,8305
14842,plan_14842,15496,train,4596
14843,plan_14843,15497,train,6036
14844,plan_14844,15498,train,4449
14845,plan_14845,15499,train,14193
14846,plan_14846,15500,test,730
14847,plan_14847,15501,train,13718
14848,plan_14848,15502,test,351
14849,plan_14849,15503,train,1655
14850,plan_14850,15504,train,8038
14851,plan_14851,15505,train,965
14852,plan_14852,15506,train,3701
14853,plan_14853,15507,train,13802
14854,plan_14854,15508,train,4957
14855,plan_14855,15509,train,14015
14856,plan_14856,15510,train,13906
14857,plan_14857,15511,train,14165
14858,plan_14858,15512,train,14372
14859,plan_14859,15513,train,8761
14860,plan_14860,15514,train,13924
14861,plan_14861,15515,train,12325
14862,plan_14862,15516,train,2080
14863,plan_14863,15517,train,551
14864,plan_14864,15518,test,2526
14865,plan_14865,15519,train,4166
14866,plan_14866,15524,train,12462
14867,plan_14867,15525,train,6305
14868,plan_14868,15526,test,1070
14869,plan_14869,15527,train,10568
14870,plan_14870,15528,train,13521
14871,plan_14871,15529,train,6403
14872,plan_14872,15530,test,2306
14873,plan_14873,15531,test,1184
14874,plan_14874,15532,train,1434
14875,plan_14875,15533,train,8830
14876,plan_14876,15534,train,12847
14877,plan_14877,15535,train,2797
14878,plan_14878,15536,train,1929
14879,plan_14879,15542,train,9733
14880,plan_14880,15543,train,13324
14881,plan_14881,15544,train,11354
14882,plan_14882,15545,train,5708
14883,plan_14883,15546,train,3200
14884,plan_14884,15547,train,5578
14885,plan_14885,15548,train,8923
14886,plan_14886,15549,train,12499
14887,plan_14887,15550,train,594
14888,plan_14888,15551,train,2021
14889,plan_14889,15552,train,11585
14890,plan_14890,15553,train,5596
14891,plan_14891,15554,train,12343
14892,plan_14892,15555,test,1035
14893,plan_14893,15556,train,3129
14894,plan_14894,15557,test,1654
14895,plan_14895,15558,train,3994
14896,plan_14896,15559,train,8242
14897,plan_14897,15560,train,992
14898,plan_14898,15561,train,9454
14899,plan_14899,15562,test,2317
14900,plan_14900,15563,train,4253
14901,plan_14901,15564,train,1012
14902,plan_14902,15565,train,4411
14903,plan_14903,15566,train,11635
14904,plan_14904,15567,train,4236
14905,plan_14905,15568,train,617
14906,plan_14906,15569,train,9447
14907,plan_14907,15570,train,2359
14908,plan_14908,15571,train,1770
14909,plan_14909,15572,train,7539
14910,plan_14910,15573,test,716
14911,plan_14911,15574,train,11332
14912,plan_14912,15575,train,722
14913,plan_14913,15576,train,1124
14914,plan_14914,15577,train,4922
14915,plan_14915,15578,train,3491
14916,plan_14916,15579,train,12437
14917,plan_14917,15580,train,7404
14918,plan_14918,15581,train,575
14919,plan_14919,15582,train,6530
14920,plan_14920,15583,train,10686
14921,plan_14921,15584,train,11958
14922,plan_14922,15585,train,13902
14923,plan_14923,15586,train,691
14924,plan_14924,15587,train,1168
14925,plan_14925,15588,train,899
14926,plan_14926,15589,train,5183
14927,plan_14927,15590,train,81
14928,plan_14928,15591,train,8309
14929,plan_14929,15592,train,11248
14930,plan_14930,15593,test,2444
14931,plan_14931,15594,train,2006
14932,plan_14932,15595,train,5811
14933,plan_14933,15596,train,2493
14934,plan_14934,15597,train,3943
14935,plan_14935,15598,train,5527
14936,plan_14936,15599,train,12061
14937,plan_14937,15600,train,4494
14938,plan_14938,15601,train,10998
14939,plan_14939,15602,train,7541
14940,plan_14940,15603,train,5972
14941,plan_14941,15604,train,2452
14942,plan_14942,15605,train,11828
14943,plan_14943,15606,test,247
14944,plan_14944,15607,train,11088
14945,plan_14945,15608,test,2408
14946,plan_14946,15609,train,12429
14947,plan_14947,15610,train,14036
14948,plan_14948,15611,train,2293
14949,plan_14949,15612,train,1622
14950,plan_14950,15613,train,1264
14951,plan_14951,15614,train,2330
14952,plan_14952,15615,train,11104
14953,plan_14953,15616,train,3345
14954,plan_14954,15617,train,5208
14955,plan_14955,15618,train,509
14956,plan_14956,15619,train,10991
14957,plan_14957,15620,train,1433
14958,plan_14958,15621,train,973
14959,plan_14959,15622,test,320
14960,plan_14960,15623,train,1725
14961,plan_14961,15625,train,9410
14962,plan_14962,15626,train,4429
14963,plan_14963,15627,train,5466
14964,plan_14964,15628,train,12751
14965,plan_14965,15629,train,6989
14966,plan_14966,15630,train,1866
14967,plan_14967,15631,train,6261
14968,plan_14968,15632,train,11653
14969,plan_14969,15633,train,5393
14970,plan_14970,15634,train,8109
14971,plan_14971,15635,train,3963
14972,plan_14972,15636,train,7208
14973,plan_14973,15637,train,14303
14974,plan_14974,15638,train,3856
14975,plan_14975,15639,test,1429
14976,plan_14976,15640,train,1190
14977,plan_14977,15641,test,1349
14978,plan_14978,15642,train,2444
14979,plan_14979,15643,train,6818
14980,plan_14980,15644,train,8583
14981,plan_14981,15645,train,8046
14982,plan_14982,15646,train,1118
14983,plan_14983,15647,train,3357
14984,plan_14984,15648,train,2042
14985,plan_14985,15649,train,8932
14986,plan_14986,15650,test,29
14987,plan_14987,15651,train,7461
14988,plan_14988,15652,train,13584
14989,plan_14989,15653,train,293
14990,plan_14990,15654,train,6892
14991,plan_14991,15655,train,5819
14992,plan_14992,15656,train,329
14993,plan_14993,15657,train,13310
14994,plan_14994,15658,train,11830
14995,plan_14995,15659,train,14445
14996,plan_14996,15661,test,586
14997,plan_14997,15662,train,2270
14998,plan_14998,15663,train,13054
14999,plan_14999,15664,train,2318
15000,plan_15000,15665,test,2420
15001,plan_15001,15666,test,949
15002,plan_15002,15667,test,1312
15003,plan_15003,15668,train,12192
15004,plan_15004,15669,train,363
15005,plan_15005,15670,train,11013
15006,plan_15006,15671,train,792
15007,plan_15007,15672,train,13668
15008,plan_15008,15673,train,2334
15009,plan_15009,15674,train,6906
15010,plan_15010,15675,train,8545
15011,plan_15011,15676,train,8489
15012,plan_15012,15677,train,9006
15013,plan_15013,15678,train,4789
15014,plan_15014,15679,test,2253
15015,plan_15015,15680,test,2280
15016,plan_15016,15681,train,11150
15017,plan_15017,15682,train,5010
15018,plan_15018,15683,train,382
15019,plan_15019,15684,train,4204
15020,plan_15020,15685,train,4481
15021,plan_15021,15686,train,13216
15022,plan_15022,15687,train,6911
15023,plan_15023,15688,train,7879
15024,plan_15024,15689,train,6316
15025,plan_15025,15690,train,6830
15026,plan_15026,15691,train,574
15027,plan_15027,15692,train,12107
15028,plan_15028,15693,test,774
15029,plan_15029,15694,train,3735
15030,plan_15030,15695,train,7397
15031,plan_15031,15696,train,1085
15032,plan_15032,15697,test,1148
15033,plan_15033,15698,train,13838
15034,plan_15034,15699,train,6728
15035,plan_15035,15700,train,11137
15036,plan_15036,15701,train,3285
15037,plan_15037,15702,train,6375
15038,plan_15038,15703,train,303
15039,plan_15039,15704,test,2515
15040,plan_15040,15705,train,1160
15041,plan_15041,15706,train,2788
15042,plan_15042,15707,train,1754
15043,plan_15043,15708,train,2149
15044,plan_15044,15709,train,6931
15045,plan_15045,15710,train,5924
15046,plan_15046,15711,train,2016
15047,plan_15047,15712,train,10110
15048,plan_15048,15713,train,7068
15049,plan_15049,15714,train,4908
15050,plan_15050,15715,test,572
15051,plan_15051,15716,test,2510
15052,plan_15052,15717,train,4379
15053,plan_15053,15718,train,6362
15054,plan_15054,15719,test,2430
15055,plan_15055,15720,train,7357
15056,plan_15056,15721,test,298
15057,plan_15057,15722,train,8352
15058,plan_15058,15723,train,11348
15059,plan_15059,15724,test,880
15060,plan_15060,15725,train,8857
15061,plan_15061,15726,train,12461
15062,plan_15062,15727,train,7737
15063,plan_15063,15728,train,4444
15064,plan_15064,15729,train,1549
15065,plan_15065,15730,train,7179
15066,plan_15066,15731,train,11850
15067,plan_15067,15732,train,8149
15068,plan_15068,15733,train,3520
15069,plan_15069,15734,train,4157
15070,plan_15070,15735,test,1062
15071,plan_15071,15736,train,143
15072,plan_15072,15737,test,1490
15073,plan_15073,15738,train,10986
15074,plan_15074,15739,train,6435
15075,plan_15075,15740,train,12536
15076,plan_15076,15741,train,1475
15077,plan_15077,15742,train,11072
15078,plan_15078,15743,train,2286
15079,plan_15079,15744,train,1580
15080,plan_15080,15745,train,8349
15081,plan_15081,15746,test,1926
15082,plan_15082,15747,test,741
15083,plan_15083,15748,train,11904
15084,plan_15084,15749,train,11000
15085,plan_15085,15750,train,9912
15086,plan_15086,15751,train,7445
15087,plan_15087,15752,train,4775
15088,plan_15088,15754,train,9858
15089,plan_15089,15755,train,11854
15090,plan_15090,15756,train,39
15091,plan_15091,15757,train,13197
15092,plan_15092,15758,train,2858
15093,plan_15093,15759,train,5316
15094,plan_15094,15760,test,1706
15095,plan_15095,15761,train,3504
15096,plan_15096,15762,train,1272
15097,plan_15097,15763,train,11251
15098,plan_15098,15764,train,11644
15099,plan_15099,15765,train,83
15100,plan_15100,15766,train,8695
15101,plan_15101,15767,train,8148
15102,plan_15102,15768,train,13396
15103,plan_15103,15769,train,13771
15104,plan_15104,15770,train,9875
15105,plan_15105,15771,train,6864
15106,plan_15106,15772,train,1066
15107,plan_15107,15773,train,3924
15108,plan_15108,15774,train,1037
15109,plan_15109,15775,train,4263
15110,plan_15110,15776,train,6113
15111,plan_15111,15777,test,546
15112,plan_15112,15778,train,11228
15113,plan_15113,15779,train,9783
15114,plan_15114,15780,train,9043
15115,plan_15115,15781,test,447
15116,plan_15116,15782,train,12244
15117,plan_15117,15783,train,7459
15118,plan_15118,15784,test,541
15119,plan_15119,15785,test,47
15120,plan_15120,15786,test,2488
15121,plan_15121,15787,train,2675
15122,plan_15122,15788,train,11705
15123,plan_15123,15791,train,13034
15124,plan_15124,15792,test,41
15125,plan_15125,15793,train,12474
15126,plan_15126,15794,train,9278
15127,plan_15127,15795,train,6456
15128,plan_15128,15796,train,11425
15129,plan_15129,15797,train,6964
15130,plan_15130,15798,train,12529
15131,plan_15131,15799,train,7151
15132,plan_15132,15800,train,1593
15133,plan_15133,15801,train,6710
15134,plan_15134,15802,train,2588
15135,plan_15135,15803,train,9804
15136,plan_15136,15804,train,1804
15137,plan_15137,15805,train,2581
15138,plan_15138,15806,train,12004
15139,plan_15139,15807,train,11938
15140,plan_15140,15808,train,3828
15141,plan_15141,15809,train,7450
15142,plan_15142,15810,train,546
15143,plan_15143,15811,train,5504
15144,plan_15144,15812,train,9435
15145,plan_15145,15813,train,5900
15146,plan_15146,15814,train,1959
15147,plan_15147,15815,train,8259
15148,plan_15148,15816,train,13577
15149,plan_15149,15817,train,7883
15150,plan_15150,15818,train,10377
15151,plan_15151,15819,train,1706
15152,plan_15152,15820,test,1553
15153,plan_15153,15821,test,1295
15154,plan_15154,15822,train,9524
15155,plan_15155,15823,train,5437
15156,plan_15156,15824,train,14196
15157,plan_15157,15825,train,13032
15158,plan_15158,15826,test,746
15159,plan_15159,15827,train,4342
15160,plan_15160,15828,train,7457
15161,plan_15161,15829,train,9978
15162,plan_15162,15830,train,12596
15163,plan_15163,15831,train,107
15164,plan_15164,15832,train,3600
15165,plan_15165,15833,train,10426
15166,plan_15166,15834,test,2049
15167,plan_15167,15835,train,13068
15168,plan_15168,15836,train,9523
15169,plan_15169,15837,train,3948
15170,plan_15170,15838,train,8154
15171,plan_15171,15839,train,1797
15172,plan_15172,15840,test,655
15173,plan_15173,15841,train,7785
15174,plan_15174,15842,train,7335
15175,plan_15175,15843,train,9685
15176,plan_15176,15844,test,2350
15177,plan_15177,15845,test,2136
15178,plan_15178,15846,test,484
15179,plan_15179,15847,train,1479
15180,plan_15180,15848,train,3745
15181,plan_15181,15849,train,1472
15182,plan_15182,15850,train,9105
15183,plan_15183,15851,train,9513
15184,plan_15184,15852,test,1278
15185,plan_15185,15853,train,6188
15186,plan_15186,15854,train,9136
15187,plan_15187,15855,train,7959
15188,plan_15188,15856,train,457
15189,plan_15189,15858,train,14413
15190,plan_15190,15860,train,2227
15191,plan_15191,15861,train,8758
15192,plan_15192,15862,test,667
15193,plan_15193,15863,train,6930
15194,plan_15194,15865,train,8203
15195,plan_15195,15866,train,14401
15196,plan_15196,15867,train,13080
15197,plan_15197,15871,train,12918
15198,plan_15198,15874,train,13058
15199,plan_15199,15875,train,10593
15200,plan_15200,15876,test,2232
15201,plan_15201,15877,train,6373
15202,plan_15202,15878,test,2261
15203,plan_15203,15879,train,10554
15204,plan_15204,15880,train,8817
15205,plan_15205,15881,train,13531
15206,plan_15206,15882,train,1861
15207,plan_15207,15883,train,5572
15208,plan_15208,15884,train,666
15209,plan_15209,15885,train,6319
15210,plan_15210,15886,train,110
15211,plan_15211,15887,test,868
15212,plan_15212,15888,train,5351
15213,plan_15213,15889,train,3351
15214,plan_15214,15890,train,6798
15215,plan_15215,15891,train,1730
15216,plan_15216,15892,train,14199
15217,plan_15217,15893,train,11509
15218,plan_15218,15894,train,153
15219,plan_15219,15895,train,6647
15220,plan_15220,15896,train,11518
15221,plan_15221,15897,train,3941
15222,plan_15222,15898,train,9727
15223,plan_15223,15899,train,13631
15224,plan_15224,15900,train,6949
15225,plan_15225,15902,train,9045
15226,plan_15226,15903,test,231
15227,plan_15227,15904,train,10488
15228,plan_15228,15905,train,9620
15229,plan_15229,15906,train,11465
15230,plan_15230,15907,test,140
15231,plan_15231,15908,train,3680
15232,plan_15232,15909,train,4084
15233,plan_15233,15910,train,11885
15234,plan_15234,15911,train,10405
15235,plan_15235,15912,train,9295
15236,plan_15236,15913,train,13743
15237,plan_15237,15914,train,13276
15238,plan_15238,15915,train,10966
15239,plan_15239,15916,train,7706
15240,plan_15240,15917,train,584
15241,plan_15241,15918,train,512
15242,plan_15242,15919,train,6167
15243,plan_15243,15920,train,8196
15244,plan_15244,15921,train,3668
15245,plan_15245,15922,train,13352
15246,plan_15246,15923,train,3089
15247,plan_15247,15924,train,11703
15248,plan_15248,15925,train,13409
15249,plan_15249,15926,train,5065
15250,plan_15250,15927,train,7209
15251,plan_15251,15928,train,2633
15252,plan_15252,15929,train,813
15253,plan_15253,15930,test,1496
15254,plan_15254,15931,train,13808
15255,plan_15255,15932,test,1879
15256,plan_15256,15933,train,10706
15257,plan_15257,15934,test,2540
15258,plan_15258,15935,train,3224
15259,plan_15259,15936,train,11055
15260,plan_15260,15937,train,6726
15261,plan_15261,15940,train,9666
15262,plan_15262,15941,train,9834
15263,plan_15263,15942,train,6421
15264,plan_15264,15944,train,9446
15265,plan_15265,15945,train,7890
15266,plan_15266,15947,train,9973
15267,plan_15267,15948,train,7363
15268,plan_15268,15949,train,9767
15269,plan_15269,15950,train,2661
15270,plan_15270,15951,test,1200
15271,plan_15271,15952,train,6383
15272,plan_15272,15953,train,4262
15273,plan_15273,15954,train,5506
15274,plan_15274,15955,train,2348
15275,plan_15275,15956,train,2572
15276,plan_15276,15957,train,5238
15277,plan_15277,15958,test,1963
15278,plan_15278,15959,train,4091
15279,plan_15279,15960,test,1051
15280,plan_15280,15962,train,7548
15281,plan_15281,15963,train,13430
15282,plan_15282,15964,train,4490
15283,plan_15283,15965,train,11417
15284,plan_15284,15966,train,5101
15285,plan_15285,15967,train,1605
15286,plan_15286,15968,test,817
15287,plan_15287,15969,train,6112
15288,plan_15288,15970,train,7769
15289,plan_15289,15971,train,2688
15290,plan_15290,15972,train,14396
15291,plan_15291,15973,train,10585
15292,plan_15292,15974,test,1519
15293,plan_15293,15975,test,1291
15294,plan_15294,15976,test,807
15295,plan_15295,15977,train,5518
15296,plan_15296,15978,train,9206
15297,plan_15297,15979,train,6074
15298,plan_15298,15980,test,1600
15299,plan_15299,15981,train,5782
15300,plan_15300,15982,train,12664
15301,plan_15301,15983,train,4453
15302,plan_15302,15984,test,707
15303,plan_15303,15985,train,2631
15304,plan_15304,15986,train,6068
15305,plan_15305,15987,train,8450
15306,plan_15306,15988,test,957
15307,plan_15307,15989,train,5700
15308,plan_15308,15990,train,9897
15309,plan_15309,15991,train,1644
15310,plan_15310,15992,train,10342
15311,plan_15311,15993,train,2155
15312,plan_15312,15994,train,13328
15313,plan_15313,15995,train,4561
15314,plan_15314,15996,train,4299
15315,plan_15315,15997,train,5635
15316,plan_15316,15998,train,12900
15317,plan_15317,15999,train,5287
15318,plan_15318,16000,test,1103
15319,plan_15319,16001,train,5582
15320,plan_15320,16002,train,1336
15321,plan_15321,16003,train,8199
15322,plan_15322,16004,train,589
15323,plan_15323,16007,test,7
15324,plan_15324,16008,train,10202
15325,plan_15325,16009,train,9029
15326,plan_15326,16010,train,13468
15327,plan_15327,16011,train,13665
15328,plan_15328,16012,train,4463
15329,plan_15329,16013,train,9976
15330,plan_15330,16014,train,2300
15331,plan_15331,16015,train,9498
15332,plan_15332,16016,train,8553
15333,plan_15333,16017,train,6952
15334,plan_15334,16018,train,11101
15335,plan_15335,16019,train,931
15336,plan_15336,16020,train,13053
15337,plan_15337,16021,train,9408
15338,plan_15338,16022,train,12788
15339,plan_15339,16023,train,4803
15340,plan_15340,16024,train,2529
15341,plan_15341,16025,train,5121
15342,plan_15342,16026,train,10177
15343,plan_15343,16027,train,13327
15344,plan_15344,16031,train,1395
15345,plan_15345,16032,train,12852
15346,plan_15346,16033,train,3843
15347,plan_15347,16034,test,1041
15348,plan_15348,16035,test,738
15349,plan_15349,16036,test,157
15350,plan_15350,16037,train,2997
15351,plan_15351,16038,train,10675
15352,plan_15352,16040,train,9989
15353,plan_15353,16041,train,5917
15354,plan_15354,16042,train,3343
15355,plan_15355,16044,train,7376
15356,plan_15356,16045,train,3976
15357,plan_15357,16053,test,2533
15358,plan_15358,16056,train,10634
15359,plan_15359,16060,test,1977
15360,plan_15360,16061,train,5558
15361,plan_15361,16062,train,13016
15362,plan_15362,16064,train,1296
15363,plan_15363,16066,train,3041
15364,plan_15364,16067,train,3611
15365,plan_15365,16068,train,9665
15366,plan_15366,16069,train,10601
15367,plan_15367,16070,train,12272
15368,plan_15368,16071,train,5069
15369,plan_15369,16072,train,1292
15370,plan_15370,16073,train,1986
15371,plan_15371,16074,train,2673
15372,plan_15372,16075,train,9308
15373,plan_15373,16076,train,2690
15374,plan_15374,16077,train,1843
15375,plan_15375,16078,train,6438
15376,plan_15376,16079,test,981
15377,plan_15377,16080,train,13951
15378,plan_15378,16081,train,12433
15379,plan_15379,16082,test,2341
15380,plan_15380,16084,train,12674
15381,plan_15381,16091,train,613
15382,plan_15382,16092,train,7452
15383,plan_15383,16093,train,13104
15384,plan_15384,16094,train,10851
15385,plan_15385,16095,train,9270
15386,plan_15386,16096,test,625
15387,plan_15387,16097,train,543
15388,plan_15388,16098,train,5254
15389,plan_15389,16099,test,1633
15390,plan_15390,16100,train,3993
15391,plan_15391,16101,train,2393
15392,plan_15392,16102,train,3599
15393,plan_15393,16103,train,6552
15394,plan_15394,16104,train,6004
15395,plan_15395,16105,train,3604
15396,plan_15396,16106,train,10310
15397,plan_15397,16107,train,10984
15398,plan_15398,16108,train,9473
15399,plan_15399,16109,train,1927
15400,plan_15400,16110,train,13849
15401,plan_15401,16111,train,13064
15402,plan_15402,16112,train,9649
15403,plan_15403,16113,train,6002
15404,plan_15404,16114,train,2833
15405,plan_15405,16115,train,875
15406,plan_15406,16116,train,5796
15407,plan_15407,16117,test,802
15408,plan_15408,16118,train,10469
15409,plan_15409,16119,train,10671
15410,plan_15410,16120,train,4871
15411,plan_15411,16121,train,9406
15412,plan_15412,16122,train,4850
15413,plan_15413,16123,test,840
15414,plan_15414,16124,train,2649
15415,plan_15415,16125,train,11763
15416,plan_15416,16126,train,9102
15417,plan_15417,16127,test,947
15418,plan_15418,16128,train,13186
15419,plan_15419,16129,train,6166
15420,plan_15420,16130,train,2325
15421,plan_15421,16131,train,13121
15422,plan_15422,16132,train,7309
15423,plan_15423,16133,train,5890
15424,plan_15424,16134,train,9285
15425,plan_15425,16135,train,11680
15426,plan_15426,16136,train,4264
15427,plan_15427,16137,train,7928
15428,plan_15428,16138,train,13926
15429,plan_15429,16139,train,6660
15430,plan_15430,16140,train,4260
15431,plan_15431,16141,train,13904
15432,plan_15432,16142,train,1188
15433,plan_15433,16143,train,3042
15434,plan_15434,16144,train,10294
15435,plan_15435,16145,train,12450
15436,plan_15436,16146,test,2029
15437,plan_15437,16147,train,7299
15438,plan_15438,16148,train,13434
15439,plan_15439,16149,train,13830
15440,plan_15440,16150,train,1449
15441,plan_15441,16151,train,7341
15442,plan_15442,16152,train,576
15443,plan_15443,16153,train,14108
15444,plan_15444,16154,train,3678
15445,plan_15445,16157,train,9798
15446,plan_15446,16158,train,11708
15447,plan_15447,16159,train,8405
15448,plan_15448,16160,test,587
15449,plan_15449,16161,train,4336
15450,plan_15450,16162,test,1541
15451,plan_15451,16163,train,10690
15452,plan_15452,16164,train,2575
15453,plan_15453,16165,train,2053
15454,plan_15454,16166,test,2220
15455,plan_15455,16167,train,10094
15456,plan_15456,16168,train,1050
15457,plan_15457,16169,train,7412
15458,plan_15458,16170,train,3208
15459,plan_15459,16171,test,1992
15460,plan_15460,16172,train,10231
15461,plan_15461,16173,train,11472
15462,plan_15462,16174,train,11939
15463,plan_15463,16175,train,6702
15464,plan_15464,16176,train,5335
15465,plan_15465,16178,train,11536
15466,plan_15466,16179,train,4380
15467,plan_15467,16180,train,6505
15468,plan_15468,16181,train,8274
15469,plan_15469,16182,train,14320
15470,plan_15470,16188,train,7651
15471,plan_15471,16191,test,818
15472,plan_15472,16192,test,2120
15473,plan_15473,16193,train,2511
15474,plan_15474,16194,train,7658
15475,plan_15475,16195,train,6850
15476,plan_15476,16196,train,2216
15477,plan_15477,16197,test,1680
15478,plan_15478,16198,train,4124
15479,plan_15479,16199,train,4423
15480,plan_15480,16200,test,290
15481,plan_15481,16201,train,11928
15482,plan_15482,16202,train,5111
15483,plan_15483,16203,train,1280
15484,plan_15484,16204,train,9124
15485,plan_15485,16205,train,5524
15486,plan_15486,16206,train,12711
15487,plan_15487,16207,train,1737
15488,plan_15488,16208,train,6903
15489,plan_15489,16209,train,8261
15490,plan_15490,16210,test,1788
15491,plan_15491,16211,train,369
15492,plan_15492,16212,test,426
15493,plan_15493,16213,train,1138
15494,plan_15494,16214,train,8465
15495,plan_15495,16215,train,13353
15496,plan_15496,16216,train,6425
15497,plan_15497,16217,train,3389
15498,plan_15498,16218,test,1099
15499,plan_15499,16219,train,10790
15500,plan_15500,16220,test,835
15501,plan_15501,16221,train,5775
15502,plan_15502,16222,test,853
15503,plan_15503,16223,train,9918
15504,plan_15504,16224,train,11840
15505,plan_15505,16225,train,4348
15506,plan_15506,16226,train,10739
15507,plan_15507,16227,train,1896
15508,plan_15508,16228,train,1454
15509,plan_15509,16229,test,1910
15510,plan_15510,16230,train,2328
15511,plan_15511,16231,train,13812
15512,plan_15512,16232,train,3401
15513,plan_15513,16233,train,14030
15514,plan_15514,16234,train,8719
15515,plan_15515,16235,train,4613
15516,plan_15516,16236,train,10551
15517,plan_15517,16237,test,1504
15518,plan_15518,16238,train,2560
15519,plan_15519,16239,train,4676
15520,plan_15520,16240,train,7881
15521,plan_15521,16241,train,2714
15522,plan_15522,16242,train,3362
15523,plan_15523,16243,train,11257
15524,plan_15524,16244,train,9007
15525,plan_15525,16245,train,8004
15526,plan_15526,16246,test,36
15527,plan_15527,16247,train,11957
15528,plan_15528,16248,train,4196
15529,plan_15529,16249,test,61
15530,plan_15530,16250,train,5616
15531,plan_15531,16251,train,9145
15532,plan_15532,16252,train,7654
15533,plan_15533,16253,train,622
15534,plan_15534,16254,train,4036
15535,plan_15535,16255,train,6006
15536,plan_15536,16256,train,600
15537,plan_15537,16257,train,7811
15538,plan_15538,16258,test,1752
15539,plan_15539,16259,train,10084
15540,plan_15540,16260,test,2509
15541,plan_15541,16261,train,11122
15542,plan_15542,16262,test,20
15543,plan_15543,16263,train,4877
15544,plan_15544,16264,train,29
15545,plan_15545,16265,train,5941
15546,plan_15546,16266,train,6016
15547,plan_15547,16267,train,9222
15548,plan_15548,16268,test,871
15549,plan_15549,16269,test,253
15550,plan_15550,16270,test,1779
15551,plan_15551,16271,train,14224
15552,plan_15552,16272,train,2568
15553,plan_15553,16273,train,27
15554,plan_15554,16276,train,4339
15555,plan_15555,16277,train,8061
15556,plan_15556,16278,train,9994
15557,plan_15557,16279,train,13466
15558,plan_15558,16280,train,12838
15559,plan_15559,16281,test,652
15560,plan_15560,16282,train,8538
15561,plan_15561,16283,train,10635
15562,plan_15562,16284,train,12393
15563,plan_15563,16285,train,10012
15564,plan_15564,16286,train,5799
15565,plan_15565,16287,train,6390
15566,plan_15566,16288,train,8704
15567,plan_15567,16289,train,7455
15568,plan_15568,16290,train,12269
15569,plan_15569,16291,train,4273
15570,plan_15570,16292,train,5871
15571,plan_15571,16293,train,3012
15572,plan_15572,16294,test,1344
15573,plan_15573,16295,train,8660
15574,plan_15574,16296,train,10697
15575,plan_15575,16297,train,14135
15576,plan_15576,16298,train,9309
15577,plan_15577,16299,train,11285
15578,plan_15578,16300,test,1188
15579,plan_15579,16301,train,3061
15580,plan_15580,16302,train,10747
15581,plan_15581,16303,test,687
15582,plan_15582,16304,train,1476
15583,plan_15583,16305,train,12079
15584,plan_15584,16306,train,2326
15585,plan_15585,16307,train,3488
15586,plan_15586,16308,train,12397
15587,plan_15587,16309,test,1794
15588,plan_15588,16310,train,13611
15589,plan_15589,16311,train,1933
15590,plan_15590,16312,train,10920
15591,plan_15591,16313,train,2185
15592,plan_15592,16314,train,1832
15593,plan_15593,16315,train,3069
15594,plan_15594,16316,train,8460
15595,plan_15595,16317,train,3616
15596,plan_15596,16318,train,12950
15597,plan_15597,16319,test,906
15598,plan_15598,16320,train,12982
15599,plan_15599,16321,train,1839
15600,plan_15600,16322,train,12471
15601,plan_15601,16323,train,4520
15602,plan_15602,16324,test,2144
15603,plan_15603,16325,test,3
15604,plan_15604,16326,train,2375
15605,plan_15605,16327,train,6170
15606,plan_15606,16328,test,1829
15607,plan_15607,16329,train,7605
15608,plan_15608,16330,train,14023
15609,plan_15609,16331,test,1206
15610,plan_15610,16332,train,2593
15611,plan_15611,16333,train,7599
15612,plan_15612,16334,train,10576
15613,plan_15613,16335,train,14047
15614,plan_15614,16336,train,5363
15615,plan_15615,16337,train,12507
15616,plan_15616,16338,train,8671
15617,plan_15617,16339,train,6308
15618,plan_15618,16340,train,13441
15619,plan_15619,16341,train,1886
15620,plan_15620,16342,train,571
15621,plan_15621,16343,train,4652
15622,plan_15622,16344,train,12331
15623,plan_15623,16345,train,750
15624,plan_15624,16346,train,3214
15625,plan_15625,16347,test,1869
15626,plan_15626,16348,train,1818
15627,plan_15627,16349,train,11376
15628,plan_15628,16350,train,4020
15629,plan_15629,16351,train,12382
15630,plan_15630,16352,train,734
15631,plan_15631,16353,train,160
15632,plan_15632,16354,train,10803
15633,plan_15633,16355,train,3849
15634,plan_15634,16356,test,2226
15635,plan_15635,16357,train,4874
15636,plan_15636,16358,train,7608
15637,plan_15637,16359,train,9122
15638,plan_15638,16360,train,9159
15639,plan_15639,16362,train,7828
15640,plan_15640,16363,test,460
15641,plan_15641,16364,train,4937
15642,plan_15642,16365,test,232
15643,plan_15643,16366,train,2850
15644,plan_15644,16367,train,7643
15645,plan_15645,16368,test,1580
15646,plan_15646,16369,train,171
15647,plan_15647,16370,train,10491
15648,plan_15648,16371,train,7242
15649,plan_15649,16372,test,1107
15650,plan_15650,16373,train,11324
15651,plan_15651,16374,train,3034
15652,plan_15652,16375,train,13893
15653,plan_15653,16376,train,11200
15654,plan_15654,16377,train,6969
15655,plan_15655,16378,train,13313
15656,plan_15656,16380,train,10811
15657,plan_15657,16381,train,1916
15658,plan_15658,16382,train,7135
15659,plan_15659,16383,train,9743
15660,plan_15660,16384,train,9215
15661,plan_15661,16385,test,2458
15662,plan_15662,16386,train,5475
15663,plan_15663,16389,test,1273
15664,plan_15664,16390,test,1364
15665,plan_15665,16391,train,3798
15666,plan_15666,16392,train,13235
15667,plan_15667,16393,train,2553
15668,plan_15668,16394,train,8426
15669,plan_15669,16395,train,8104
15670,plan_15670,16396,train,451
15671,plan_15671,16397,train,2832
15672,plan_15672,16398,train,12759
15673,plan_15673,16399,train,10367
15674,plan_15674,16400,train,8055
15675,plan_15675,16401,train,13956
15676,plan_15676,16402,train,11661
15677,plan_15677,16403,train,11638
15678,plan_15678,16404,test,1225
15679,plan_15679,16405,train,10621
15680,plan_15680,16406,train,8610
15681,plan_15681,16407,test,2211
15682,plan_15682,16408,train,2143
15683,plan_15683,16409,train,12797
15684,plan_15684,16410,train,3509
15685,plan_15685,16411,train,9019
15686,plan_15686,16412,train,3335
15687,plan_15687,16413,train,12250
15688,plan_15688,16414,train,4643
15689,plan_15689,16415,train,7302
15690,plan_15690,16416,train,13548
15691,plan_15691,16417,train,13892
15692,plan_15692,16418,train,10617
15693,plan_15693,16419,train,8285
15694,plan_15694,16420,test,1072
15695,plan_15695,16421,train,7188
15696,plan_15696,16422,train,3014
15697,plan_15697,16423,train,6203
15698,plan_15698,16424,train,14278
15699,plan_15699,16425,train,3350
15700,plan_15700,16426,test,569
15701,plan_15701,16427,train,10199
15702,plan_15702,16428,train,2468
15703,plan_15703,16429,train,5500
15704,plan_15704,16430,train,2602
15705,plan_15705,16431,train,3409
15706,plan_15706,16432,train,10846
15707,plan_15707,16433,train,13939
15708,plan_15708,16434,train,1828
15709,plan_15709,16435,train,7899
15710,plan_15710,16436,train,13739
15711,plan_15711,16437,train,3935
15712,plan_15712,16438,train,3300
15713,plan_15713,16439,train,4854
15714,plan_15714,16440,test,1147
15715,plan_15715,16441,train,4736
15716,plan_15716,16442,train,13472
15717,plan_15717,16443,train,12634
15718,plan_15718,16444,train,11869
15719,plan_15719,16445,train,3170
15720,plan_15720,16446,train,1545
15721,plan_15721,16447,train,5804
15722,plan_15722,16448,train,6407
15723,plan_15723,16449,train,4818
15724,plan_15724,16450,train,2035
15725,plan_15725,16451,train,8773
15726,plan_15726,16452,train,6381
15727,plan_15727,16453,train,1490
15728,plan_15728,16454,train,11319
15729,plan_15729,16455,train,9782
15730,plan_15730,16456,train,5725
15731,plan_15731,16457,train,9568
15732,plan_15732,16458,train,4556
15733,plan_15733,16459,train,3587
15734,plan_15734,16460,train,13630
15735,plan_15735,16461,test,478
15736,plan_15736,16462,train,7010
15737,plan_15737,16463,train,2979
15738,plan_15738,16464,train,9256
15739,plan_15739,16465,train,13845
15740,plan_15740,16466,test,2058
15741,plan_15741,16467,train,10093
15742,plan_15742,16468,train,4130
15743,plan_15743,16469,train,3800
15744,plan_15744,16470,train,13989
15745,plan_15745,16471,test,685
15746,plan_15746,16472,train,3013
15747,plan_15747,16473,train,737
15748,plan_15748,16474,train,4992
15749,plan_15749,16475,train,7279
15750,plan_15750,16476,test,1913
15751,plan_15751,16479,train,14054
15752,plan_15752,16480,train,10967
15753,plan_15753,16481,train,13195
15754,plan_15754,16482,test,2001
15755,plan_15755,16483,train,11697
15756,plan_15756,16484,train,5457
15757,plan_15757,16485,train,12018
15758,plan_15758,16486,train,9780
15759,plan_15759,16487,test,2530
15760,plan_15760,16488,train,11145
15761,plan_15761,16489,train,8085
15762,plan_15762,16490,train,1624
15763,plan_15763,16491,train,2801
15764,plan_15764,16492,train,2933
15765,plan_15765,16493,train,10242
15766,plan_15766,16494,train,2480
15767,plan_15767,16495,train,11438
15768,plan_15768,16496,train,11558
15769,plan_15769,16497,train,2600
15770,plan_15770,16498,train,3631
15771,plan_15771,16499,train,11483
15772,plan_15772,16500,train,9521
15773,plan_15773,16501,train,2074
15774,plan_15774,16502,test,1354
15775,plan_15775,16503,train,10778
15776,plan_15776,16504,train,2925
15777,plan_15777,16505,train,305
15778,plan_15778,16507,train,4780
15779,plan_15779,16508,train,11039
15780,plan_15780,16509,train,6122
15781,plan_15781,16510,train,10638
15782,plan_15782,16511,train,8546
15783,plan_15783,16512,test,50
15784,plan_15784,16513,train,8601
15785,plan_15785,16514,train,13289
15786,plan_15786,16515,train,11866
15787,plan_15787,16516,train,1219
15788,plan_15788,16517,train,4149
15789,plan_15789,16518,train,1616
15790,plan_15790,16520,train,8444
15791,plan_15791,16521,train,3428
15792,plan_15792,16522,train,9053
15793,plan_15793,16523,train,6115
15794,plan_15794,16524,train,1466
15795,plan_15795,16525,train,7073
15796,plan_15796,16526,train,10292
15797,plan_15797,16529,train,5995
15798,plan_15798,16530,train,7200
15799,plan_15799,16531,train,12182
15800,plan_15800,16532,train,3781
15801,plan_15801,16533,train,8607
15802,plan_15802,16534,train,828
15803,plan_15803,16535,train,5168
15804,plan_15804,16536,test,621
15805,plan_15805,16537,train,8820
15806,plan_15806,16538,train,6523
15807,plan_15807,16540,test,1862
15808,plan_15808,16541,train,10341
15809,plan_15809,16542,train,3805
15810,plan_15810,16543,train,2465
15811,plan_15811,16544,train,9448
15812,plan_15812,16545,train,1415
15813,plan_15813,16546,train,6469
15814,plan_15814,16547,train,10905
15815,plan_15815,16548,train,12956
15816,plan_15816,16549,train,1714
15817,plan_15817,16550,train,2182
15818,plan_15818,16551,train,13768
15819,plan_15819,16552,train,11573
15820,plan_15820,16553,train,10156
15821,plan_15821,16554,train,5501
15822,plan_15822,16555,train,13099
15823,plan_15823,16556,train,1102
15824,plan_15824,16557,train,5961
15825,plan_15825,16558,train,10800
15826,plan_15826,16559,train,10857
15827,plan_15827,16560,train,2036
15828,plan_15828,16561,train,12202
15829,plan_15829,16562,train,10577
15830,plan_15830,16563,train,8364
15831,plan_15831,16564,train,10630
15832,plan_15832,16565,train,13694
15833,plan_15833,16566,train,8302
15834,plan_15834,16567,test,2205
15835,plan_15835,16568,train,13210
15836,plan_15836,16569,train,896
15837,plan_15837,16570,test,1632
15838,plan_15838,16571,train,11728
15839,plan_15839,16572,train,11570
15840,plan_15840,16573,train,12601
15841,plan_15841,16574,test,829
15842,plan_15842,16575,train,13720
15843,plan_15843,16576,train,13781
15844,plan_15844,16577,test,2417
15845,plan_15845,16580,train,11003
15846,plan_15846,16581,train,1382
15847,plan_15847,16582,train,8300
15848,plan_15848,16583,train,4924
15849,plan_15849,16584,train,12776
15850,plan_15850,16585,train,6477
15851,plan_15851,16586,train,14107
15852,plan_15852,16587,train,11761
15853,plan_15853,16588,train,5160
15854,plan_15854,16589,test,1006
15855,plan_15855,16590,train,12216
15856,plan_15856,16591,train,11086
15857,plan_15857,16592,test,2436
15858,plan_15858,16593,train,2813
15859,plan_15859,16594,train,10847
15860,plan_15860,16595,train,281
15861,plan_15861,16596,train,5110
15862,plan_15862,16597,train,676
15863,plan_15863,16598,train,6712
15864,plan_15864,16599,test,720
15865,plan_15865,16600,train,9083
15866,plan_15866,16601,train,3615
15867,plan_15867,16602,test,278
15868,plan_15868,16603,train,11275
15869,plan_15869,16604,train,10046
15870,plan_15870,16605,test,594
15871,plan_15871,16606,train,1540
15872,plan_15872,16607,train,14210
15873,plan_15873,16608,train,3773
15874,plan_15874,16609,train,6770
15875,plan_15875,16610,train,7766
15876,plan_15876,16611,train,9153
15877,plan_15877,16612,train,4468
15878,plan_15878,16613,train,5956
15879,plan_15879,16614,train,4760
15880,plan_15880,16615,test,1427
15881,plan_15881,16616,train,1227
15882,plan_15882,16617,train,3162
15883,plan_15883,16618,train,9036
15884,plan_15884,16619,train,9487
15885,plan_15885,16620,train,13085
15886,plan_15886,16621,train,5722
15887,plan_15887,16622,train,3439
15888,plan_15888,16623,train,13351
15889,plan_15889,16624,train,13529
15890,plan_15890,16625,train,4179
15891,plan_15891,16626,test,345
15892,plan_15892,16627,train,11269
15893,plan_15893,16628,train,6255
15894,plan_15894,16629,train,4049
15895,plan_15895,16630,train,3797
15896,plan_15896,16631,train,9108
15897,plan_15897,16632,train,4220
15898,plan_15898,16633,train,3759
15899,plan_15899,16634,train,7989
15900,plan_15900,16635,train,3579
15901,plan_15901,16636,train,4361
15902,plan_15902,16637,train,6061
15903,plan_15903,16638,train,6207
15904,plan_15904,16639,train,8870
15905,plan_15905,16640,train,618
15906,plan_15906,16641,train,9688
15907,plan_15907,16642,test,1729
15908,plan_15908,16643,train,11445
15909,plan_15909,16644,train,3922
15910,plan_15910,16645,train,5593
15911,plan_15911,16646,train,13871
15912,plan_15912,16647,train,4298
15913,plan_15913,16648,train,4821
15914,plan_15914,16649,train,1426
15915,plan_15915,16650,test,57
15916,plan_15916,16651,train,14123
15917,plan_15917,16652,train,12610
15918,plan_15918,16653,train,418
15919,plan_15919,16654,train,7400
15920,plan_15920,16655,test,614
15921,plan_15921,16656,train,5307
15922,plan_15922,16657,train,9510
15923,plan_15923,16658,train,6031
15924,plan_15924,16659,test,1139
15925,plan_15925,16660,test,1679
15926,plan_15926,16661,train,12743
15927,plan_15927,16662,train,13003
15928,plan_15928,16663,train,12183
15929,plan_15929,16664,train,8977
15930,plan_15930,16665,test,1007
15931,plan_15931,16666,train,12769
15932,plan_15932,16667,train,62
15933,plan_15933,16668,train,9469
15934,plan_15934,16669,train,8921
15935,plan_15935,16670,train,10443
15936,plan_15936,16671,train,9757
15937,plan_15937,16672,train,3483
15938,plan_15938,16673,train,6787
15939,plan_15939,16674,train,11856
15940,plan_15940,16675,train,14366
15941,plan_15941,16676,train,5934
15942,plan_15942,16677,train,723
15943,plan_15943,16678,train,4637
15944,plan_15944,16679,train,7503
15945,plan_15945,16680,train,6405
15946,plan_15946,16681,test,399
15947,plan_15947,16682,test,2310
15948,plan_15948,16683,train,14192
15949,plan_15949,16684,train,13756
15950,plan_15950,16685,train,5762
15951,plan_15951,16686,train,14158
15952,plan_15952,16687,train,9028
15953,plan_15953,16688,train,5885
15954,plan_15954,16689,train,5470
15955,plan_15955,16690,train,1774
15956,plan_15956,16691,train,9200
15957,plan_15957,16692,train,10499
15958,plan_15958,16693,train,9062
15959,plan_15959,16694,train,2864
15960,plan_15960,16695,train,12398
15961,plan_15961,16696,train,10591
15962,plan_15962,16697,test,2478
15963,plan_15963,16698,train,4514
15964,plan_15964,16699,train,9068
15965,plan_15965,16700,train,10061
15966,plan_15966,16701,train,6093
15967,plan_15967,16702,train,4788
15968,plan_15968,16703,train,14313
15969,plan_15969,16704,train,174
15970,plan_15970,16705,train,2388
15971,plan_15971,16706,train,4532
15972,plan_15972,16707,train,2390
15973,plan_15973,16708,train,3779
15974,plan_15974,16709,test,125
15975,plan_15975,16710,train,47
15976,plan_15976,16711,test,2347
15977,plan_15977,16712,train,8527
15978,plan_15978,16713,train,4721
15979,plan_15979,16714,train,9691
15980,plan_15980,16715,train,4410
15981,plan_15981,16716,train,3404
15982,plan_15982,16717,test,2076
15983,plan_15983,16718,train,358
15984,plan_15984,16719,test,1373
15985,plan_15985,16720,train,2304
15986,plan_15986,16721,train,13850
15987,plan_15987,16722,train,4558
15988,plan_15988,16723,train,4980
15989,plan_15989,16724,train,9018
15990,plan_15990,16725,train,9658
15991,plan_15991,16726,test,678
15992,plan_15992,16727,train,10250
15993,plan_15993,16728,test,106
15994,plan_15994,16729,train,13612
15995,plan_15995,16730,train,580
15996,plan_15996,16731,train,4169
15997,plan_15997,16732,test,1662
15998,plan_15998,16733,test,2428
15999,plan_15999,16734,train,4051
16000,plan_16000,16735,train,5502
16001,plan_16001,16736,test,2201
16002,plan_16002,16737,train,14373
16003,plan_16003,16738,test,1589
16004,plan_16004,16739,train,13092
16005,plan_16005,16740,train,10583
16006,plan_16006,16741,train,6199
16007,plan_16007,16742,train,6318
16008,plan_16008,16743,train,5889
16009,plan_16009,16744,train,6629
16010,plan_16010,16745,train,10457
16011,plan_16011,16746,train,13062
16012,plan_16012,16747,train,13910
16013,plan_16013,16748,train,859
16014,plan_16014,16749,test,544
16015,plan_16015,16750,test,2091
16016,plan_16016,16751,train,9619
16017,plan_16017,16752,train,3545
16018,plan_16018,16753,train,13661
16019,plan_16019,16754,train,13036
16020,plan_16020,16755,train,5478
16021,plan_16021,16756,train,4947
16022,plan_16022,16757,train,8392
16023,plan_16023,16758,train,9224
16024,plan_16024,16759,train,9702
16025,plan_16025,16760,train,13858
16026,plan_16026,16761,train,5568
16027,plan_16027,16762,train,10598
16028,plan_16028,16763,train,1919
16029,plan_16029,16764,train,6579
16030,plan_16030,16765,train,12712
16031,plan_16031,16766,train,4749
16032,plan_16032,16767,test,1958
16033,plan_16033,16768,train,1400
16034,plan_16034,16769,train,5441
16035,plan_16035,16770,train,378
16036,plan_16036,16771,train,4537
16037,plan_16037,16772,train,12701
16038,plan_16038,16773,train,3571
16039,plan_16039,16774,train,9663
16040,plan_16040,16775,train,3155
16041,plan_16041,16776,train,13411
16042,plan_16042,16777,test,2302
16043,plan_16043,16778,train,911
16044,plan_16044,16779,train,9817
16045,plan_16045,16780,train,4934
16046,plan_16046,16781,train,6290
16047,plan_16047,16782,train,2910
16048,plan_16048,16783,train,10324
16049,plan_16049,16784,train,10284
16050,plan_16050,16785,train,12504
16051,plan_16051,16786,test,1716
16052,plan_16052,16787,test,299
16053,plan_16053,16788,train,12378
16054,plan_16054,16789,test,771
16055,plan_16055,16790,train,6847
16056,plan_16056,16791,train,10988
16057,plan_16057,16792,train,5650
16058,plan_16058,16793,test,2141
16059,plan_16059,16794,train,9534
16060,plan_16060,16795,train,4254
16061,plan_16061,16796,train,12400
16062,plan_16062,16797,train,10738
16063,plan_16063,16798,test,581
16064,plan_16064,16799,train,4809
16065,plan_16065,16800,train,10365
16066,plan_16066,16801,train,6524
16067,plan_16067,16802,train,9584
16068,plan_16068,16803,train,13243
16069,plan_16069,16804,train,14060
16070,plan_16070,16807,train,3960
16071,plan_16071,16808,train,11812
16072,plan_16072,16809,test,1066
16073,plan_16073,16810,train,3197
16074,plan_16074,16814,train,9927
16075,plan_16075,16815,test,1161
16076,plan_16076,16816,train,11686
16077,plan_16077,16817,train,5729
16078,plan_16078,16824,test,1819
16079,plan_16079,16825,test,675
16080,plan_16080,16827,train,10295
16081,plan_16081,16828,train,2282
16082,plan_16082,16829,train,7946
16083,plan_16083,16831,train,5146
16084,plan_16084,16832,train,12561
16085,plan_16085,16833,train,12395
16086,plan_16086,16834,train,9302
16087,plan_16087,16835,train,12512
16088,plan_16088,16836,train,7834
16089,plan_16089,16837,train,13229
16090,plan_16090,16838,train,2259
16091,plan_16091,16839,train,5158
16092,plan_16092,16840,train,6670
16093,plan_16093,16860,train,3761
16094,plan_16094,16865,train,12233
16095,plan_16095,16868,train,3421
16096,plan_16096,16869,train,9896
16097,plan_16097,16871,train,6970
16098,plan_16098,16872,train,10037
16099,plan_16099,16873,train,2162
16100,plan_16100,16874,train,12818
16101,plan_16101,16875,train,4074
16102,plan_16102,16879,test,333
16103,plan_16103,16880,train,534
16104,plan_16104,16881,train,10476
16105,plan_16105,16882,test,1766
16106,plan_16106,16883,train,6751
16107,plan_16107,16884,train,8195
16108,plan_16108,16885,test,786
16109,plan_16109,16886,test,1860
16110,plan_16110,16887,train,14059
16111,plan_16111,16888,test,1534
16112,plan_16112,16889,train,6449
16113,plan_16113,16890,train,3189
16114,plan_16114,16891,test,1193
16115,plan_16115,16892,test,2403
16116,plan_16116,16893,train,10205
16117,plan_16117,16894,train,11835
16118,plan_16118,16895,train,6141
16119,plan_16119,16898,train,7485
16120,plan_16120,16899,train,3767
16121,plan_16121,16900,test,52
16122,plan_16122,16901,train,9228
16123,plan_16123,16902,train,12968
16124,plan_16124,16903,train,11229
16125,plan_16125,16904,train,3398
16126,plan_16126,16905,train,13071
16127,plan_16127,16906,train,9641
16128,plan_16128,16907,train,10683
16129,plan_16129,16908,train,1704
16130,plan_16130,16909,train,12204
16131,plan_16131,16910,train,9609
16132,plan_16132,16911,train,1287
16133,plan_16133,16912,train,14328
16134,plan_16134,16913,test,567
16135,plan_16135,16914,train,6973
16136,plan_16136,16915,test,1805
16137,plan_16137,16916,train,1849
16138,plan_16138,16917,train,8251
16139,plan_16139,16918,train,11586
16140,plan_16140,16919,train,10000
16141,plan_16141,16920,train,5586
16142,plan_16142,16921,train,12793
16143,plan_16143,16922,train,4864
16144,plan_16144,16923,train,12091
16145,plan_16145,16924,train,527
16146,plan_16146,16925,train,6163
16147,plan_16147,16926,train,5600
16148,plan_16148,16927,train,729
16149,plan_16149,16928,train,5046
16150,plan_16150,16929,train,12753
16151,plan_16151,16930,train,1053
16152,plan_16152,16931,train,6536
16153,plan_16153,16932,test,873
16154,plan_16154,16933,train,8382
16155,plan_16155,16934,train,5878
16156,plan_16156,16935,train,3768
16157,plan_16157,16936,train,8904
16158,plan_16158,16937,train,2087
16159,plan_16159,16938,train,11819
16160,plan_16160,16939,train,11267
16161,plan_16161,16940,train,5640
16162,plan_16162,16941,train,8357
16163,plan_16163,16942,train,1411
16164,plan_16164,16943,train,4948
16165,plan_16165,16944,train,11391
16166,plan_16166,16945,train,9035
16167,plan_16167,16952,train,9522
16168,plan_16168,16954,train,1021
16169,plan_16169,16956,train,4793
16170,plan_16170,16957,test,1900
16171,plan_16171,16958,train,7011
16172,plan_16172,16959,train,6649
16173,plan_16173,16960,test,2150
16174,plan_16174,16961,train,4005
16175,plan_16175,16962,train,1253
16176,plan_16176,16963,train,5820
16177,plan_16177,16964,train,5566
16178,plan_16178,16965,train,5261
16179,plan_16179,16966,test,1456
16180,plan_16180,16967,train,5623
16181,plan_16181,16968,train,10582
16182,plan_16182,16969,train,1857
16183,plan_16183,16970,train,9720
16184,plan_16184,16971,train,7603
16185,plan_16185,16972,train,12549
16186,plan_16186,16973,train,10913
16187,plan_16187,16974,train,6399
16188,plan_16188,16975,train,88
16189,plan_16189,16976,train,4030
16190,plan_16190,16977,train,9538
16191,plan_16191,16978,train,2083
16192,plan_16192,16979,train,9378
16193,plan_16193,16980,test,852
16194,plan_16194,16981,train,7765
16195,plan_16195,16982,test,153
16196,plan_16196,16983,train,851
16197,plan_16197,16984,test,2255
16198,plan_16198,16985,train,7850
16199,plan_16199,16986,train,12370
16200,plan_16200,16987,train,6685
16201,plan_16201,16988,train,5535
16202,plan_16202,16989,train,1441
16203,plan_16203,16990,train,10113
16204,plan_16204,16991,train,5346
16205,plan_16205,16992,train,9849
16206,plan_16206,16993,train,7384
16207,plan_16207,16994,train,3098
16208,plan_16208,16995,train,6678
16209,plan_16209,16996,train,8408
16210,plan_16210,16997,train,8262
16211,plan_16211,16998,train,10356
16212,plan_16212,16999,train,9431
16213,plan_16213,17000,train,10044
16214,plan_16214,17001,test,1371
16215,plan_16215,17002,train,10534
16216,plan_16216,17003,train,5657
16217,plan_16217,17004,train,4076
16218,plan_16218,17005,train,3624
16219,plan_16219,17006,train,4843
16220,plan_16220,17008,train,9058
16221,plan_16221,17009,test,2376
16222,plan_16222,17011,train,9822
16223,plan_16223,17012,train,8105
16224,plan_16224,17013,train,925
16225,plan_16225,17014,train,7393
16226,plan_16226,17015,train,3760
16227,plan_16227,17016,train,12310
16228,plan_16228,17017,train,8566
16229,plan_16229,17018,train,1975
16230,plan_16230,17019,train,11715
16231,plan_16231,17020,train,5548
16232,plan_16232,17021,train,5690
16233,plan_16233,17022,train,10152
16234,plan_16234,17023,train,12321
16235,plan_16235,17024,train,1007
16236,plan_16236,17025,test,2370
16237,plan_16237,17026,train,9813
16238,plan_16238,17027,train,14038
16239,plan_16239,17028,train,10785
16240,plan_16240,17029,train,8235
16241,plan_16241,17030,train,1823
16242,plan_16242,17031,train,13642
16243,plan_16243,17032,train,501
16244,plan_16244,17033,train,5468
16245,plan_16245,17034,train,3554
16246,plan_16246,17035,train,1072
16247,plan_16247,17036,test,1155
16248,plan_16248,17037,train,5486
16249,plan_16249,17038,train,10843
16250,plan_16250,17039,test,763
16251,plan_16251,17040,train,5207
16252,plan_16252,17041,train,13101
16253,plan_16253,17042,test,1767
16254,plan_16254,17045,train,10068
16255,plan_16255,17047,train,4366
16256,plan_16256,17048,train,11746
16257,plan_16257,17050,train,8006
16258,plan_16258,17051,train,1592
16259,plan_16259,17052,train,2872
16260,plan_16260,17053,train,8814
16261,plan_16261,17054,train,172
16262,plan_16262,17055,train,5573
16263,plan_16263,17056,test,616
16264,plan_16264,17057,train,1921
16265,plan_16265,17058,train,13031
16266,plan_16266,17059,test,1771
16267,plan_16267,17060,train,4227
16268,plan_16268,17061,train,6548
16269,plan_16269,17062,train,6564
16270,plan_16270,17063,train,10856
16271,plan_16271,17064,train,2808
16272,plan_16272,17065,train,14360
16273,plan_16273,17066,train,2532
16274,plan_16274,17067,train,3493
16275,plan_16275,17068,test,2026
16276,plan_16276,17069,train,6378
16277,plan_16277,17070,train,9640
16278,plan_16278,17071,train,12483
16279,plan_16279,17072,train,12565
16280,plan_16280,17073,test,560
16281,plan_16281,17074,train,6732
16282,plan_16282,17075,train,145
16283,plan_16283,17076,test,1403
16284,plan_16284,17077,train,845
16285,plan_16285,17078,train,7700
16286,plan_16286,17079,train,2874
16287,plan_16287,17080,train,8907
16288,plan_16288,17081,test,2479
16289,plan_16289,17082,train,9483
16290,plan_16290,17083,train,767
16291,plan_16291,17084,train,2740
16292,plan_16292,17085,train,1594
16293,plan_16293,17086,train,798
16294,plan_16294,17087,train,4318
16295,plan_16295,17088,train,13336
16296,plan_16296,17089,train,6561
16297,plan_16297,17090,train,4070
16298,plan_16298,17091,train,6863
16299,plan_16299,17092,test,1875
16300,plan_16300,17093,train,13180
16301,plan_16301,17094,train,11889
16302,plan_16302,17095,train,4433
16303,plan_16303,17096,test,909
16304,plan_16304,17097,train,11368
16305,plan_16305,17098,train,4860
16306,plan_16306,17099,train,9227
16307,plan_16307,17100,test,1532
16308,plan_16308,17101,train,13124
16309,plan_16309,17102,test,1972
16310,plan_16310,17103,train,95
16311,plan_16311,17104,train,13508
16312,plan_16312,17105,train,10279
16313,plan_16313,17106,train,1316
16314,plan_16314,100708,test,1405
16315,plan_16315,101533,train,7353
16316,plan_16316,102805,test,561
16317,plan_16317,106182,train,3158
16318,plan_16318,106687,train,8745
16319,plan_16319,107540,train,12214
16320,plan_16320,108491,train,4292
16321,plan_16321,109717,train,1158
16322,plan_16322,109738,train,870
16323,plan_16323,110048,train,611
16324,plan_16324,113280,train,13748
16325,plan_16325,114594,train,13341
16326,plan_16326,114768,test,2539
16327,plan_16327,115582,train,6650
16328,plan_16328,116495,test,1386
16329,plan_16329,116547,train,14151
16330,plan_16330,117007,test,132
16331,plan_16331,117500,train,4060
16332,plan_16332,117538,test,43
16333,plan_16333,119651,train,10027
16334,plan_16334,119857,train,304
16335,plan_16335,124302,train,6231
16336,plan_16336,124813,train,8931
16337,plan_16337,125755,train,128
16338,plan_16338,125990,train,4650
16339,plan_16339,127537,train,533
16340,plan_16340,130094,train,2475
16341,plan_16341,130359,train,4964
16342,plan_16342,131064,train,10762
16343,plan_16343,133326,train,3053
16344,plan_16344,133796,train,11220
16345,plan_16345,134225,train,2954
16346,plan_16346,134283,train,13335
16347,plan_16347,138817,train,12784
16348,plan_16348,139434,train,7100
16349,plan_16349,140115,train,8377
16350,plan_16350,141043,train,13679
16351,plan_16351,141761,train,10286
16352,plan_16352,144109,train,7780
16353,plan_16353,145814,train,11611
16354,plan_16354,146032,train,10874
16355,plan_16355,146228,train,7435
16356,plan_16356,147440,train,11563
16357,plan_16357,147489,train,8970
16358,plan_16358,147504,train,7427
16359,plan_16359,147623,test,2227
16360,plan_16360,147670,train,8343
16361,plan_16361,147726,train,5279
16362,plan_16362,148174,test,1334
16363,plan_16363,153231,train,5784
16364,plan_16364,154302,train,10217
16365,plan_16365,154714,train,10881
16366,plan_16366,155040,train,7682
16367,plan_16367,155164,train,256
16368,plan_16368,156304,train,1679
16369,plan_16369,156837,train,7076
16370,plan_16370,159642,train,6299
16371,plan_16371,160423,train,12476
16372,plan_16372,162804,train,760
16373,plan_16373,163386,train,2316
16374,plan_16374,163491,train,9135
16375,plan_16375,165290,train,505
16376,plan_16376,167348,train,3192
16377,plan_16377,168941,train,184
16378,plan_16378,169113,train,11621
16379,plan_16379,170437,train,1461
16380,plan_16380,170674,train,125
16381,plan_16381,170966,train,3984
16382,plan_16382,171942,train,12084
16383,plan_16383,172132,train,10076
16384,plan_16384,172274,train,12200
16385,plan_16385,172371,train,2517
16386,plan_16386,172792,train,6635
16387,plan_16387,172965,train,14131
16388,plan_16388,174637,train,3881
16389,plan_16389,175576,train,924
16390,plan_16390,177558,train,5106
16391,plan_16391,178957,train,7091
16392,plan_16392,183667,test,248
16393,plan_16393,184148,train,5320
16394,plan_16394,185461,train,9180
16395,plan_16395,186023,test,1221
16396,plan_16396,187657,train,8437
16397,plan_16397,187949,train,12482
16398,plan_16398,189771,test,373
16399,plan_16399,191537,train,3875
16400,plan_16400,192337,train,8421
16401,plan_16401,193670,train,104
16402,plan_16402,194511,train,1724
16403,plan_16403,195325,test,2266
16404,plan_16404,195763,train,12676
16405,plan_16405,196126,train,14109
16406,plan_16406,197758,train,10999
16407,plan_16407,201377,train,2441
16408,plan_16408,201639,train,13035
16409,plan_16409,205409,train,11042
16410,plan_16410,207391,train,1567
16411,plan_16411,207798,train,6082
16412,plan_16412,210665,test,1380
16413,plan_16413,210790,train,4357
16414,plan_16414,211834,train,5522
16415,plan_16415,212214,train,8576
16416,plan_16416,213609,train,11367
16417,plan_16417,214532,train,10449
16418,plan_16418,216242,test,1453
16419,plan_16419,216970,train,1079
16420,plan_16420,217308,test,119
16421,plan_16421,218959,train,11658
16422,plan_16422,219420,train,9605
16423,plan_16423,220768,train,7866
16424,plan_16424,220944,test,2355
16425,plan_16425,221707,test,1207
16426,plan_16426,223088,train,12780
16427,plan_16427,223586,train,105
16428,plan_16428,224395,train,3349
16429,plan_16429,225710,train,14384
16430,plan_16430,226516,train,12989
16431,plan_16431,226601,train,5768
16432,plan_16432,227794,train,14416
16433,plan_16433,228594,test,1612
16434,plan_16434,230272,train,2260
16435,plan_16435,230394,train,3589
16436,plan_16436,230521,train,10064
16437,plan_16437,232352,train,6717
16438,plan_16438,232361,test,715
16439,plan_16439,233636,train,2828
16440,plan_16440,234568,train,6797
16441,plan_16441,237118,train,4038
16442,plan_16442,239816,train,3399
16443,plan_16443,239890,train,5779
16444,plan_16444,242175,train,11530
16445,plan_16445,242291,test,2067
16446,plan_16446,242723,test,2247
16447,plan_16447,247442,train,267
16448,plan_16448,247720,train,7497
16449,plan_16449,249715,train,13144
16450,plan_16450,253347,train,7925
16451,plan_16451,256466,train,4673
16452,plan_16452,258157,train,8129
16453,plan_16453,259097,train,12557
16454,plan_16454,259814,train,2907
16455,plan_16455,262246,test,208
16456,plan_16456,264686,train,14167
16457,plan_16457,265271,train,11633
16458,plan_16458,266889,test,364
16459,plan_16459,266931,train,13303
16460,plan_16460,269430,train,4167
16461,plan_16461,270128,train,10468
16462,plan_16462,272529,train,4757
16463,plan_16463,275377,test,1818
16464,plan_16464,276405,train,6205
16465,plan_16465,278240,train,3017
16466,plan_16466,284019,train,4141
16467,plan_16467,284229,train,474
16468,plan_16468,287654,train,3236
16469,plan_16469,288056,train,14231
16470,plan_16470,288066,train,4988
16471,plan_16471,288158,train,12976
16472,plan_16472,292401,train,6044
16473,plan_16473,293319,train,3277
16474,plan_16474,294760,train,10530
16475,plan_16475,297303,train,9266
16476,plan_16476,299122,train,7970
16477,plan_16477,300845,train,8734
16478,plan_16478,300896,train,945
16479,plan_16479,301158,train,8107
16480,plan_16480,301255,test,2161
16481,plan_16481,301603,test,181
16482,plan_16482,306647,test,331
16483,plan_16483,310418,train,8638
16484,plan_16484,310548,train,3191
16485,plan_16485,311883,train,11533
16486,plan_16486,314181,train,13509
16487,plan_16487,314353,train,2161
16488,plan_16488,315161,train,4367
16489,plan_16489,315780,train,13557
16490,plan_16490,316092,train,7465
16491,plan_16491,319036,train,168
16492,plan_16492,320281,train,742
16493,plan_16493,322096,train,2875
16494,plan_16494,322423,test,1867
16495,plan_16495,324597,train,8418
16496,plan_16496,324993,train,6815
16497,plan_16497,325595,train,9708
16498,plan_16498,326130,train,7067
16499,plan_16499,327797,train,2524
16500,plan_16500,328411,train,12161
16501,plan_16501,329642,test,1442
16502,plan_16502,329772,train,4044
16503,plan_16503,330080,train,10956
16504,plan_16504,332335,train,11033
16505,plan_16505,332785,train,3029
16506,plan_16506,335113,train,2090
16507,plan_16507,335421,train,5899
16508,plan_16508,335445,train,5024
16509,plan_16509,337547,test,169
16510,plan_16510,339220,train,11388
16511,plan_16511,339499,train,3731
16512,plan_16512,345536,train,3562
16513,plan_16513,345884,train,4127
16514,plan_16514,348235,test,1871
16515,plan_16515,348237,train,7870
16516,plan_16516,348411,train,8961
16517,plan_16517,350021,train,7118
16518,plan_16518,350956,train,4555
16519,plan_16519,351083,test,637
16520,plan_16520,352249,train,10226
16521,plan_16521,352838,train,4888
16522,plan_16522,353480,train,2163
16523,plan_16523,354377,train,5342
16524,plan_16524,356355,test,1366
16525,plan_16525,356430,train,12145
16526,plan_16526,356773,train,4009
16527,plan_16527,359295,train,11937
16528,plan_16528,360247,train,12355
16529,plan_16529,360330,test,839
16530,plan_16530,362778,train,7956
16531,plan_16531,363926,test,1594
16532,plan_16532,364236,train,9833
16533,plan_16533,364955,train,3523
16534,plan_16534,365618,train,5547
16535,plan_16535,366817,train,9945
16536,plan_16536,373453,train,8938
16537,plan_16537,377312,train,11808
16538,plan_16538,377319,train,2784
16539,plan_16539,377746,train,9586
16540,plan_16540,378428,train,10643
16541,plan_16541,381444,train,10950
16542,plan_16542,381502,train,6542
16543,plan_16543,381581,train,1683
16544,plan_16544,384263,train,12574
16545,plan_16545,385320,train,6368
16546,plan_16546,387892,train,11312
16547,plan_16547,389039,test,2224
16548,plan_16548,389366,train,2770
16549,plan_16549,389666,train,9016
16550,plan_16550,390743,train,12311
16551,plan_16551,390794,train,4489
16552,plan_16552,391476,train,10224
16553,plan_16553,395442,train,5606
16554,plan_16554,398384,train,3451
16555,plan_16555,399105,test,254
16556,plan_16556,399279,train,4932
16557,plan_16557,400850,train,9281
16558,plan_16558,401601,train,3054
16559,plan_16559,401603,train,3113
16560,plan_16560,403507,train,6401
16561,plan_16561,407696,train,3863
16562,plan_16562,412071,train,12926
16563,plan_16563,412856,train,1176
16564,plan_16564,413814,train,6293
16565,plan_16565,415098,train,4965
16566,plan_16566,416613,train,3823
16567,plan_16567,419149,train,10194
16568,plan_16568,420015,train,4847
16569,plan_16569,423284,train,10667
16570,plan_16570,424620,train,3372
16571,plan_16571,427040,train,1827
16572,plan_16572,427766,train,12242
16573,plan_16573,429445,train,1009
16574,plan_16574,429861,train,13969
16575,plan_16575,430926,train,10645
16576,plan_16576,431535,train,2094
16577,plan_16577,432061,train,3831
16578,plan_16578,432427,train,7085
16579,plan_16579,432441,train,13188
16580,plan_16580,433507,train,10859
16581,plan_16581,433632,train,13042
16582,plan_16582,436241,train,13240
16583,plan_16583,436814,train,4577
16584,plan_16584,440131,train,3376
16585,plan_16585,443199,train,5748
16586,plan_16586,446747,test,894
16587,plan_16587,448354,train,9091
16588,plan_16588,450996,train,1502
16589,plan_16589,452457,train,12360
16590,plan_16590,454508,train,5193
16591,plan_16591,457455,train,5001
16592,plan_16592,462351,test,1220
16593,plan_16593,464069,train,8929
16594,plan_16594,465219,test,2426
16595,plan_16595,466566,test,753
16596,plan_16596,468074,train,12390
16597,plan_16597,468623,train,11725
16598,plan_16598,469038,train,2601
16599,plan_16599,469082,train,797
16600,plan_16600,474314,train,3724
16601,plan_16601,476417,train,660
16602,plan_16602,477114,train,10201
16603,plan_16603,478638,train,4767
16604,plan_16604,481574,train,9679
16605,plan_16605,483162,train,3258
16606,plan_16606,485191,train,3795
16607,plan_16607,485416,train,14222
16608,plan_16608,485548,train,5838
16609,plan_16609,485709,train,9252
16610,plan_16610,488162,train,2018
16611,plan_16611,488712,train,12104
16612,plan_16612,488984,train,4189
16613,plan_16613,489933,train,4295
16614,plan_16614,492077,test,2549
16615,plan_16615,492292,train,1942
16616,plan_16616,493396,train,4516
16617,plan_16617,494322,train,11571
16618,plan_16618,497382,train,10604
16619,plan_16619,497519,train,3226
16620,plan_16620,499407,test,1464
16621,plan_16621,501058,test,2177
16622,plan_16622,501451,test,1628
16623,plan_16623,502491,train,3185
16624,plan_16624,503457,test,2084
16625,plan_16625,503951,train,5144
16626,plan_16626,504630,train,7089
16627,plan_16627,505426,train,4335
16628,plan_16628,507286,test,1261
16629,plan_16629,514850,train,13193
16630,plan_16630,515011,train,1788
16631,plan_16631,522179,train,3577
16632,plan_16632,524965,train,4743
16633,plan_16633,528728,train,8864
16634,plan_16634,529008,train,1676
16635,plan_16635,530764,train,7181
16636,plan_16636,532424,train,9110
16637,plan_16637,534303,train,3464
16638,plan_16638,534572,test,75
16639,plan_16639,535810,train,11882
16640,plan_16640,536774,train,519
16641,plan_16641,538184,train,13024
16642,plan_16642,545790,train,5497
16643,plan_16643,547494,train,14371
16644,plan_16644,550797,train,3961
16645,plan_16645,550961,train,4389
16646,plan_16646,551607,test,1960
16647,plan_16647,552248,train,12813
16648,plan_16648,553014,test,2371
16649,plan_16649,553633,train,5357
16650,plan_16650,556641,test,1125
16651,plan_16651,557592,test,216
16652,plan_16652,557925,train,2379
16653,plan_16653,559398,test,800
16654,plan_16654,559469,test,30
16655,plan_16655,563246,train,11766
16656,plan_16656,563688,train,681
16657,plan_16657,563864,test,779
16658,plan_16658,565230,train,6879
16659,plan_16659,566339,train,6819
16660,plan_16660,567576,test,770
16661,plan_16661,568238,train,13896
16662,plan_16662,571029,train,7184
16663,plan_16663,571413,train,7337
16664,plan_16664,571635,train,3754
16665,plan_16665,572700,train,2624
16666,plan_16666,575575,train,13964
16667,plan_16667,577309,train,7491
16668,plan_16668,577463,train,12181
16669,plan_16669,579027,train,6360
16670,plan_16670,580102,train,4232
16671,plan_16671,580292,test,1606
16672,plan_16672,580547,test,2545
16673,plan_16673,580728,train,1623
16674,plan_16674,584498,train,5033
16675,plan_16675,584714,test,1884
16676,plan_16676,585188,train,343
16677,plan_16677,586462,test,1165
16678,plan_16678,586490,test,519
16679,plan_16679,587455,train,3751
16680,plan_16680,588002,test,339
16681,plan_16681,588899,train,8287
16682,plan_16682,589710,train,1151
16683,plan_16683,590110,train,13061
16684,plan_16684,592296,train,7319
16685,plan_16685,592841,train,6012
16686,plan_16686,592972,train,12130
16687,plan_16687,593554,test,2053
16688,plan_16688,597960,test,228
16689,plan_16689,598216,train,6495
16690,plan_16690,599968,train,7880
16691,plan_16691,604740,train,9118
16692,plan_16692,611751,train,9563
16693,plan_16693,612340,train,1250
16694,plan_16694,613234,train,475
16695,plan_16695,618392,train,2445
16696,plan_16696,618934,train,2009
16697,plan_16697,620526,train,5675
16698,plan_16698,621841,train,6601
16699,plan_16699,622584,train,971
16700,plan_16700,623555,train,13674
16701,plan_16701,624783,train,5626
16702,plan_16702,625721,train,10186
16703,plan_16703,626392,test,718
16704,plan_16704,626611,train,4140
16705,plan_16705,628313,train,7489
16706,plan_16706,630108,train,9815
16707,plan_16707,630538,train,6619
16708,plan_16708,631958,train,10219
16709,plan_16709,633188,train,3887
16710,plan_16710,633469,train,13017
16711,plan_16711,635167,train,702
16712,plan_16712,638179,train,14029
16713,plan_16713,639131,test,322
16714,plan_16714,639593,train,3662
16715,plan_16715,639728,train,8909
16716,plan_16716,640310,train,8063
16717,plan_16717,640659,train,12277
16718,plan_16718,641058,train,9039
16719,plan_16719,642717,train,6729
16720,plan_16720,642899,test,1325
16721,plan_16721,643269,train,12187
16722,plan_16722,644173,train,6423
16723,plan_16723,644559,train,9728
16724,plan_16724,645175,train,10580
16725,plan_16725,649300,train,13291
16726,plan_16726,649414,test,108
16727,plan_16727,651002,train,4286
16728,plan_16728,651640,train,3653
16729,plan_16729,653306,train,7520
16730,plan_16730,653815,train,66
16731,plan_16731,653829,test,1069
16732,plan_16732,655178,test,429
16733,plan_16733,656379,train,12298
16734,plan_16734,658136,train,9990
16735,plan_16735,659024,train,10092
16736,plan_16736,659951,train,8491
16737,plan_16737,660324,train,3444
16738,plan_16738,661147,train,9791
16739,plan_16739,662445,test,825
16740,plan_16740,662761,train,2755
16741,plan_16741,663658,train,12670
16742,plan_16742,663750,test,1917
16743,plan_16743,664365,train,1374
16744,plan_16744,665427,train,7159
16745,plan_16745,677596,train,10814
16746,plan_16746,678043,train,3492
16747,plan_16747,678856,train,7367
16748,plan_16748,680096,train,9785
16749,plan_16749,680278,train,9381
16750,plan_16750,680358,train,4403
16751,plan_16751,681868,train,13984
16752,plan_16752,682851,train,3985
16753,plan_16753,683397,train,14391
16754,plan_16754,684482,train,2894
16755,plan_16755,688508,train,7994
16756,plan_16756,688956,train,4265
16757,plan_16757,693643,train,2424
16758,plan_16758,694731,train,10394
16759,plan_16759,699573,train,5976
16760,plan_16760,700534,train,4043
16761,plan_16761,701253,train,13370
16762,plan_16762,701949,train,8805
16763,plan_16763,702727,train,311
16764,plan_16764,704238,test,612
16765,plan_16765,704596,train,136
16766,plan_16766,705748,train,11155
16767,plan_16767,706794,train,5377
16768,plan_16768,711868,train,167
16769,plan_16769,711878,train,13354
16770,plan_16770,713762,train,5087
16771,plan_16771,715551,train,8214
16772,plan_16772,715870,train,1034
16773,plan_16773,717113,test,613
16774,plan_16774,718213,train,2773
16775,plan_16775,720556,train,11966
16776,plan_16776,720644,train,7635
16777,plan_16777,723939,train,5636
16778,plan_16778,723948,train,720
16779,plan_16779,725113,train,5614
16780,plan_16780,725969,train,13413
16781,plan_16781,726822,test,150
16782,plan_16782,734565,test,1780
16783,plan_16783,737846,train,5557
16784,plan_16784,738720,train,10624
16785,plan_16785,739717,train,1194
16786,plan_16786,739966,train,12030
16787,plan_16787,740255,train,2500
16788,plan_16788,742039,train,9466
16789,plan_16789,742412,test,189
16790,plan_16790,742848,train,5509
16791,plan_16791,744333,train,1463
16792,plan_16792,745239,test,527
16793,plan_16793,745414,train,4620
16794,plan_16794,747453,train,10896
16795,plan_16795,749468,train,3601
16796,plan_16796,755383,test,2256
16797,plan_16797,755674,train,4238
16798,plan_16798,757193,train,12570
16799,plan_16799,757246,train,13251
16800,plan_16800,757629,train,2254
16801,plan_16801,757685,train,1525
16802,plan_16802,757924,train,2577
16803,plan_16803,758589,train,8191
16804,plan_16804,758765,train,1445
16805,plan_16805,759104,train,5131
16806,plan_16806,760626,train,4837
16807,plan_16807,765678,train,9703
16808,plan_16808,766833,test,1964
16809,plan_16809,767678,train,6887
16810,plan_16810,768169,train,2147
16811,plan_16811,768854,train,6096
16812,plan_16812,768891,train,10463
16813,plan_16813,769737,train,12771
16814,plan_16814,771590,train,13527
16815,plan_16815,772741,train,10825
16816,plan_16816,775981,train,665
16817,plan_16817,777558,train,12155
16818,plan_16818,778428,train,2678
16819,plan_16819,780776,train,1202
16820,plan_16820,781403,train,5862
16821,plan_16821,781571,train,1854
16822,plan_16822,782139,test,2209
16823,plan_16823,783823,test,462
16824,plan_16824,784607,train,6496
16825,plan_16825,785436,train,376
16826,plan_16826,786385,train,5907
16827,plan_16827,787326,train,7865
16828,plan_16828,787923,train,5879
16829,plan_16829,790855,test,1414
16830,plan_16830,791798,train,14429
16831,plan_16831,794622,train,13901
16832,plan_16832,794769,test,1800
16833,plan_16833,795612,train,13214
16834,plan_16834,795928,train,3216
16835,plan_16835,799287,train,12364
16836,plan_16836,800305,train,514
16837,plan_16837,802667,train,7911
16838,plan_16838,803787,train,2026
16839,plan_16839,805448,train,12431
16840,plan_16840,805511,train,4550
16841,plan_16841,805668,train,11768
16842,plan_16842,809570,train,2522
16843,plan_16843,812526,train,904
16844,plan_16844,813328,train,6118
16845,plan_16845,813341,test,1023
16846,plan_16846,813390,test,932
16847,plan_16847,814281,test,877
16848,plan_16848,817269,train,11784
16849,plan_16849,818605,train,11133
16850,plan_16850,820184,train,8459
16851,plan_16851,820892,train,11014
16852,plan_16852,823811,train,5047
16853,plan_16853,824042,train,13721
16854,plan_16854,824156,train,14363
16855,plan_16855,825391,test,223
16856,plan_16856,827120,train,8369
16857,plan_16857,827744,train,1105
16858,plan_16858,829884,train,4852
16859,plan_16859,831059,train,3206
16860,plan_16860,832052,train,2369
16861,plan_16861,832614,train,2180
16862,plan_16862,833247,train,12500
16863,plan_16863,833442,train,2762
16864,plan_16864,835901,train,8877
16865,plan_16865,836996,test,810
16866,plan_16866,838253,train,12752
16867,plan_16867,838797,test,1038
16868,plan_16868,840058,train,8720
16869,plan_16869,841521,train,12
16870,plan_16870,843788,test,762
16871,plan_16871,844007,test,83
16872,plan_16872,845279,train,4817
16873,plan_16873,845957,train,14103
16874,plan_16874,847006,test,292
16875,plan_16875,847581,train,10845
16876,plan_16876,848022,train,14290
16877,plan_16877,849747,train,12339
16878,plan_16878,853448,test,1770
16879,plan_16879,855303,train,1252
16880,plan_16880,857168,train,6046
16881,plan_16881,857537,train,4709
16882,plan_16882,860053,train,977
16883,plan_16883,861319,train,75
16884,plan_16884,862400,train,8571
16885,plan_16885,862538,train,7633
16886,plan_16886,862712,train,12191
16887,plan_16887,863214,train,3289
16888,plan_16888,865179,train,844
16889,plan_16889,867460,train,112
16890,plan_16890,868043,train,4414
16891,plan_16891,870571,train,7139
16892,plan_16892,876513,train,10208
16893,plan_16893,877572,train,6250
16894,plan_16894,882354,train,4007
16895,plan_16895,882824,test,918
16896,plan_16896,883041,train,13731
16897,plan_16897,883618,train,9444
16898,plan_16898,884056,train,3973
16899,plan_16899,884309,train,7266
16900,plan_16900,888295,train,13863
16901,plan_16901,890170,train,12218
16902,plan_16902,891030,test,2406
16903,plan_16903,891638,train,14324
16904,plan_16904,894139,train,2404
16905,plan_16905,896907,train,396
16906,plan_16906,896922,train,5034
16907,plan_16907,897143,train,6957
16908,plan_16908,898207,train,4889
16909,plan_16909,899787,train,11063
16910,plan_16910,900441,train,6027
16911,plan_16911,900581,train,8777
16912,plan_16912,903531,test,2055
16913,plan_16913,904214,train,10976
16914,plan_16914,906306,train,919
16915,plan_16915,906527,test,2117
16916,plan_16916,906814,train,746
16917,plan_16917,908903,test,1744
16918,plan_16918,909676,train,1848
16919,plan_16919,912085,test,796
16920,plan_16920,913373,train,2543
16921,plan_16921,913875,train,436
16922,plan_16922,915573,test,289
16923,plan_16923,915809,train,11651
16924,plan_16924,916232,train,6516
16925,plan_16925,918011,train,12823
16926,plan_16926,918665,train,10406
16927,plan_16927,922733,test,1806
16928,plan_16928,922974,train,11316
16929,plan_16929,923975,train,6212
16930,plan_16930,925013,train,7814
16931,plan_16931,925981,train,969
16932,plan_16932,926236,train,1965
16933,plan_16933,926918,train,8510
16934,plan_16934,929130,train,1642
16935,plan_16935,929504,train,7041
16936,plan_16936,929822,test,999
16937,plan_16937,931450,test,948
16938,plan_16938,933551,train,6206
16939,plan_16939,934908,train,6005
16940,plan_16940,936433,train,5987
16941,plan_16941,937302,train,12604
16942,plan_16942,938338,train,8646
16943,plan_16943,940247,train,1245
16944,plan_16944,941204,train,13445
16945,plan_16945,941814,train,6740
16946,plan_16946,944151,train,2757
16947,plan_16947,945742,train,9000
16948,plan_16948,946432,train,6475
16949,plan_16949,947272,train,9194
16950,plan_16950,948799,train,7637
16951,plan_16951,949153,train,10446
16952,plan_16952,950360,train,5854
16953,plan_16953,950916,train,12124
16954,plan_16954,952547,test,1030
16955,plan_16955,956572,train,3396
16956,plan_16956,958130,train,4424
16957,plan_16957,958179,train,9589
16958,plan_16958,961574,train,2906
16959,plan_16959,962050,train,6701
16960,plan_16960,963355,train,5344
16961,plan_16961,965401,train,13191
16962,plan_16962,966120,train,12445
16963,plan_16963,966785,train,8774
16964,plan_16964,967611,train,6354
16965,plan_16965,969032,train,11433
16966,plan_16966,970720,train,13844
16967,plan_16967,970813,train,355
16968,plan_16968,971415,train,11574
16969,plan_16969,973294,train,4664
16970,plan_16970,974190,train,12509
16971,plan_16971,975136,train,11327
16972,plan_16972,975271,train,1083
16973,plan_16973,975467,train,1524
16974,plan_16974,979827,train,10928
16975,plan_16975,981334,train,6420
16976,plan_16976,982277,train,10140
16977,plan_16977,983456,train,8284
16978,plan_16978,983794,train,9803
16979,plan_16979,985447,train,8354
16980,plan_16980,986088,train,10483
16981,plan_16981,986392,train,6690
16982,plan_16982,986438,train,5802
16983,plan_16983,986827,train,8451
16984,plan_16984,987204,train,1175
16985,plan_16985,988456,train,4898
16986,plan_16986,989079,train,9371
16987,plan_16987,990429,train,11107
16988,plan_16988,990598,train,13169
16989,plan_16989,992247,train,8380
16990,plan_16990,992400,test,2414
16991,plan_16991,992717,train,5152
16992,plan_16992,993085,train,10731
16993,plan_16993,997004,train,3638
16994,plan_16994,998348,train,13232
16995,plan_16995,999398,test,2130
